Date,Platform,Campaign,Spend,Revenue,Clicks,Impressions,Conversions
2024-04-24,Facebook Ads,Retargeting,4134.82,23973.14,572,13040,39
2024-04-24,Google Ads,Brand Search,939.52,2852.69,698,8576,22
2024-04-24,Snapchat Ads,Prospecting,6326.29,19005.68,453,2285,25
2024-04-24,Pinterest Ads,Awareness,1732.0,11017.23,557,10912,29
2024-04-24,Tiktok Ads,Video,3251.74,14229.48,332,5039,37
2024-04-24,Affiliate,Affiliation,636.4,926.76,428,11020,28
2024-04-24,Liveintent,Email,337.44,1548.29,320,5517,9
2024-04-24,Criteo,Display Retargeting,4687.64,17676.47,338,5844,25
2024-04-24,Microsoft Ads,Search,1199.47,8162.89,412,4757,33
2024-04-25,Facebook Ads,Retargeting,1889.97,9519.86,396,10541,16
2024-04-25,Google Ads,Brand Search,5468.84,17496.9,484,8595,18
2024-04-25,Snapchat Ads,Prospecting,6111.66,22722.69,416,7637,23
2024-04-25,Pinterest Ads,Awareness,665.29,2364.91,561,6705,13
2024-04-25,Tiktok Ads,Video,1782.06,15474.32,670,8350,21
2024-04-25,Affiliate,Affiliation,311.93,2088.88,345,2849,18
2024-04-25,Liveintent,Email,2959.54,19649.13,440,7383,23
2024-04-25,Criteo,Display Retargeting,2119.8,16499.76,541,10572,13
2024-04-25,Microsoft Ads,Search,8944.99,31664.35,734,6142,61
2024-04-26,Facebook Ads,Retargeting,164.08,1553.02,343,3429,27
2024-04-26,Google Ads,Brand Search,396.87,1037.14,260,7195,7
2024-04-26,Snapchat Ads,Prospecting,1415.03,7522.51,588,14268,26
2024-04-26,Pinterest Ads,Awareness,1015.07,8535.05,286,5393,20
2024-04-26,Tiktok Ads,Video,1317.09,5892.77,651,8161,52
2024-04-26,Affiliate,Affiliation,11168.6,46087.75,621,5925,21
2024-04-26,Liveintent,Email,1817.28,8588.86,425,10734,40
2024-04-26,Criteo,Display Retargeting,1500.09,6599.48,304,3286,13
2024-04-26,Microsoft Ads,Search,8230.47,21813.09,595,5891,35
2024-04-27,Facebook Ads,Retargeting,3214.83,14456.82,588,5610,28
2024-04-27,Google Ads,Brand Search,8039.19,25633.44,687,9319,42
2024-04-27,Snapchat Ads,Prospecting,193.72,1161.15,529,9710,16
2024-04-27,Pinterest Ads,Awareness,2719.52,11719.05,264,5814,24
2024-04-27,Tiktok Ads,Video,110.92,433.24,486,8983,10
2024-04-27,Affiliate,Affiliation,247.38,1288.99,584,7151,36
2024-04-27,Liveintent,Email,13283.51,41426.05,348,5560,29
2024-04-27,Criteo,Display Retargeting,603.02,3441.63,435,4021,10
2024-04-27,Microsoft Ads,Search,2707.12,12092.8,249,3729,31
2024-04-28,Facebook Ads,Retargeting,1558.12,3352.19,276,4110,24
2024-04-28,Google Ads,Brand Search,945.99,3634.96,421,13379,34
2024-04-28,Snapchat Ads,Prospecting,5606.1,36015.67,467,5088,36
2024-04-28,Pinterest Ads,Awareness,61.94,270.4,552,16669,15
2024-04-28,Tiktok Ads,Video,1839.82,8807.39,311,3281,8
2024-04-28,Affiliate,Affiliation,9113.82,31034.5,329,7594,31
2024-04-28,Liveintent,Email,997.02,10335.77,550,9261,32
2024-04-28,Criteo,Display Retargeting,9486.06,21348.83,322,11100,13
2024-04-28,Microsoft Ads,Search,157.73,784.37,584,12182,25
2024-04-29,Facebook Ads,Retargeting,1800.8,9574.17,230,5628,14
2024-04-29,Google Ads,Brand Search,847.84,2125.11,410,9010,20
2024-04-29,Snapchat Ads,Prospecting,5852.7,13243.69,625,7837,21
2024-04-29,Pinterest Ads,Awareness,11837.96,68087.46,390,12861,19
2024-04-29,Tiktok Ads,Video,898.38,4205.56,284,4606,11
2024-04-29,Affiliate,Affiliation,1394.96,18633.15,551,7448,21
2024-04-29,Liveintent,Email,551.76,3770.66,470,11205,36
2024-04-29,Criteo,Display Retargeting,2456.41,11018.93,499,8419,37
2024-04-29,Microsoft Ads,Search,1830.81,11689.16,581,5978,40
2024-04-30,Facebook Ads,Retargeting,11080.72,38154.31,349,2810,15
2024-04-30,Google Ads,Brand Search,1846.33,9269.03,398,5946,24
2024-04-30,Snapchat Ads,Prospecting,1356.54,7273.37,417,11769,14
2024-04-30,Pinterest Ads,Awareness,245.88,2052.89,341,9874,21
2024-04-30,Tiktok Ads,Video,397.74,1789.25,328,7737,12
2024-04-30,Affiliate,Affiliation,671.96,3047.77,691,10414,16
2024-04-30,Liveintent,Email,775.82,3260.87,549,6738,52
2024-04-30,Criteo,Display Retargeting,3675.8,27587.11,425,5107,36
2024-04-30,Microsoft Ads,Search,1520.18,14367.31,407,5684,42
2024-05-01,Facebook Ads,Retargeting,3628.91,14599.07,529,6883,18
2024-05-01,Google Ads,Brand Search,514.13,2699.93,309,4596,20
2024-05-01,Snapchat Ads,Prospecting,10172.52,41132.22,309,6078,37
2024-05-01,Pinterest Ads,Awareness,4750.57,33395.47,483,8832,52
2024-05-01,Tiktok Ads,Video,284.59,1677.39,287,4308,6
2024-05-01,Affiliate,Affiliation,5175.8,26675.08,588,11322,16
2024-05-01,Liveintent,Email,3001.68,14411.7,407,4093,26
2024-05-01,Criteo,Display Retargeting,310.39,1547.25,388,10787,34
2024-05-01,Microsoft Ads,Search,1764.31,15300.35,600,12286,54
2024-05-02,Facebook Ads,Retargeting,1849.98,4865.34,256,5376,24
2024-05-02,Google Ads,Brand Search,407.65,1592.02,430,6687,18
2024-05-02,Snapchat Ads,Prospecting,8298.26,39674.79,632,5072,20
2024-05-02,Pinterest Ads,Awareness,4611.81,13400.7,561,5047,13
2024-05-02,Tiktok Ads,Video,4005.07,14100.51,280,10455,31
2024-05-02,Affiliate,Affiliation,1606.77,6561.64,357,3367,14
2024-05-02,Liveintent,Email,1509.35,6444.84,386,3149,30
2024-05-02,Criteo,Display Retargeting,3034.83,8713.93,601,9746,39
2024-05-02,Microsoft Ads,Search,2425.17,12908.28,327,5233,19
2024-05-03,Facebook Ads,Retargeting,326.9,1543.39,385,8228,12
2024-05-03,Google Ads,Brand Search,2121.68,21565.49,437,4476,28
2024-05-03,Snapchat Ads,Prospecting,7632.18,30843.99,319,7719,15
2024-05-03,Pinterest Ads,Awareness,3496.47,14312.12,360,8395,15
2024-05-03,Tiktok Ads,Video,315.73,1013.24,422,6326,19
2024-05-03,Affiliate,Affiliation,6111.44,51879.13,383,6377,11
2024-05-03,Liveintent,Email,1218.68,4213.88,599,5687,17
2024-05-03,Criteo,Display Retargeting,2393.31,8645.46,818,18250,48
2024-05-03,Microsoft Ads,Search,774.91,3375.4,238,3124,10
2024-05-04,Facebook Ads,Retargeting,548.64,5614.34,381,8792,27
2024-05-04,Google Ads,Brand Search,4326.15,27803.42,352,9297,16
2024-05-04,Snapchat Ads,Prospecting,2040.34,9739.16,449,10587,32
2024-05-04,Pinterest Ads,Awareness,778.55,3070.74,565,16564,20
2024-05-04,Tiktok Ads,Video,6779.03,18696.55,463,6800,24
2024-05-04,Affiliate,Affiliation,6941.18,23673.65,331,7288,16
2024-05-04,Liveintent,Email,5467.03,29131.79,134,3465,7
2024-05-04,Criteo,Display Retargeting,509.8,3289.49,237,7095,13
2024-05-04,Microsoft Ads,Search,1771.99,8355.68,648,3617,24
2024-05-05,Facebook Ads,Retargeting,12819.81,51208.3,621,5220,14
2024-05-05,Google Ads,Brand Search,4152.53,24296.45,635,5517,28
2024-05-05,Snapchat Ads,Prospecting,57.79,426.69,540,5446,23
2024-05-05,Pinterest Ads,Awareness,255.75,627.92,287,9265,18
2024-05-05,Tiktok Ads,Video,1788.85,9096.8,320,2143,11
2024-05-05,Affiliate,Affiliation,4926.88,46152.32,160,5505,9
2024-05-05,Liveintent,Email,1970.87,13447.37,545,15729,42
2024-05-05,Criteo,Display Retargeting,1258.53,5980.96,699,11442,37
2024-05-05,Microsoft Ads,Search,292.31,1458.85,525,15537,24
2024-05-06,Facebook Ads,Retargeting,2978.41,10563.57,531,5250,13
2024-05-06,Google Ads,Brand Search,5673.27,22972.25,474,6618,36
2024-05-06,Snapchat Ads,Prospecting,1722.41,5196.9,489,4224,24
2024-05-06,Pinterest Ads,Awareness,4208.54,16684.22,422,6597,25
2024-05-06,Tiktok Ads,Video,12090.74,48799.85,496,6388,31
2024-05-06,Affiliate,Affiliation,639.93,3093.8,238,5063,14
2024-05-06,Liveintent,Email,2484.47,11445.17,333,5095,23
2024-05-06,Criteo,Display Retargeting,860.33,3858.75,541,18465,20
2024-05-06,Microsoft Ads,Search,4470.42,22875.95,417,11501,18
2024-05-07,Facebook Ads,Retargeting,2687.08,10313.18,379,7157,25
2024-05-07,Google Ads,Brand Search,2485.3,9635.85,308,8041,14
2024-05-07,Snapchat Ads,Prospecting,4586.02,13625.3,579,3094,42
2024-05-07,Pinterest Ads,Awareness,1285.67,4702.03,532,14431,44
2024-05-07,Tiktok Ads,Video,5620.16,21617.58,433,6695,27
2024-05-07,Affiliate,Affiliation,2157.16,6265.27,358,5524,25
2024-05-07,Liveintent,Email,180.35,1990.38,394,9857,14
2024-05-07,Criteo,Display Retargeting,2421.79,21044.21,229,2416,11
2024-05-07,Microsoft Ads,Search,3435.73,17201.99,354,6679,18
2024-05-08,Facebook Ads,Retargeting,640.37,3808.68,313,2664,10
2024-05-08,Google Ads,Brand Search,4085.14,21579.92,418,9850,48
2024-05-08,Snapchat Ads,Prospecting,6352.68,25665.8,527,10183,39
2024-05-08,Pinterest Ads,Awareness,932.36,4446.8,554,10362,45
2024-05-08,Tiktok Ads,Video,8760.23,49611.07,273,4959,19
2024-05-08,Affiliate,Affiliation,350.04,2026.08,516,9471,31
2024-05-08,Liveintent,Email,448.69,2707.24,601,12904,25
2024-05-08,Criteo,Display Retargeting,358.18,2391.65,420,5177,29
2024-05-08,Microsoft Ads,Search,4314.09,25508.43,358,7088,14
2024-05-09,Facebook Ads,Retargeting,2300.32,14710.16,451,8711,30
2024-05-09,Google Ads,Brand Search,349.44,1608.86,393,9831,25
2024-05-09,Snapchat Ads,Prospecting,1373.92,5697.91,167,3949,9
2024-05-09,Pinterest Ads,Awareness,1601.68,13171.23,376,7864,18
2024-05-09,Tiktok Ads,Video,288.55,878.52,492,11353,24
2024-05-09,Affiliate,Affiliation,6855.79,19577.28,352,3086,27
2024-05-09,Liveintent,Email,3500.26,14113.02,388,7677,39
2024-05-09,Criteo,Display Retargeting,1591.41,8095.5,472,6492,47
2024-05-09,Microsoft Ads,Search,3341.36,27644.95,545,3867,29
2024-05-10,Facebook Ads,Retargeting,1299.1,4961.77,597,8486,15
2024-05-10,Google Ads,Brand Search,10926.83,44242.43,558,10141,46
2024-05-10,Snapchat Ads,Prospecting,2573.85,14418.97,280,3581,9
2024-05-10,Pinterest Ads,Awareness,2416.8,8326.63,615,7060,45
2024-05-10,Tiktok Ads,Video,373.23,1607.66,667,9293,13
2024-05-10,Affiliate,Affiliation,4142.99,21498.97,325,8803,17
2024-05-10,Liveintent,Email,1251.64,4396.23,338,2799,15
2024-05-10,Criteo,Display Retargeting,432.89,2666.38,266,5500,14
2024-05-10,Microsoft Ads,Search,25.04,109.64,366,10066,40
2024-05-11,Facebook Ads,Retargeting,2278.38,11284.87,527,5821,39
2024-05-11,Google Ads,Brand Search,2042.99,8616.13,624,10834,22
2024-05-11,Snapchat Ads,Prospecting,3188.64,11774.99,369,5990,27
2024-05-11,Pinterest Ads,Awareness,5151.38,23202.62,378,5996,19
2024-05-11,Tiktok Ads,Video,243.49,763.93,579,6032,23
2024-05-11,Affiliate,Affiliation,3524.22,13073.78,272,3855,21
2024-05-11,Liveintent,Email,306.83,2431.51,675,11463,41
2024-05-11,Criteo,Display Retargeting,3726.66,33943.05,285,3982,16
2024-05-11,Microsoft Ads,Search,5539.06,12562.95,350,4254,21
2024-05-12,Facebook Ads,Retargeting,4083.41,16545.34,423,5724,28
2024-05-12,Google Ads,Brand Search,3399.89,16969.62,728,6045,37
2024-05-12,Snapchat Ads,Prospecting,1755.18,6135.79,500,8912,18
2024-05-12,Pinterest Ads,Awareness,2007.06,11479.55,269,7520,24
2024-05-12,Tiktok Ads,Video,6896.65,24185.73,359,6447,13
2024-05-12,Affiliate,Affiliation,1980.9,12865.37,498,4782,47
2024-05-12,Liveintent,Email,1023.76,5345.31,408,3986,32
2024-05-12,Criteo,Display Retargeting,2761.58,11702.28,197,6464,10
2024-05-12,Microsoft Ads,Search,6236.42,34374.09,327,4312,32
2024-05-13,Facebook Ads,Retargeting,2055.94,8821.71,298,6774,16
2024-05-13,Google Ads,Brand Search,1100.57,3487.99,202,3996,18
2024-05-13,Snapchat Ads,Prospecting,9447.83,42470.57,387,5564,27
2024-05-13,Pinterest Ads,Awareness,11471.39,30451.19,371,8851,43
2024-05-13,Tiktok Ads,Video,575.8,1137.3,432,4425,23
2024-05-13,Affiliate,Affiliation,1042.47,3123.11,365,8688,9
2024-05-13,Liveintent,Email,815.47,4397.35,406,8595,13
2024-05-13,Criteo,Display Retargeting,2143.51,9928.81,744,10050,46
2024-05-13,Microsoft Ads,Search,2923.61,16686.45,412,10047,36
2024-05-14,Facebook Ads,Retargeting,4121.14,21879.58,414,6793,19
2024-05-14,Google Ads,Brand Search,2954.38,14013.08,513,18068,23
2024-05-14,Snapchat Ads,Prospecting,2263.6,11321.76,556,9755,17
2024-05-14,Pinterest Ads,Awareness,1042.56,5660.41,587,6013,16
2024-05-14,Tiktok Ads,Video,3941.6,23155.17,361,6221,23
2024-05-14,Affiliate,Affiliation,1701.42,11477.75,405,12435,40
2024-05-14,Liveintent,Email,7066.17,37205.22,338,5973,25
2024-05-14,Criteo,Display Retargeting,2318.52,10731.76,441,11248,30
2024-05-14,Microsoft Ads,Search,478.12,2205.07,430,5055,59
2024-05-15,Facebook Ads,Retargeting,4969.46,17990.8,372,3544,25
2024-05-15,Google Ads,Brand Search,2029.19,8868.0,587,13246,58
2024-05-15,Snapchat Ads,Prospecting,5723.03,14628.22,604,14200,12
2024-05-15,Pinterest Ads,Awareness,247.55,1001.36,424,13877,26
2024-05-15,Tiktok Ads,Video,832.8,2720.58,420,6103,20
2024-05-15,Affiliate,Affiliation,8462.91,31438.29,404,10501,51
2024-05-15,Liveintent,Email,700.53,5279.43,265,5753,12
2024-05-15,Criteo,Display Retargeting,8446.13,34361.47,228,4869,22
2024-05-15,Microsoft Ads,Search,1304.17,6800.95,510,10516,31
2024-05-16,Facebook Ads,Retargeting,4360.76,19810.16,227,5096,9
2024-05-16,Google Ads,Brand Search,4271.9,18788.33,555,5826,31
2024-05-16,Snapchat Ads,Prospecting,3170.03,11752.48,289,6902,22
2024-05-16,Pinterest Ads,Awareness,1381.87,5215.97,466,8654,19
2024-05-16,Tiktok Ads,Video,655.8,4218.59,354,7293,27
2024-05-16,Affiliate,Affiliation,123.37,719.06,305,6193,20
2024-05-16,Liveintent,Email,1062.36,6217.14,426,6045,27
2024-05-16,Criteo,Display Retargeting,3795.57,19381.22,283,3250,34
2024-05-16,Microsoft Ads,Search,11920.53,58146.13,498,6145,40
2024-05-17,Facebook Ads,Retargeting,3407.21,26612.28,282,5093,11
2024-05-17,Google Ads,Brand Search,4297.97,15803.12,527,7137,17
2024-05-17,Snapchat Ads,Prospecting,3646.13,22985.36,207,2714,18
2024-05-17,Pinterest Ads,Awareness,2623.65,11427.62,630,8039,45
2024-05-17,Tiktok Ads,Video,881.39,4062.39,681,5892,29
2024-05-17,Affiliate,Affiliation,5929.82,34148.32,448,9134,27
2024-05-17,Liveintent,Email,2596.47,12951.23,259,4274,8
2024-05-17,Criteo,Display Retargeting,1426.24,7354.54,407,6291,18
2024-05-17,Microsoft Ads,Search,376.83,1464.79,408,5916,16
2024-05-18,Facebook Ads,Retargeting,2232.57,11849.93,537,5745,29
2024-05-18,Google Ads,Brand Search,2369.23,6356.8,650,6500,18
2024-05-18,Snapchat Ads,Prospecting,6587.56,23486.29,451,7075,51
2024-05-18,Pinterest Ads,Awareness,2636.19,9841.27,698,5290,57
2024-05-18,Tiktok Ads,Video,1683.87,7390.08,386,5812,22
2024-05-18,Affiliate,Affiliation,9018.45,66082.52,417,8097,28
2024-05-18,Liveintent,Email,348.3,1600.04,259,4619,14
2024-05-18,Criteo,Display Retargeting,1765.71,7302.26,262,2853,18
2024-05-18,Microsoft Ads,Search,88.32,612.43,266,7563,24
2024-05-19,Facebook Ads,Retargeting,2271.94,10893.65,504,4945,12
2024-05-19,Google Ads,Brand Search,5694.78,18347.13,547,14806,16
2024-05-19,Snapchat Ads,Prospecting,751.35,3028.35,458,4140,28
2024-05-19,Pinterest Ads,Awareness,3496.8,8690.79,169,5054,18
2024-05-19,Tiktok Ads,Video,775.69,2397.12,701,12018,35
2024-05-19,Affiliate,Affiliation,3490.22,23696.8,320,5523,15
2024-05-19,Liveintent,Email,3361.53,13817.89,603,4946,45
2024-05-19,Criteo,Display Retargeting,3685.57,15574.49,305,3935,9
2024-05-19,Microsoft Ads,Search,31.03,211.04,419,11036,32
2024-05-20,Facebook Ads,Retargeting,8401.65,29438.85,448,11459,19
2024-05-20,Google Ads,Brand Search,2897.24,14916.23,257,6490,7
2024-05-20,Snapchat Ads,Prospecting,507.04,3753.13,351,5957,14
2024-05-20,Pinterest Ads,Awareness,3691.83,16852.62,497,9029,29
2024-05-20,Tiktok Ads,Video,628.86,3882.99,489,5084,47
2024-05-20,Affiliate,Affiliation,4418.76,16098.54,583,7454,10
2024-05-20,Liveintent,Email,306.82,1312.3,374,6220,26
2024-05-20,Criteo,Display Retargeting,1886.2,14148.13,539,4158,10
2024-05-20,Microsoft Ads,Search,1697.27,4760.49,770,7777,34
2024-05-21,Facebook Ads,Retargeting,648.7,3631.64,308,5479,24
2024-05-21,Google Ads,Brand Search,1312.66,6972.17,657,12576,32
2024-05-21,Snapchat Ads,Prospecting,69.17,338.71,644,22622,36
2024-05-21,Pinterest Ads,Awareness,4200.96,16679.67,327,5455,12
2024-05-21,Tiktok Ads,Video,2886.1,7618.86,300,3030,19
2024-05-21,Affiliate,Affiliation,5168.41,16888.6,336,8877,12
2024-05-21,Liveintent,Email,2087.46,9242.78,441,8857,37
2024-05-21,Criteo,Display Retargeting,2258.72,14878.53,352,6695,8
2024-05-21,Microsoft Ads,Search,7077.51,23520.04,466,4475,13
2024-05-22,Facebook Ads,Retargeting,173.66,435.57,779,12775,42
2024-05-22,Google Ads,Brand Search,7963.33,26327.79,318,8127,25
2024-05-22,Snapchat Ads,Prospecting,5255.05,27394.55,281,4600,22
2024-05-22,Pinterest Ads,Awareness,2553.33,22434.85,270,5183,16
2024-05-22,Tiktok Ads,Video,2831.19,6118.57,278,6628,27
2024-05-22,Affiliate,Affiliation,6858.36,28063.28,444,2532,20
2024-05-22,Liveintent,Email,569.32,3511.44,553,8260,23
2024-05-22,Criteo,Display Retargeting,276.27,1260.1,182,7355,23
2024-05-22,Microsoft Ads,Search,752.45,4334.83,327,2586,13
2024-05-23,Facebook Ads,Retargeting,2263.87,17745.17,384,7378,46
2024-05-23,Google Ads,Brand Search,68.17,434.23,586,7416,13
2024-05-23,Snapchat Ads,Prospecting,1309.09,12671.75,371,6454,26
2024-05-23,Pinterest Ads,Awareness,11327.09,46119.74,447,5811,28
2024-05-23,Tiktok Ads,Video,4767.89,15758.85,327,6925,34
2024-05-23,Affiliate,Affiliation,1491.03,7100.51,610,5403,35
2024-05-23,Liveintent,Email,186.5,544.45,521,9411,41
2024-05-23,Criteo,Display Retargeting,6007.69,24309.94,471,2687,15
2024-05-23,Microsoft Ads,Search,2285.46,9791.86,359,8085,13
2024-05-24,Facebook Ads,Retargeting,333.12,1237.45,277,5422,16
2024-05-24,Google Ads,Brand Search,328.82,1052.94,358,7818,11
2024-05-24,Snapchat Ads,Prospecting,5972.16,25328.93,609,6052,54
2024-05-24,Pinterest Ads,Awareness,2163.5,10000.39,453,7905,36
2024-05-24,Tiktok Ads,Video,4542.85,19381.23,286,4403,19
2024-05-24,Affiliate,Affiliation,3740.31,22735.57,520,5917,18
2024-05-24,Liveintent,Email,2378.18,7644.17,327,7164,9
2024-05-24,Criteo,Display Retargeting,1618.62,8235.67,499,9885,27
2024-05-24,Microsoft Ads,Search,1057.42,6079.93,465,6789,17
2024-05-25,Facebook Ads,Retargeting,1235.51,7792.9,452,4023,34
2024-05-25,Google Ads,Brand Search,1906.27,9753.6,371,7603,11
2024-05-25,Snapchat Ads,Prospecting,6493.44,23514.24,371,3742,12
2024-05-25,Pinterest Ads,Awareness,3785.13,13352.28,477,10157,59
2024-05-25,Tiktok Ads,Video,7941.96,28681.43,499,9907,16
2024-05-25,Affiliate,Affiliation,1965.07,10084.45,287,3181,15
2024-05-25,Liveintent,Email,3410.27,12243.38,333,7571,17
2024-05-25,Criteo,Display Retargeting,3432.79,15652.45,488,10252,35
2024-05-25,Microsoft Ads,Search,3369.46,18689.16,334,9115,33
2024-05-26,Facebook Ads,Retargeting,3375.14,15515.27,235,13907,24
2024-05-26,Google Ads,Brand Search,1183.06,4425.5,594,12120,33
2024-05-26,Snapchat Ads,Prospecting,2879.92,10829.91,497,5950,23
2024-05-26,Pinterest Ads,Awareness,413.24,1726.62,355,6610,19
2024-05-26,Tiktok Ads,Video,1617.19,9996.35,548,5832,28
2024-05-26,Affiliate,Affiliation,2556.38,12245.72,389,6973,11
2024-05-26,Liveintent,Email,4180.84,17951.9,343,3443,23
2024-05-26,Criteo,Display Retargeting,9888.16,50219.95,433,12218,19
2024-05-26,Microsoft Ads,Search,2643.96,16504.48,413,6486,18
2024-05-27,Facebook Ads,Retargeting,10589.38,27730.62,415,3228,26
2024-05-27,Google Ads,Brand Search,5374.32,26143.98,453,8019,23
2024-05-27,Snapchat Ads,Prospecting,3439.78,23490.7,544,2655,10
2024-05-27,Pinterest Ads,Awareness,549.93,1608.43,349,4773,41
2024-05-27,Tiktok Ads,Video,1832.38,6881.68,389,6674,10
2024-05-27,Affiliate,Affiliation,3084.39,14263.96,409,6476,15
2024-05-27,Liveintent,Email,4565.06,18119.3,268,7248,24
2024-05-27,Criteo,Display Retargeting,259.35,1548.88,332,5580,16
2024-05-27,Microsoft Ads,Search,1212.66,4118.75,587,5163,15
2024-05-28,Facebook Ads,Retargeting,840.66,4105.58,395,4329,18
2024-05-28,Google Ads,Brand Search,8369.5,60738.05,419,6471,28
2024-05-28,Snapchat Ads,Prospecting,1490.09,6278.39,449,9712,18
2024-05-28,Pinterest Ads,Awareness,3316.86,10324.93,337,2815,25
2024-05-28,Tiktok Ads,Video,506.81,3242.05,348,5414,14
2024-05-28,Affiliate,Affiliation,2829.0,14224.09,475,6965,33
2024-05-28,Liveintent,Email,1114.51,3642.36,601,11363,21
2024-05-28,Criteo,Display Retargeting,661.75,3661.07,469,14484,21
2024-05-28,Microsoft Ads,Search,2344.12,6436.64,400,7865,22
2024-05-29,Facebook Ads,Retargeting,32.49,152.31,616,6531,30
2024-05-29,Google Ads,Brand Search,55.11,227.43,259,6995,21
2024-05-29,Snapchat Ads,Prospecting,1591.26,8299.64,374,6806,20
2024-05-29,Pinterest Ads,Awareness,299.65,852.38,381,12493,15
2024-05-29,Tiktok Ads,Video,803.17,3157.91,553,7269,23
2024-05-29,Affiliate,Affiliation,2781.1,8426.79,278,7089,24
2024-05-29,Liveintent,Email,13068.03,44810.63,555,11829,27
2024-05-29,Criteo,Display Retargeting,5796.14,41834.14,611,5539,57
2024-05-29,Microsoft Ads,Search,4599.81,23553.4,640,7923,24
2024-05-30,Facebook Ads,Retargeting,1180.61,4133.5,525,4941,43
2024-05-30,Google Ads,Brand Search,7799.89,30927.23,645,8855,13
2024-05-30,Snapchat Ads,Prospecting,1787.15,9384.9,283,5472,13
2024-05-30,Pinterest Ads,Awareness,315.56,1138.95,302,8455,39
2024-05-30,Tiktok Ads,Video,4588.31,11439.87,536,8703,32
2024-05-30,Affiliate,Affiliation,342.99,1961.06,420,8998,26
2024-05-30,Liveintent,Email,2121.67,6409.44,363,2987,19
2024-05-30,Criteo,Display Retargeting,3225.04,8904.26,403,4543,17
2024-05-30,Microsoft Ads,Search,7682.34,53192.28,300,7976,14
2024-05-31,Facebook Ads,Retargeting,1688.9,8754.21,413,7677,23
2024-05-31,Google Ads,Brand Search,3596.22,7791.81,368,5739,29
2024-05-31,Snapchat Ads,Prospecting,10808.91,64086.38,366,5073,28
2024-05-31,Pinterest Ads,Awareness,394.12,1598.06,415,5229,17
2024-05-31,Tiktok Ads,Video,1027.07,3312.3,340,11496,15
2024-05-31,Affiliate,Affiliation,1337.15,6402.2,387,7827,13
2024-05-31,Liveintent,Email,1140.45,5989.98,326,10140,12
2024-05-31,Criteo,Display Retargeting,1022.55,4349.14,216,2651,10
2024-05-31,Microsoft Ads,Search,7520.83,36261.54,554,12701,18
2024-06-01,Facebook Ads,Retargeting,3312.74,15051.8,434,4531,12
2024-06-01,Google Ads,Brand Search,2478.94,12954.5,502,6807,40
2024-06-01,Snapchat Ads,Prospecting,749.12,4919.47,281,5581,25
2024-06-01,Pinterest Ads,Awareness,4172.73,19912.76,158,5690,13
2024-06-01,Tiktok Ads,Video,9491.25,34506.12,327,10293,17
2024-06-01,Affiliate,Affiliation,4560.47,26406.18,327,5018,16
2024-06-01,Liveintent,Email,3.48,12.95,578,13994,21
2024-06-01,Criteo,Display Retargeting,3482.72,8197.79,360,5079,25
2024-06-01,Microsoft Ads,Search,130.9,543.59,391,15191,15
2024-06-02,Facebook Ads,Retargeting,1367.71,4926.64,261,3243,7
2024-06-02,Google Ads,Brand Search,424.11,2215.76,745,10686,17
2024-06-02,Snapchat Ads,Prospecting,6066.25,17448.52,295,3921,11
2024-06-02,Pinterest Ads,Awareness,5742.27,31915.1,226,6493,18
2024-06-02,Tiktok Ads,Video,640.39,5111.39,549,15436,53
2024-06-02,Affiliate,Affiliation,2087.98,14807.28,308,9181,19
2024-06-02,Liveintent,Email,3532.24,18059.15,398,7358,19
2024-06-02,Criteo,Display Retargeting,2677.27,10504.58,368,7397,12
2024-06-02,Microsoft Ads,Search,840.32,2464.73,407,4755,12
2024-06-03,Facebook Ads,Retargeting,1472.16,6064.21,572,8277,22
2024-06-03,Google Ads,Brand Search,3594.32,19735.25,508,6824,48
2024-06-03,Snapchat Ads,Prospecting,204.14,1004.09,620,14475,26
2024-06-03,Pinterest Ads,Awareness,262.96,1394.18,400,8695,19
2024-06-03,Tiktok Ads,Video,1228.25,4281.97,398,6330,14
2024-06-03,Affiliate,Affiliation,11025.44,38672.39,223,3641,17
2024-06-03,Liveintent,Email,2695.32,17226.73,502,11910,34
2024-06-03,Criteo,Display Retargeting,3758.27,12249.18,528,8416,26
2024-06-03,Microsoft Ads,Search,1361.48,5878.63,494,7664,42
2024-06-04,Facebook Ads,Retargeting,2719.53,12782.22,364,8694,21
2024-06-04,Google Ads,Brand Search,28.19,104.31,315,4176,24
2024-06-04,Snapchat Ads,Prospecting,1576.03,13932.29,374,13367,16
2024-06-04,Pinterest Ads,Awareness,4619.71,34060.24,446,10220,33
2024-06-04,Tiktok Ads,Video,1997.92,14259.63,318,4093,16
2024-06-04,Affiliate,Affiliation,4422.93,23342.76,529,6472,20
2024-06-04,Liveintent,Email,2274.66,15450.11,279,4964,18
2024-06-04,Criteo,Display Retargeting,428.33,1034.05,369,4746,27
2024-06-04,Microsoft Ads,Search,6155.14,34436.73,268,9513,38
2024-06-05,Facebook Ads,Retargeting,560.43,2527.74,395,6358,13
2024-06-05,Google Ads,Brand Search,8289.0,21479.06,328,5719,23
2024-06-05,Snapchat Ads,Prospecting,782.63,4737.06,665,15985,40
2024-06-05,Pinterest Ads,Awareness,117.27,391.17,565,8609,22
2024-06-05,Tiktok Ads,Video,4417.61,16344.47,272,3105,10
2024-06-05,Affiliate,Affiliation,3549.92,10087.63,467,10586,21
2024-06-05,Liveintent,Email,4442.46,18698.26,335,7436,30
2024-06-05,Criteo,Display Retargeting,5417.22,23038.85,357,5388,10
2024-06-05,Microsoft Ads,Search,243.81,2170.21,461,5313,26
2024-06-06,Facebook Ads,Retargeting,284.07,1486.48,630,10832,22
2024-06-06,Google Ads,Brand Search,2747.41,12040.4,456,8456,42
2024-06-06,Snapchat Ads,Prospecting,1602.72,8401.27,545,5716,36
2024-06-06,Pinterest Ads,Awareness,4456.23,19398.14,252,3748,12
2024-06-06,Tiktok Ads,Video,4433.41,10327.16,398,3139,17
2024-06-06,Affiliate,Affiliation,6634.77,24150.07,347,5871,31
2024-06-06,Liveintent,Email,4100.44,26421.08,302,4115,10
2024-06-06,Criteo,Display Retargeting,1242.27,11005.45,600,11703,30
2024-06-06,Microsoft Ads,Search,3723.32,18572.29,281,9062,39
2024-06-07,Facebook Ads,Retargeting,964.33,4065.53,645,5801,35
2024-06-07,Google Ads,Brand Search,845.02,4061.27,468,9776,41
2024-06-07,Snapchat Ads,Prospecting,4080.23,13862.92,350,7366,42
2024-06-07,Pinterest Ads,Awareness,1809.62,5025.4,387,16773,26
2024-06-07,Tiktok Ads,Video,4495.42,13186.88,303,6379,22
2024-06-07,Affiliate,Affiliation,3494.73,19342.38,733,4794,38
2024-06-07,Liveintent,Email,5142.45,32320.42,548,11475,40
2024-06-07,Criteo,Display Retargeting,8884.7,18294.44,426,7487,21
2024-06-07,Microsoft Ads,Search,1763.33,7934.28,709,12707,21
2024-06-08,Facebook Ads,Retargeting,1284.69,6932.27,640,9491,46
2024-06-08,Google Ads,Brand Search,4716.03,17050.89,319,7034,7
2024-06-08,Snapchat Ads,Prospecting,1600.34,7358.21,526,10317,48
2024-06-08,Pinterest Ads,Awareness,4973.24,29928.63,367,10044,52
2024-06-08,Tiktok Ads,Video,4783.47,31072.6,413,7274,16
2024-06-08,Affiliate,Affiliation,4265.86,29901.46,393,7585,41
2024-06-08,Liveintent,Email,1851.59,9656.84,371,3907,9
2024-06-08,Criteo,Display Retargeting,990.44,4632.69,319,6459,9
2024-06-08,Microsoft Ads,Search,2515.13,9631.68,570,7434,38
2024-06-09,Facebook Ads,Retargeting,907.8,3113.91,364,6214,13
2024-06-09,Google Ads,Brand Search,9855.1,25112.71,729,17323,34
2024-06-09,Snapchat Ads,Prospecting,1947.38,6734.25,474,7678,28
2024-06-09,Pinterest Ads,Awareness,610.04,3455.39,368,16556,23
2024-06-09,Tiktok Ads,Video,86.92,391.66,357,5621,16
2024-06-09,Affiliate,Affiliation,3809.35,27505.24,212,4093,16
2024-06-09,Liveintent,Email,1982.22,26890.35,376,4919,17
2024-06-09,Criteo,Display Retargeting,1612.56,6979.98,301,6128,11
2024-06-09,Microsoft Ads,Search,287.15,1441.38,408,6085,35
2024-06-10,Facebook Ads,Retargeting,1095.11,5693.44,655,8088,35
2024-06-10,Google Ads,Brand Search,950.45,4535.27,246,3150,15
2024-06-10,Snapchat Ads,Prospecting,3935.65,17767.49,334,2073,8
2024-06-10,Pinterest Ads,Awareness,3791.31,15441.98,295,6386,13
2024-06-10,Tiktok Ads,Video,1281.14,7687.25,430,10443,24
2024-06-10,Affiliate,Affiliation,601.34,3832.16,126,2996,13
2024-06-10,Liveintent,Email,9175.82,74119.93,408,6413,19
2024-06-10,Criteo,Display Retargeting,2211.83,7390.79,503,7564,65
2024-06-10,Microsoft Ads,Search,3694.54,26129.38,409,5257,28
2024-06-11,Facebook Ads,Retargeting,621.96,2549.21,354,3733,14
2024-06-11,Google Ads,Brand Search,3125.63,11776.48,563,11505,22
2024-06-11,Snapchat Ads,Prospecting,107.56,458.46,512,8929,43
2024-06-11,Pinterest Ads,Awareness,2941.52,12053.66,552,13500,16
2024-06-11,Tiktok Ads,Video,18210.72,71201.19,543,4669,11
2024-06-11,Affiliate,Affiliation,2224.25,8560.38,613,6582,40
2024-06-11,Liveintent,Email,155.83,622.35,240,4396,23
2024-06-11,Criteo,Display Retargeting,129.89,754.35,488,11259,22
2024-06-11,Microsoft Ads,Search,2136.45,7246.19,254,4430,16
2024-06-12,Facebook Ads,Retargeting,788.64,2267.27,529,12331,29
2024-06-12,Google Ads,Brand Search,74.53,440.27,337,3497,21
2024-06-12,Snapchat Ads,Prospecting,5590.98,19510.38,477,7607,16
2024-06-12,Pinterest Ads,Awareness,2312.8,5372.24,294,4197,11
2024-06-12,Tiktok Ads,Video,701.36,5177.2,158,8625,22
2024-06-12,Affiliate,Affiliation,6997.74,38812.34,488,11499,46
2024-06-12,Liveintent,Email,576.16,2020.16,645,4830,37
2024-06-12,Criteo,Display Retargeting,13227.83,48000.16,482,8900,24
2024-06-12,Microsoft Ads,Search,1490.29,5430.74,516,7550,13
2024-06-13,Facebook Ads,Retargeting,4351.89,15733.98,290,4267,16
2024-06-13,Google Ads,Brand Search,1350.58,8166.21,749,6196,16
2024-06-13,Snapchat Ads,Prospecting,3082.41,19828.56,386,9492,27
2024-06-13,Pinterest Ads,Awareness,5845.85,43039.22,499,9433,25
2024-06-13,Tiktok Ads,Video,572.52,1298.85,341,3066,8
2024-06-13,Affiliate,Affiliation,6175.08,16777.91,284,5292,14
2024-06-13,Liveintent,Email,1115.16,2686.83,741,11039,18
2024-06-13,Criteo,Display Retargeting,759.06,2483.24,527,8205,38
2024-06-13,Microsoft Ads,Search,548.51,3978.67,583,7979,31
2024-06-14,Facebook Ads,Retargeting,2174.27,12571.57,416,4827,40
2024-06-14,Google Ads,Brand Search,354.17,2130.24,527,7355,18
2024-06-14,Snapchat Ads,Prospecting,2052.46,12117.39,362,2683,11
2024-06-14,Pinterest Ads,Awareness,1604.26,19397.44,357,6321,20
2024-06-14,Tiktok Ads,Video,5259.14,27772.46,446,8597,41
2024-06-14,Affiliate,Affiliation,5411.28,26247.35,449,12941,35
2024-06-14,Liveintent,Email,2709.5,8888.07,223,5066,15
2024-06-14,Criteo,Display Retargeting,1298.33,5621.75,465,2504,23
2024-06-14,Microsoft Ads,Search,1105.18,4658.7,218,6687,49
2024-06-15,Facebook Ads,Retargeting,600.13,3392.88,272,6019,16
2024-06-15,Google Ads,Brand Search,227.46,1305.79,410,5736,25
2024-06-15,Snapchat Ads,Prospecting,1453.15,8157.92,344,7504,24
2024-06-15,Pinterest Ads,Awareness,1202.99,4320.08,510,6593,28
2024-06-15,Tiktok Ads,Video,9565.44,62324.52,426,5889,22
2024-06-15,Affiliate,Affiliation,2045.5,16925.15,256,4907,16
2024-06-15,Liveintent,Email,1703.94,8407.2,418,9307,11
2024-06-15,Criteo,Display Retargeting,2653.12,13993.52,486,2750,28
2024-06-15,Microsoft Ads,Search,561.13,2877.38,389,6320,22
2024-06-16,Facebook Ads,Retargeting,1435.86,6507.95,398,5567,18
2024-06-16,Google Ads,Brand Search,2336.15,11166.0,449,3940,8
2024-06-16,Snapchat Ads,Prospecting,1317.29,3931.08,631,7581,19
2024-06-16,Pinterest Ads,Awareness,1794.37,5438.8,485,12445,29
2024-06-16,Tiktok Ads,Video,11007.11,77161.39,286,4137,22
2024-06-16,Affiliate,Affiliation,6757.09,29475.38,397,9213,19
2024-06-16,Liveintent,Email,2713.65,8328.72,417,9176,23
2024-06-16,Criteo,Display Retargeting,2152.23,8007.63,375,8526,18
2024-06-16,Microsoft Ads,Search,2839.55,14123.29,293,6956,13
2024-06-17,Facebook Ads,Retargeting,685.09,2192.45,362,2455,25
2024-06-17,Google Ads,Brand Search,1146.17,6369.93,501,12093,33
2024-06-17,Snapchat Ads,Prospecting,166.31,397.19,515,6338,19
2024-06-17,Pinterest Ads,Awareness,1464.93,7208.48,320,9104,14
2024-06-17,Tiktok Ads,Video,2450.13,11243.58,367,4833,27
2024-06-17,Affiliate,Affiliation,957.37,2543.06,405,7117,31
2024-06-17,Liveintent,Email,11852.66,42519.41,463,7982,27
2024-06-17,Criteo,Display Retargeting,5137.55,35581.7,368,6834,37
2024-06-17,Microsoft Ads,Search,4490.91,14262.27,230,2093,19
2024-06-18,Facebook Ads,Retargeting,1013.33,4380.78,409,6938,28
2024-06-18,Google Ads,Brand Search,4242.73,23000.83,501,13813,35
2024-06-18,Snapchat Ads,Prospecting,311.4,1101.85,347,5495,13
2024-06-18,Pinterest Ads,Awareness,3339.53,16084.07,410,5328,38
2024-06-18,Tiktok Ads,Video,269.64,730.72,434,4711,17
2024-06-18,Affiliate,Affiliation,3639.28,14759.89,277,2715,7
2024-06-18,Liveintent,Email,803.72,2341.1,330,5399,23
2024-06-18,Criteo,Display Retargeting,4277.68,21456.98,312,6364,20
2024-06-18,Microsoft Ads,Search,7297.51,29813.51,285,5364,19
2024-06-19,Facebook Ads,Retargeting,407.07,2247.78,560,4129,12
2024-06-19,Google Ads,Brand Search,1563.9,10676.22,256,5849,14
2024-06-19,Snapchat Ads,Prospecting,17318.42,22453.87,540,11525,28
2024-06-19,Pinterest Ads,Awareness,1881.06,9357.89,480,8137,41
2024-06-19,Tiktok Ads,Video,6684.33,20112.45,497,6777,15
2024-06-19,Affiliate,Affiliation,2451.14,10494.07,373,5943,34
2024-06-19,Liveintent,Email,1721.07,7145.75,623,11655,42
2024-06-19,Criteo,Display Retargeting,1175.26,3386.24,271,8971,16
2024-06-19,Microsoft Ads,Search,579.92,2634.93,267,5104,31
2024-06-20,Facebook Ads,Retargeting,2631.58,13860.87,330,4196,18
2024-06-20,Google Ads,Brand Search,961.55,2004.9,413,8407,39
2024-06-20,Snapchat Ads,Prospecting,953.54,7186.29,453,15088,46
2024-06-20,Pinterest Ads,Awareness,1631.59,5723.74,245,3409,12
2024-06-20,Tiktok Ads,Video,2025.53,10128.7,531,4100,32
2024-06-20,Affiliate,Affiliation,3366.12,17154.83,299,8284,39
2024-06-20,Liveintent,Email,9797.98,32429.88,402,6583,23
2024-06-20,Criteo,Display Retargeting,1273.04,6054.13,530,5189,15
2024-06-20,Microsoft Ads,Search,2621.02,13918.95,660,11549,31
2024-06-21,Facebook Ads,Retargeting,3436.08,12150.99,439,7359,26
2024-06-21,Google Ads,Brand Search,1954.95,8063.17,576,7051,33
2024-06-21,Snapchat Ads,Prospecting,9297.08,32345.72,508,9844,15
2024-06-21,Pinterest Ads,Awareness,492.72,1687.2,376,7279,17
2024-06-21,Tiktok Ads,Video,201.39,1156.33,663,8391,17
2024-06-21,Affiliate,Affiliation,4555.07,17794.19,454,10135,20
2024-06-21,Liveintent,Email,1371.43,6940.95,454,5099,22
2024-06-21,Criteo,Display Retargeting,4619.55,14446.78,519,11327,42
2024-06-21,Microsoft Ads,Search,3480.69,10317.85,288,5222,16
2024-06-22,Facebook Ads,Retargeting,215.31,755.09,516,12588,42
2024-06-22,Google Ads,Brand Search,9066.85,28671.76,194,5478,11
2024-06-22,Snapchat Ads,Prospecting,2253.76,5086.1,597,11257,29
2024-06-22,Pinterest Ads,Awareness,1938.35,11201.62,291,4936,19
2024-06-22,Tiktok Ads,Video,3573.43,7151.78,630,7836,39
2024-06-22,Affiliate,Affiliation,6332.48,33721.23,556,8511,29
2024-06-22,Liveintent,Email,48.72,229.75,487,6148,23
2024-06-22,Criteo,Display Retargeting,1861.05,10402.17,339,7938,20
2024-06-22,Microsoft Ads,Search,3587.81,17300.46,297,3443,17
2024-06-23,Facebook Ads,Retargeting,4970.7,27400.68,535,8699,20
2024-06-23,Google Ads,Brand Search,3274.99,24465.18,425,6813,27
2024-06-23,Snapchat Ads,Prospecting,544.35,2399.14,244,7758,20
2024-06-23,Pinterest Ads,Awareness,1559.74,4649.46,283,6098,19
2024-06-23,Tiktok Ads,Video,1659.07,6303.64,446,10102,41
2024-06-23,Affiliate,Affiliation,5967.6,5848.37,324,4990,15
2024-06-23,Liveintent,Email,792.22,4763.91,356,3041,11
2024-06-23,Criteo,Display Retargeting,749.06,2936.79,389,6119,36
2024-06-23,Microsoft Ads,Search,5567.89,51757.63,393,6814,32
2024-06-24,Facebook Ads,Retargeting,13.37,81.92,375,7963,20
2024-06-24,Google Ads,Brand Search,13474.68,41865.26,228,5889,23
2024-06-24,Snapchat Ads,Prospecting,2041.11,9278.2,280,6359,9
2024-06-24,Pinterest Ads,Awareness,1161.47,14337.0,569,9342,14
2024-06-24,Tiktok Ads,Video,315.28,3007.24,417,5171,22
2024-06-24,Affiliate,Affiliation,27.51,99.7,581,10269,20
2024-06-24,Liveintent,Email,2345.53,10427.3,392,17630,48
2024-06-24,Criteo,Display Retargeting,3570.17,10517.18,542,15732,22
2024-06-24,Microsoft Ads,Search,2273.78,13523.43,440,8191,45
2024-06-25,Facebook Ads,Retargeting,429.05,1646.58,569,11597,27
2024-06-25,Google Ads,Brand Search,5123.62,31266.65,488,14205,21
2024-06-25,Snapchat Ads,Prospecting,4381.19,21605.93,405,11510,20
2024-06-25,Pinterest Ads,Awareness,2578.18,19469.31,716,5103,30
2024-06-25,Tiktok Ads,Video,3251.57,14537.82,356,7228,26
2024-06-25,Affiliate,Affiliation,5545.11,40448.92,290,7045,16
2024-06-25,Liveintent,Email,2401.22,13950.5,661,4569,20
2024-06-25,Criteo,Display Retargeting,336.57,1355.78,555,5934,25
2024-06-25,Microsoft Ads,Search,2289.13,11854.19,423,4387,24
2024-06-26,Facebook Ads,Retargeting,276.21,1654.85,359,6732,21
2024-06-26,Google Ads,Brand Search,2333.74,14723.53,469,9444,32
2024-06-26,Snapchat Ads,Prospecting,1963.61,11119.84,680,8885,59
2024-06-26,Pinterest Ads,Awareness,254.26,1415.62,331,3759,21
2024-06-26,Tiktok Ads,Video,2206.59,10438.33,552,8644,23
2024-06-26,Affiliate,Affiliation,707.14,2752.41,398,5828,21
2024-06-26,Liveintent,Email,8611.71,30886.14,368,6935,24
2024-06-26,Criteo,Display Retargeting,14457.39,60356.87,438,2554,13
2024-06-26,Microsoft Ads,Search,516.87,1410.17,363,5223,19
2024-06-27,Facebook Ads,Retargeting,10865.58,35396.49,508,5003,13
2024-06-27,Google Ads,Brand Search,3127.05,14061.53,403,13376,34
2024-06-27,Snapchat Ads,Prospecting,1624.73,4790.14,382,11227,28
2024-06-27,Pinterest Ads,Awareness,292.02,1843.83,415,4912,28
2024-06-27,Tiktok Ads,Video,2791.06,7034.81,484,7183,27
2024-06-27,Affiliate,Affiliation,5768.48,19422.81,427,5021,38
2024-06-27,Liveintent,Email,4352.95,18354.21,657,10213,13
2024-06-27,Criteo,Display Retargeting,174.16,561.23,579,8472,25
2024-06-27,Microsoft Ads,Search,237.9,1203.58,430,6323,31
2024-06-28,Facebook Ads,Retargeting,1836.56,8320.07,317,10189,10
2024-06-28,Google Ads,Brand Search,930.74,6344.19,440,7981,24
2024-06-28,Snapchat Ads,Prospecting,680.14,4193.1,336,15281,18
2024-06-28,Pinterest Ads,Awareness,787.45,2998.64,614,6993,43
2024-06-28,Tiktok Ads,Video,5237.59,18397.66,504,5443,29
2024-06-28,Affiliate,Affiliation,5322.63,43224.02,282,5679,16
2024-06-28,Liveintent,Email,1905.71,6433.57,295,2207,14
2024-06-28,Criteo,Display Retargeting,6862.97,36631.19,351,10842,31
2024-06-28,Microsoft Ads,Search,1074.41,5178.61,275,5985,28
2024-06-29,Facebook Ads,Retargeting,1453.52,6025.55,434,9044,31
2024-06-29,Google Ads,Brand Search,487.51,2945.31,231,6889,15
2024-06-29,Snapchat Ads,Prospecting,3157.25,9662.74,328,4869,31
2024-06-29,Pinterest Ads,Awareness,7784.72,48053.6,402,4728,24
2024-06-29,Tiktok Ads,Video,2752.56,11909.44,508,9285,24
2024-06-29,Affiliate,Affiliation,961.24,4192.16,624,5087,18
2024-06-29,Liveintent,Email,2685.5,6578.57,395,5708,18
2024-06-29,Criteo,Display Retargeting,239.27,626.43,362,7906,14
2024-06-29,Microsoft Ads,Search,6001.32,23085.55,555,9009,18
2024-06-30,Facebook Ads,Retargeting,2734.77,10799.97,612,10456,52
2024-06-30,Google Ads,Brand Search,2616.06,10531.23,645,7402,38
2024-06-30,Snapchat Ads,Prospecting,3034.65,11919.25,422,13237,29
2024-06-30,Pinterest Ads,Awareness,3968.03,15064.12,474,5375,28
2024-06-30,Tiktok Ads,Video,235.19,1211.44,601,8280,29
2024-06-30,Affiliate,Affiliation,5716.28,25375.44,464,3896,34
2024-06-30,Liveintent,Email,1347.04,3797.16,537,6462,53
2024-06-30,Criteo,Display Retargeting,5019.27,21382.45,469,5643,36
2024-06-30,Microsoft Ads,Search,6243.62,26434.74,410,8976,24
2024-07-01,Facebook Ads,Retargeting,6938.05,30645.49,458,4240,20
2024-07-01,Google Ads,Brand Search,3073.81,23071.32,320,5041,11
2024-07-01,Snapchat Ads,Prospecting,5216.93,22194.77,443,6059,16
2024-07-01,Pinterest Ads,Awareness,584.25,2605.75,669,11409,26
2024-07-01,Tiktok Ads,Video,8885.96,21083.99,355,7109,24
2024-07-01,Affiliate,Affiliation,993.66,7939.58,274,3599,16
2024-07-01,Liveintent,Email,2218.55,16301.03,585,5521,19
2024-07-01,Criteo,Display Retargeting,1327.64,4593.71,554,9552,27
2024-07-01,Microsoft Ads,Search,584.98,2069.46,682,13153,25
2024-07-02,Facebook Ads,Retargeting,7402.54,23669.6,330,9354,12
2024-07-02,Google Ads,Brand Search,318.58,1064.04,431,11803,23
2024-07-02,Snapchat Ads,Prospecting,9332.46,35103.49,379,6216,18
2024-07-02,Pinterest Ads,Awareness,2143.23,8089.24,469,9007,12
2024-07-02,Tiktok Ads,Video,0.88,4.06,341,11278,21
2024-07-02,Affiliate,Affiliation,3492.81,14344.91,280,3958,18
2024-07-02,Liveintent,Email,250.23,833.08,422,10653,36
2024-07-02,Criteo,Display Retargeting,1585.61,8154.76,385,3185,27
2024-07-02,Microsoft Ads,Search,6674.53,29752.35,303,8039,13
2024-07-03,Facebook Ads,Retargeting,394.32,2192.55,429,10330,23
2024-07-03,Google Ads,Brand Search,12804.65,77518.6,494,9196,45
2024-07-03,Snapchat Ads,Prospecting,22.02,115.8,641,7445,34
2024-07-03,Pinterest Ads,Awareness,1236.38,6400.84,521,7287,20
2024-07-03,Tiktok Ads,Video,9664.2,31298.42,253,5512,26
2024-07-03,Affiliate,Affiliation,3439.09,11923.99,376,8110,33
2024-07-03,Liveintent,Email,827.69,3829.29,516,5405,14
2024-07-03,Criteo,Display Retargeting,3100.83,15617.65,525,6514,25
2024-07-03,Microsoft Ads,Search,2290.78,7277.52,305,6487,9
2024-07-04,Facebook Ads,Retargeting,4309.51,20616.32,261,7641,14
2024-07-04,Google Ads,Brand Search,663.05,3653.71,392,8996,36
2024-07-04,Snapchat Ads,Prospecting,3428.17,22336.11,466,8456,27
2024-07-04,Pinterest Ads,Awareness,4791.97,21051.25,376,12418,26
2024-07-04,Tiktok Ads,Video,1395.34,5315.49,319,6052,30
2024-07-04,Affiliate,Affiliation,4348.74,19383.17,414,9058,33
2024-07-04,Liveintent,Email,970.77,3970.76,422,7072,18
2024-07-04,Criteo,Display Retargeting,6147.45,20286.88,463,3237,41
2024-07-04,Microsoft Ads,Search,174.01,955.29,491,7440,19
2024-07-05,Facebook Ads,Retargeting,4775.54,22920.06,344,6889,19
2024-07-05,Google Ads,Brand Search,2014.16,10541.39,396,7234,24
2024-07-05,Snapchat Ads,Prospecting,2033.31,9609.8,230,4216,16
2024-07-05,Pinterest Ads,Awareness,3509.93,14699.43,340,10976,15
2024-07-05,Tiktok Ads,Video,6255.93,26936.54,440,6459,34
2024-07-05,Affiliate,Affiliation,13.71,68.61,316,10032,17
2024-07-05,Liveintent,Email,452.99,3350.86,386,7563,33
2024-07-05,Criteo,Display Retargeting,4960.08,12837.59,340,5687,10
2024-07-05,Microsoft Ads,Search,3682.49,18381.14,432,11100,9
2024-07-06,Facebook Ads,Retargeting,5725.02,36599.3,577,13552,28
2024-07-06,Google Ads,Brand Search,1933.56,9860.74,250,3739,20
2024-07-06,Snapchat Ads,Prospecting,4060.61,32118.44,306,4836,14
2024-07-06,Pinterest Ads,Awareness,1894.43,9129.47,286,4050,28
2024-07-06,Tiktok Ads,Video,626.61,4232.49,162,3194,18
2024-07-06,Affiliate,Affiliation,190.91,889.07,662,10147,42
2024-07-06,Liveintent,Email,2466.57,16481.62,437,9676,15
2024-07-06,Criteo,Display Retargeting,2141.04,8632.49,319,4882,17
2024-07-06,Microsoft Ads,Search,94.19,554.89,309,3775,29
2024-07-07,Facebook Ads,Retargeting,1521.23,10561.81,635,15374,31
2024-07-07,Google Ads,Brand Search,8785.16,54900.85,618,14436,54
2024-07-07,Snapchat Ads,Prospecting,2238.26,12355.35,378,7712,15
2024-07-07,Pinterest Ads,Awareness,2540.96,12517.05,571,4539,32
2024-07-07,Tiktok Ads,Video,2540.43,10831.47,399,17072,16
2024-07-07,Affiliate,Affiliation,746.5,5338.15,367,5918,33
2024-07-07,Liveintent,Email,2038.75,7582.48,387,4379,37
2024-07-07,Criteo,Display Retargeting,1345.71,9584.94,479,5270,11
2024-07-07,Microsoft Ads,Search,235.32,1323.12,509,7580,36
2024-07-08,Facebook Ads,Retargeting,4954.51,19536.27,259,5981,11
2024-07-08,Google Ads,Brand Search,1511.19,3902.0,350,5115,20
2024-07-08,Snapchat Ads,Prospecting,7152.81,29059.35,584,11548,51
2024-07-08,Pinterest Ads,Awareness,7131.22,28830.27,546,5769,50
2024-07-08,Tiktok Ads,Video,863.97,3393.8,473,5672,33
2024-07-08,Affiliate,Affiliation,3600.63,14882.13,237,2685,17
2024-07-08,Liveintent,Email,2456.91,8136.94,517,7132,30
2024-07-08,Criteo,Display Retargeting,6343.46,21231.94,439,4761,36
2024-07-08,Microsoft Ads,Search,849.2,2848.99,526,8815,12
2024-07-09,Facebook Ads,Retargeting,5480.72,28238.8,347,7215,31
2024-07-09,Google Ads,Brand Search,3670.66,9673.18,313,9766,22
2024-07-09,Snapchat Ads,Prospecting,1752.32,6948.99,222,5797,20
2024-07-09,Pinterest Ads,Awareness,495.53,3334.99,481,8772,32
2024-07-09,Tiktok Ads,Video,5069.06,21189.66,493,7944,34
2024-07-09,Affiliate,Affiliation,3310.67,21065.69,285,4658,16
2024-07-09,Liveintent,Email,1616.74,5672.57,501,5129,16
2024-07-09,Criteo,Display Retargeting,4334.66,30245.07,354,7631,18
2024-07-09,Microsoft Ads,Search,2008.82,9979.71,210,7304,16
2024-07-10,Facebook Ads,Retargeting,7429.88,19831.01,430,8990,18
2024-07-10,Google Ads,Brand Search,928.96,6064.92,525,7883,24
2024-07-10,Snapchat Ads,Prospecting,9253.48,57401.31,261,6551,9
2024-07-10,Pinterest Ads,Awareness,1475.44,11605.01,463,11300,22
2024-07-10,Tiktok Ads,Video,2413.88,6583.31,474,3322,36
2024-07-10,Affiliate,Affiliation,310.79,1216.36,440,12681,9
2024-07-10,Liveintent,Email,558.7,2285.26,554,6942,26
2024-07-10,Criteo,Display Retargeting,2452.62,16780.62,590,3632,22
2024-07-10,Microsoft Ads,Search,1987.14,7904.99,523,7743,34
2024-07-11,Facebook Ads,Retargeting,7624.18,39778.02,469,7054,37
2024-07-11,Google Ads,Brand Search,91.74,364.34,379,7723,17
2024-07-11,Snapchat Ads,Prospecting,2660.76,11902.67,324,5687,18
2024-07-11,Pinterest Ads,Awareness,1788.36,11586.75,435,12327,31
2024-07-11,Tiktok Ads,Video,115.6,503.34,326,9968,47
2024-07-11,Affiliate,Affiliation,618.88,3300.34,277,3835,28
2024-07-11,Liveintent,Email,3526.44,13557.88,220,4551,21
2024-07-11,Criteo,Display Retargeting,2252.33,16326.39,541,7183,13
2024-07-11,Microsoft Ads,Search,2460.13,12660.39,454,13954,33
2024-07-12,Facebook Ads,Retargeting,1943.73,8548.49,530,6499,31
2024-07-12,Google Ads,Brand Search,2522.31,8158.76,612,7117,25
2024-07-12,Snapchat Ads,Prospecting,24.82,90.59,650,10442,40
2024-07-12,Pinterest Ads,Awareness,1245.79,8730.6,290,4317,21
2024-07-12,Tiktok Ads,Video,9421.79,39857.09,266,3417,17
2024-07-12,Affiliate,Affiliation,2114.92,5476.89,512,12336,23
2024-07-12,Liveintent,Email,3409.26,15545.31,270,6202,14
2024-07-12,Criteo,Display Retargeting,1238.01,5597.88,415,6195,19
2024-07-12,Microsoft Ads,Search,5647.09,26184.43,502,12487,52
2024-07-13,Facebook Ads,Retargeting,3439.67,24491.7,304,4766,33
2024-07-13,Google Ads,Brand Search,2170.55,6287.45,404,10647,39
2024-07-13,Snapchat Ads,Prospecting,11385.71,33788.57,271,9590,14
2024-07-13,Pinterest Ads,Awareness,329.51,1183.49,588,14384,28
2024-07-13,Tiktok Ads,Video,45.17,207.73,250,2343,11
2024-07-13,Affiliate,Affiliation,3864.54,11282.74,360,8367,38
2024-07-13,Liveintent,Email,3751.06,26316.05,464,13548,43
2024-07-13,Criteo,Display Retargeting,285.66,1043.2,617,10457,12
2024-07-13,Microsoft Ads,Search,845.06,2595.52,703,8711,11
2024-07-14,Facebook Ads,Retargeting,128.73,558.88,404,4655,11
2024-07-14,Google Ads,Brand Search,2134.41,9496.23,334,4247,11
2024-07-14,Snapchat Ads,Prospecting,10610.64,64861.76,282,5938,20
2024-07-14,Pinterest Ads,Awareness,4168.84,20393.0,280,4003,9
2024-07-14,Tiktok Ads,Video,2049.4,6955.29,243,4031,28
2024-07-14,Affiliate,Affiliation,2951.67,8194.05,382,9481,18
2024-07-14,Liveintent,Email,10.57,46.48,596,17915,47
2024-07-14,Criteo,Display Retargeting,1934.44,8661.27,319,5789,15
2024-07-14,Microsoft Ads,Search,5851.15,29216.08,576,3092,40
2024-07-15,Facebook Ads,Retargeting,6471.15,31355.52,365,4409,14
2024-07-15,Google Ads,Brand Search,3379.6,15010.83,455,4462,10
2024-07-15,Snapchat Ads,Prospecting,28.35,199.83,268,3705,30
2024-07-15,Pinterest Ads,Awareness,3347.55,13362.56,268,10864,40
2024-07-15,Tiktok Ads,Video,3219.39,11104.77,448,4744,13
2024-07-15,Affiliate,Affiliation,3127.19,12524.92,401,9703,26
2024-07-15,Liveintent,Email,1102.58,3905.9,664,9182,25
2024-07-15,Criteo,Display Retargeting,1045.89,4391.13,364,4778,24
2024-07-15,Microsoft Ads,Search,569.12,2877.84,325,8111,21
2024-07-16,Facebook Ads,Retargeting,241.07,777.65,296,8389,17
2024-07-16,Google Ads,Brand Search,772.45,3104.11,353,8141,38
2024-07-16,Snapchat Ads,Prospecting,835.41,5069.42,551,9450,37
2024-07-16,Pinterest Ads,Awareness,2202.46,6961.02,443,2869,19
2024-07-16,Tiktok Ads,Video,4509.06,13878.86,302,6483,33
2024-07-16,Affiliate,Affiliation,2410.4,10377.22,390,6955,15
2024-07-16,Liveintent,Email,128.48,840.1,354,8320,16
2024-07-16,Criteo,Display Retargeting,10048.65,31747.21,322,5801,20
2024-07-16,Microsoft Ads,Search,9163.98,36671.33,483,9473,15
2024-07-17,Facebook Ads,Retargeting,4537.25,20203.94,371,3830,33
2024-07-17,Google Ads,Brand Search,14461.22,81240.97,433,3185,19
2024-07-17,Snapchat Ads,Prospecting,2094.29,9532.22,515,7442,13
2024-07-17,Pinterest Ads,Awareness,7034.79,19104.71,351,7203,21
2024-07-17,Tiktok Ads,Video,232.57,925.7,395,9222,28
2024-07-17,Affiliate,Affiliation,1337.19,5000.04,562,8676,17
2024-07-17,Liveintent,Email,912.61,2950.93,385,3312,19
2024-07-17,Criteo,Display Retargeting,594.45,2529.74,356,6447,12
2024-07-17,Microsoft Ads,Search,464.61,1907.27,532,14376,40
2024-07-18,Facebook Ads,Retargeting,3974.48,11750.72,474,2331,28
2024-07-18,Google Ads,Brand Search,4597.67,18998.55,443,7200,35
2024-07-18,Snapchat Ads,Prospecting,2444.82,8040.19,195,5680,15
2024-07-18,Pinterest Ads,Awareness,731.35,3480.15,384,4432,12
2024-07-18,Tiktok Ads,Video,4376.95,29599.96,341,5323,41
2024-07-18,Affiliate,Affiliation,2599.22,21175.47,347,5883,24
2024-07-18,Liveintent,Email,1835.74,9968.0,323,4878,26
2024-07-18,Criteo,Display Retargeting,4088.66,16181.55,464,7528,16
2024-07-18,Microsoft Ads,Search,746.75,5460.92,428,8803,17
2024-07-19,Facebook Ads,Retargeting,1808.82,6505.11,615,7311,34
2024-07-19,Google Ads,Brand Search,9799.31,35578.21,664,8984,58
2024-07-19,Snapchat Ads,Prospecting,1045.68,5073.93,287,6265,30
2024-07-19,Pinterest Ads,Awareness,2062.51,9781.54,251,2296,13
2024-07-19,Tiktok Ads,Video,7067.83,38550.2,348,10139,12
2024-07-19,Affiliate,Affiliation,4646.2,29645.94,301,8829,18
2024-07-19,Liveintent,Email,265.19,1351.7,239,4058,8
2024-07-19,Criteo,Display Retargeting,763.62,2836.21,355,3431,22
2024-07-19,Microsoft Ads,Search,28.28,124.47,215,4691,14
2024-07-20,Facebook Ads,Retargeting,3356.54,13624.23,645,8905,25
2024-07-20,Google Ads,Brand Search,1827.47,7950.94,344,9509,29
2024-07-20,Snapchat Ads,Prospecting,480.78,1198.44,495,8584,15
2024-07-20,Pinterest Ads,Awareness,6672.81,35217.29,726,13298,23
2024-07-20,Tiktok Ads,Video,2226.7,13801.05,336,6171,14
2024-07-20,Affiliate,Affiliation,790.37,2295.42,363,5976,24
2024-07-20,Liveintent,Email,2187.73,12894.77,408,4068,20
2024-07-20,Criteo,Display Retargeting,2181.09,15352.44,330,5861,18
2024-07-20,Microsoft Ads,Search,231.0,1510.06,451,3554,27
2024-07-21,Facebook Ads,Retargeting,925.25,6555.46,687,16102,40
2024-07-21,Google Ads,Brand Search,7144.9,30833.58,279,3724,12
2024-07-21,Snapchat Ads,Prospecting,2648.62,12439.82,364,5005,17
2024-07-21,Pinterest Ads,Awareness,3154.49,16868.16,545,9548,39
2024-07-21,Tiktok Ads,Video,1546.5,15397.87,223,5560,21
2024-07-21,Affiliate,Affiliation,198.34,888.81,396,9831,28
2024-07-21,Liveintent,Email,1010.65,5424.69,345,5134,38
2024-07-21,Criteo,Display Retargeting,2419.93,14354.3,437,11464,19
2024-07-21,Microsoft Ads,Search,1155.84,3243.72,348,4548,15
2024-07-22,Facebook Ads,Retargeting,112.77,431.0,683,15847,41
2024-07-22,Google Ads,Brand Search,3641.01,19376.11,479,9130,21
2024-07-22,Snapchat Ads,Prospecting,10759.07,38236.2,272,5077,10
2024-07-22,Pinterest Ads,Awareness,2538.79,12689.05,357,3481,17
2024-07-22,Tiktok Ads,Video,4464.06,15195.28,334,4594,16
2024-07-22,Affiliate,Affiliation,494.7,2644.81,515,4795,46
2024-07-22,Liveintent,Email,6574.57,23074.6,395,5054,12
2024-07-22,Criteo,Display Retargeting,416.7,1226.57,349,3963,23
2024-07-22,Microsoft Ads,Search,4481.66,31090.83,467,8763,43
2024-07-23,Facebook Ads,Retargeting,17827.19,44923.11,351,8123,16
2024-07-23,Google Ads,Brand Search,3194.23,8023.21,342,5854,19
2024-07-23,Snapchat Ads,Prospecting,10023.36,39963.8,304,6563,29
2024-07-23,Pinterest Ads,Awareness,2029.96,9180.3,424,5696,10
2024-07-23,Tiktok Ads,Video,712.56,2662.43,205,4545,11
2024-07-23,Affiliate,Affiliation,898.6,5661.75,569,8852,31
2024-07-23,Liveintent,Email,1057.66,9590.76,373,7632,20
2024-07-23,Criteo,Display Retargeting,134.54,837.41,398,8416,32
2024-07-23,Microsoft Ads,Search,2479.4,12239.6,497,8356,22
2024-07-24,Facebook Ads,Retargeting,6251.54,16175.62,440,5141,31
2024-07-24,Google Ads,Brand Search,380.32,916.62,486,4965,33
2024-07-24,Snapchat Ads,Prospecting,1458.69,8788.55,471,5699,35
2024-07-24,Pinterest Ads,Awareness,3978.45,12014.44,468,6110,20
2024-07-24,Tiktok Ads,Video,5408.05,13120.05,358,8281,20
2024-07-24,Affiliate,Affiliation,5219.57,21537.01,340,4415,11
2024-07-24,Liveintent,Email,911.93,4456.6,682,11200,44
2024-07-24,Criteo,Display Retargeting,4719.82,16747.12,666,7727,22
2024-07-24,Microsoft Ads,Search,1947.49,6077.82,552,9290,46
2024-07-25,Facebook Ads,Retargeting,612.29,2466.06,651,11246,23
2024-07-25,Google Ads,Brand Search,2756.45,12632.44,417,11140,16
2024-07-25,Snapchat Ads,Prospecting,3987.75,16957.16,605,9464,29
2024-07-25,Pinterest Ads,Awareness,785.92,2519.23,393,7417,23
2024-07-25,Tiktok Ads,Video,3228.13,14537.88,283,8090,28
2024-07-25,Affiliate,Affiliation,5255.68,13804.79,398,5955,16
2024-07-25,Liveintent,Email,578.0,3398.31,258,3023,9
2024-07-25,Criteo,Display Retargeting,2079.06,10723.18,407,3597,27
2024-07-25,Microsoft Ads,Search,4646.2,15641.82,395,5669,24
2024-07-26,Facebook Ads,Retargeting,3536.3,14038.78,306,4360,21
2024-07-26,Google Ads,Brand Search,73.09,369.38,459,5639,15
2024-07-26,Snapchat Ads,Prospecting,50.8,183.57,412,6544,16
2024-07-26,Pinterest Ads,Awareness,2141.5,8396.88,514,4952,33
2024-07-26,Tiktok Ads,Video,7811.67,41764.97,723,7658,15
2024-07-26,Affiliate,Affiliation,1983.2,7252.09,184,5472,20
2024-07-26,Liveintent,Email,5593.31,21662.49,470,7829,39
2024-07-26,Criteo,Display Retargeting,1040.14,5117.64,568,5328,27
2024-07-26,Microsoft Ads,Search,2055.92,9351.13,321,6815,11
2024-07-27,Facebook Ads,Retargeting,9019.05,54258.06,572,13061,50
2024-07-27,Google Ads,Brand Search,5394.62,37044.25,529,4832,38
2024-07-27,Snapchat Ads,Prospecting,531.25,2698.47,332,3241,22
2024-07-27,Pinterest Ads,Awareness,2193.54,10146.18,270,4225,18
2024-07-27,Tiktok Ads,Video,174.51,514.73,244,3559,18
2024-07-27,Affiliate,Affiliation,2968.69,12120.81,358,4697,14
2024-07-27,Liveintent,Email,4017.57,33236.05,295,6082,20
2024-07-27,Criteo,Display Retargeting,859.03,2218.08,510,10706,50
2024-07-27,Microsoft Ads,Search,1529.45,5744.45,297,4597,20
2024-07-28,Facebook Ads,Retargeting,637.79,3430.09,333,4761,30
2024-07-28,Google Ads,Brand Search,4371.23,17127.44,499,8892,12
2024-07-28,Snapchat Ads,Prospecting,9393.27,55020.82,220,7636,19
2024-07-28,Pinterest Ads,Awareness,64.86,382.32,435,6004,23
2024-07-28,Tiktok Ads,Video,1651.35,9136.06,684,8958,34
2024-07-28,Affiliate,Affiliation,677.7,2086.75,471,10915,16
2024-07-28,Liveintent,Email,805.79,5312.62,695,10901,38
2024-07-28,Criteo,Display Retargeting,3736.24,7146.38,355,5829,42
2024-07-28,Microsoft Ads,Search,4561.97,15474.58,391,9325,21
2024-07-29,Facebook Ads,Retargeting,9832.64,28134.46,568,9152,23
2024-07-29,Google Ads,Brand Search,2432.78,11752.08,353,5460,39
2024-07-29,Snapchat Ads,Prospecting,1320.09,7888.38,325,8062,15
2024-07-29,Pinterest Ads,Awareness,3739.83,18842.87,321,5084,20
2024-07-29,Tiktok Ads,Video,1031.63,4369.43,339,5847,26
2024-07-29,Affiliate,Affiliation,1723.93,10684.69,514,11665,34
2024-07-29,Liveintent,Email,1017.61,5200.83,480,4442,25
2024-07-29,Criteo,Display Retargeting,3115.73,8016.08,436,4396,13
2024-07-29,Microsoft Ads,Search,787.69,4186.01,248,5262,13
2024-07-30,Facebook Ads,Retargeting,924.39,3621.87,400,9256,40
2024-07-30,Google Ads,Brand Search,11810.17,61920.91,591,12173,17
2024-07-30,Snapchat Ads,Prospecting,358.12,2028.5,372,6290,35
2024-07-30,Pinterest Ads,Awareness,2948.64,16789.3,197,3078,20
2024-07-30,Tiktok Ads,Video,1328.79,5070.04,279,8550,16
2024-07-30,Affiliate,Affiliation,173.79,427.2,471,7852,33
2024-07-30,Liveintent,Email,151.51,721.48,443,5863,11
2024-07-30,Criteo,Display Retargeting,712.05,2573.34,242,6401,39
2024-07-30,Microsoft Ads,Search,11119.62,51881.48,411,3409,38
2024-07-31,Facebook Ads,Retargeting,898.95,6657.85,322,5558,12
2024-07-31,Google Ads,Brand Search,8401.16,21916.22,383,5204,19
2024-07-31,Snapchat Ads,Prospecting,3498.58,16677.42,622,10841,14
2024-07-31,Pinterest Ads,Awareness,1594.81,7841.94,498,6835,22
2024-07-31,Tiktok Ads,Video,2853.72,15323.49,535,9748,26
2024-07-31,Affiliate,Affiliation,2725.35,10959.83,680,10333,37
2024-07-31,Liveintent,Email,5022.86,20497.4,348,4981,28
2024-07-31,Criteo,Display Retargeting,1234.65,1826.07,533,15836,29
2024-07-31,Microsoft Ads,Search,2098.47,6340.99,339,7088,45
2024-08-01,Facebook Ads,Retargeting,4847.84,21037.4,392,4285,35
2024-08-01,Google Ads,Brand Search,9932.29,29685.94,259,5612,12
2024-08-01,Snapchat Ads,Prospecting,4940.99,29091.38,517,7995,45
2024-08-01,Pinterest Ads,Awareness,1025.27,4176.86,432,14970,19
2024-08-01,Tiktok Ads,Video,4520.76,17272.35,569,5301,33
2024-08-01,Affiliate,Affiliation,2188.44,7374.95,408,13680,22
2024-08-01,Liveintent,Email,1807.29,4503.19,327,6877,22
2024-08-01,Criteo,Display Retargeting,478.35,2644.6,437,12190,28
2024-08-01,Microsoft Ads,Search,2840.76,12802.55,521,9050,16
2024-08-02,Facebook Ads,Retargeting,740.1,4724.21,266,5792,14
2024-08-02,Google Ads,Brand Search,1505.3,4946.69,343,6467,41
2024-08-02,Snapchat Ads,Prospecting,8193.22,33646.98,248,7585,15
2024-08-02,Pinterest Ads,Awareness,909.74,6673.87,452,9093,26
2024-08-02,Tiktok Ads,Video,301.89,1381.23,643,11914,44
2024-08-02,Affiliate,Affiliation,377.4,1102.73,518,5245,40
2024-08-02,Liveintent,Email,11716.41,38315.75,278,7994,28
2024-08-02,Criteo,Display Retargeting,2378.44,11590.78,337,7145,23
2024-08-02,Microsoft Ads,Search,2217.59,11790.59,358,9335,39
2024-08-03,Facebook Ads,Retargeting,4699.08,28257.17,423,10000,9
2024-08-03,Google Ads,Brand Search,5258.51,22766.92,402,14347,21
2024-08-03,Snapchat Ads,Prospecting,724.99,3349.48,352,3867,9
2024-08-03,Pinterest Ads,Awareness,3762.57,13819.3,306,4232,25
2024-08-03,Tiktok Ads,Video,3792.7,18463.51,236,7119,11
2024-08-03,Affiliate,Affiliation,2941.88,13962.66,434,7939,15
2024-08-03,Liveintent,Email,411.32,1681.57,590,8266,44
2024-08-03,Criteo,Display Retargeting,4731.31,40131.61,391,16542,29
2024-08-03,Microsoft Ads,Search,2207.5,6366.33,448,8716,33
2024-08-04,Facebook Ads,Retargeting,2448.5,14064.4,341,6185,16
2024-08-04,Google Ads,Brand Search,4603.06,18577.34,435,8142,19
2024-08-04,Snapchat Ads,Prospecting,207.23,1106.53,342,4107,9
2024-08-04,Pinterest Ads,Awareness,1184.88,4102.89,633,14141,48
2024-08-04,Tiktok Ads,Video,12183.58,44670.62,355,7631,20
2024-08-04,Affiliate,Affiliation,0.1,0.57,384,5563,17
2024-08-04,Liveintent,Email,4745.89,29075.45,643,6477,20
2024-08-04,Criteo,Display Retargeting,4650.71,18661.97,334,9776,14
2024-08-04,Microsoft Ads,Search,531.65,1292.27,584,6416,42
2024-08-05,Facebook Ads,Retargeting,10558.19,29124.67,217,6376,28
2024-08-05,Google Ads,Brand Search,549.83,1753.55,350,7042,32
2024-08-05,Snapchat Ads,Prospecting,1031.12,3718.82,347,7640,31
2024-08-05,Pinterest Ads,Awareness,1049.88,2489.45,414,4127,18
2024-08-05,Tiktok Ads,Video,737.79,3119.04,289,9180,18
2024-08-05,Affiliate,Affiliation,2.63,18.62,309,3098,48
2024-08-05,Liveintent,Email,2829.9,8490.15,531,9597,38
2024-08-05,Criteo,Display Retargeting,9272.15,26428.14,465,8208,12
2024-08-05,Microsoft Ads,Search,501.63,1932.63,538,3049,22
2024-08-06,Facebook Ads,Retargeting,3979.28,15548.62,408,3985,35
2024-08-06,Google Ads,Brand Search,5924.14,29421.6,271,5038,12
2024-08-06,Snapchat Ads,Prospecting,5457.54,40995.75,536,8205,16
2024-08-06,Pinterest Ads,Awareness,2345.4,6818.0,352,6375,9
2024-08-06,Tiktok Ads,Video,1324.02,5161.37,643,15879,17
2024-08-06,Affiliate,Affiliation,1537.98,7102.43,471,6662,23
2024-08-06,Liveintent,Email,2755.78,13016.06,412,11714,42
2024-08-06,Criteo,Display Retargeting,3684.8,17231.72,329,5783,17
2024-08-06,Microsoft Ads,Search,651.14,3991.19,247,7005,15
2024-08-07,Facebook Ads,Retargeting,742.05,3923.67,446,6762,18
2024-08-07,Google Ads,Brand Search,3114.43,19699.25,383,7540,32
2024-08-07,Snapchat Ads,Prospecting,2163.65,12301.29,386,3773,22
2024-08-07,Pinterest Ads,Awareness,6525.57,45191.63,364,5683,32
2024-08-07,Tiktok Ads,Video,2530.99,12665.36,419,11010,30
2024-08-07,Affiliate,Affiliation,545.38,4762.2,269,3512,25
2024-08-07,Liveintent,Email,1792.73,3819.28,189,3607,12
2024-08-07,Criteo,Display Retargeting,1288.61,8010.72,495,9633,43
2024-08-07,Microsoft Ads,Search,201.7,953.2,760,12940,43
2024-08-08,Facebook Ads,Retargeting,2453.83,14038.09,480,5016,31
2024-08-08,Google Ads,Brand Search,4651.14,19480.04,434,3041,24
2024-08-08,Snapchat Ads,Prospecting,490.68,2574.83,468,5981,18
2024-08-08,Pinterest Ads,Awareness,3250.22,26415.86,567,9954,35
2024-08-08,Tiktok Ads,Video,2387.97,9541.46,353,7740,23
2024-08-08,Affiliate,Affiliation,10763.83,34553.28,260,4629,30
2024-08-08,Liveintent,Email,123.8,755.84,505,5467,15
2024-08-08,Criteo,Display Retargeting,978.34,2100.42,231,6334,18
2024-08-08,Microsoft Ads,Search,2539.69,15324.95,347,7970,22
2024-08-09,Facebook Ads,Retargeting,1215.12,5358.29,486,4017,25
2024-08-09,Google Ads,Brand Search,2844.72,20887.33,315,7552,16
2024-08-09,Snapchat Ads,Prospecting,3617.44,14376.53,306,6322,19
2024-08-09,Pinterest Ads,Awareness,464.5,1266.43,318,4024,10
2024-08-09,Tiktok Ads,Video,2316.68,9763.69,647,10155,18
2024-08-09,Affiliate,Affiliation,2598.49,9014.32,373,4772,15
2024-08-09,Liveintent,Email,1182.29,7062.57,442,5208,13
2024-08-09,Criteo,Display Retargeting,7376.34,38195.51,331,11417,43
2024-08-09,Microsoft Ads,Search,4399.85,31235.11,508,6199,19
2024-08-10,Facebook Ads,Retargeting,2823.13,8432.43,422,4480,14
2024-08-10,Google Ads,Brand Search,2501.35,14635.33,424,3171,13
2024-08-10,Snapchat Ads,Prospecting,1232.13,6197.95,680,11780,31
2024-08-10,Pinterest Ads,Awareness,5891.39,19331.21,483,10006,18
2024-08-10,Tiktok Ads,Video,1797.76,12761.37,667,10404,57
2024-08-10,Affiliate,Affiliation,3613.18,14251.01,391,3564,21
2024-08-10,Liveintent,Email,3572.33,27396.21,401,7394,33
2024-08-10,Criteo,Display Retargeting,872.92,2143.54,388,7838,11
2024-08-10,Microsoft Ads,Search,3613.53,12960.37,376,8653,22
2024-08-11,Facebook Ads,Retargeting,416.22,1312.2,154,6772,14
2024-08-11,Google Ads,Brand Search,916.54,2807.52,273,2105,14
2024-08-11,Snapchat Ads,Prospecting,745.78,1961.69,455,9496,15
2024-08-11,Pinterest Ads,Awareness,5093.29,42199.17,758,11167,31
2024-08-11,Tiktok Ads,Video,3728.78,12911.02,195,4869,29
2024-08-11,Affiliate,Affiliation,2178.11,5040.52,331,10553,31
2024-08-11,Liveintent,Email,3036.07,12437.99,281,5373,13
2024-08-11,Criteo,Display Retargeting,1342.92,4570.32,411,10715,23
2024-08-11,Microsoft Ads,Search,4518.26,22250.15,380,6485,27
2024-08-12,Facebook Ads,Retargeting,2259.61,9637.45,788,5334,16
2024-08-12,Google Ads,Brand Search,2280.17,13548.76,661,11538,30
2024-08-12,Snapchat Ads,Prospecting,566.61,2138.42,236,5564,25
2024-08-12,Pinterest Ads,Awareness,7415.34,29514.61,392,3579,28
2024-08-12,Tiktok Ads,Video,5543.77,30520.09,442,6247,10
2024-08-12,Affiliate,Affiliation,2577.09,8128.73,575,11185,22
2024-08-12,Liveintent,Email,135.34,513.62,373,4572,9
2024-08-12,Criteo,Display Retargeting,8259.85,26869.35,252,4094,15
2024-08-12,Microsoft Ads,Search,53.3,219.59,377,6665,16
2024-08-13,Facebook Ads,Retargeting,2603.88,14485.62,384,3637,19
2024-08-13,Google Ads,Brand Search,6707.33,31368.05,182,7550,23
2024-08-13,Snapchat Ads,Prospecting,1223.55,5789.22,217,4352,28
2024-08-13,Pinterest Ads,Awareness,235.91,2100.69,525,9892,42
2024-08-13,Tiktok Ads,Video,2556.18,12328.69,483,3589,27
2024-08-13,Affiliate,Affiliation,2420.66,15444.21,324,8015,17
2024-08-13,Liveintent,Email,1230.73,7365.99,262,6978,24
2024-08-13,Criteo,Display Retargeting,4914.15,29246.77,274,4902,8
2024-08-13,Microsoft Ads,Search,103.13,425.62,430,4130,31
2024-08-14,Facebook Ads,Retargeting,2063.78,10382.15,328,4132,16
2024-08-14,Google Ads,Brand Search,2623.25,19968.53,419,10670,40
2024-08-14,Snapchat Ads,Prospecting,6645.78,29496.34,692,7493,14
2024-08-14,Pinterest Ads,Awareness,640.35,2818.45,330,5203,11
2024-08-14,Tiktok Ads,Video,5132.15,35341.41,613,11886,15
2024-08-14,Affiliate,Affiliation,2242.65,8975.95,366,9877,19
2024-08-14,Liveintent,Email,1690.47,7584.0,668,17053,25
2024-08-14,Criteo,Display Retargeting,443.87,2632.15,365,8992,49
2024-08-14,Microsoft Ads,Search,7539.47,33525.6,401,7352,28
2024-08-15,Facebook Ads,Retargeting,726.51,2116.87,328,8518,15
2024-08-15,Google Ads,Brand Search,1049.47,5029.86,284,10414,14
2024-08-15,Snapchat Ads,Prospecting,1327.48,5721.11,425,9146,24
2024-08-15,Pinterest Ads,Awareness,10194.56,27064.9,729,6429,40
2024-08-15,Tiktok Ads,Video,4892.89,26924.8,288,5912,17
2024-08-15,Affiliate,Affiliation,5750.2,27044.2,252,11083,31
2024-08-15,Liveintent,Email,1024.93,3253.03,317,3090,16
2024-08-15,Criteo,Display Retargeting,3599.24,21560.31,351,4284,19
2024-08-15,Microsoft Ads,Search,3103.4,16732.8,517,4650,29
2024-08-16,Facebook Ads,Retargeting,7013.49,32587.83,498,8084,29
2024-08-16,Google Ads,Brand Search,10371.9,25315.02,370,6258,13
2024-08-16,Snapchat Ads,Prospecting,46.73,187.6,435,7730,20
2024-08-16,Pinterest Ads,Awareness,4056.81,16745.2,352,10256,31
2024-08-16,Tiktok Ads,Video,247.23,1009.27,366,7023,7
2024-08-16,Affiliate,Affiliation,2985.61,16143.99,545,12513,25
2024-08-16,Liveintent,Email,1282.18,4850.16,552,8784,49
2024-08-16,Criteo,Display Retargeting,1955.58,11602.44,331,6054,18
2024-08-16,Microsoft Ads,Search,2019.83,5655.1,568,4354,18
2024-08-17,Facebook Ads,Retargeting,3559.13,24877.21,543,3747,37
2024-08-17,Google Ads,Brand Search,1149.64,6452.87,508,6758,53
2024-08-17,Snapchat Ads,Prospecting,3504.84,12086.5,484,5662,35
2024-08-17,Pinterest Ads,Awareness,1720.72,5488.17,486,5771,43
2024-08-17,Tiktok Ads,Video,286.71,987.72,570,17240,18
2024-08-17,Affiliate,Affiliation,4742.12,19536.48,372,9278,19
2024-08-17,Liveintent,Email,1263.72,6202.51,417,9931,23
2024-08-17,Criteo,Display Retargeting,1882.97,8880.44,633,11212,23
2024-08-17,Microsoft Ads,Search,5305.16,8353.52,359,4797,29
2024-08-18,Facebook Ads,Retargeting,1352.46,2795.71,468,4779,28
2024-08-18,Google Ads,Brand Search,150.21,803.61,410,10916,28
2024-08-18,Snapchat Ads,Prospecting,1988.5,6054.91,185,7122,21
2024-08-18,Pinterest Ads,Awareness,10156.98,36279.69,494,8818,22
2024-08-18,Tiktok Ads,Video,2052.54,18128.33,602,11644,18
2024-08-18,Affiliate,Affiliation,4518.3,8421.0,180,4774,33
2024-08-18,Liveintent,Email,2643.11,9695.17,649,9443,30
2024-08-18,Criteo,Display Retargeting,477.28,2506.47,327,7095,19
2024-08-18,Microsoft Ads,Search,2175.95,8309.69,831,9084,42
2024-08-19,Facebook Ads,Retargeting,6079.3,27571.76,401,4940,23
2024-08-19,Google Ads,Brand Search,317.16,1708.98,253,3926,15
2024-08-19,Snapchat Ads,Prospecting,1160.22,4549.43,561,11649,25
2024-08-19,Pinterest Ads,Awareness,1126.74,6118.29,549,6709,44
2024-08-19,Tiktok Ads,Video,1535.43,9483.15,539,6602,17
2024-08-19,Affiliate,Affiliation,11208.4,74462.66,524,9354,19
2024-08-19,Liveintent,Email,257.12,916.88,577,15120,23
2024-08-19,Criteo,Display Retargeting,2300.92,13070.44,581,8324,24
2024-08-19,Microsoft Ads,Search,603.58,2706.0,396,9209,21
2024-08-20,Facebook Ads,Retargeting,13169.35,58672.85,350,3691,20
2024-08-20,Google Ads,Brand Search,441.0,2013.53,409,5440,28
2024-08-20,Snapchat Ads,Prospecting,1355.38,5595.22,610,5543,38
2024-08-20,Pinterest Ads,Awareness,3161.13,23503.25,447,6006,37
2024-08-20,Tiktok Ads,Video,3105.29,19010.52,221,2591,23
2024-08-20,Affiliate,Affiliation,1413.22,7240.51,404,12329,20
2024-08-20,Liveintent,Email,1114.99,5829.22,429,3695,37
2024-08-20,Criteo,Display Retargeting,1116.78,9629.5,269,3905,21
2024-08-20,Microsoft Ads,Search,847.16,2873.72,267,6576,18
2024-08-21,Facebook Ads,Retargeting,625.98,2980.49,470,6990,22
2024-08-21,Google Ads,Brand Search,1739.65,14203.76,220,4274,18
2024-08-21,Snapchat Ads,Prospecting,890.59,5182.93,328,4491,21
2024-08-21,Pinterest Ads,Awareness,867.28,3752.2,266,7075,32
2024-08-21,Tiktok Ads,Video,3864.33,9506.69,281,13541,23
2024-08-21,Affiliate,Affiliation,12101.6,36205.44,443,6698,36
2024-08-21,Liveintent,Email,3126.17,10129.94,353,7406,35
2024-08-21,Criteo,Display Retargeting,174.35,915.18,287,5410,35
2024-08-21,Microsoft Ads,Search,233.73,1802.22,664,5471,26
2024-08-22,Facebook Ads,Retargeting,7531.93,35629.19,385,1959,14
2024-08-22,Google Ads,Brand Search,931.19,6025.95,331,10476,27
2024-08-22,Snapchat Ads,Prospecting,253.04,1313.8,347,6543,24
2024-08-22,Pinterest Ads,Awareness,2543.64,12329.52,399,9170,26
2024-08-22,Tiktok Ads,Video,2075.48,13543.98,412,8688,22
2024-08-22,Affiliate,Affiliation,2313.38,9329.93,202,4312,9
2024-08-22,Liveintent,Email,846.31,5094.12,291,7940,18
2024-08-22,Criteo,Display Retargeting,52.57,178.46,691,6863,42
2024-08-22,Microsoft Ads,Search,10663.96,41725.42,511,10518,55
2024-08-23,Facebook Ads,Retargeting,716.81,4214.79,487,5498,18
2024-08-23,Google Ads,Brand Search,2360.89,13685.26,518,8920,19
2024-08-23,Snapchat Ads,Prospecting,3075.78,14274.26,616,12205,25
2024-08-23,Pinterest Ads,Awareness,2709.99,11808.91,424,10133,35
2024-08-23,Tiktok Ads,Video,1197.28,5990.15,429,7655,20
2024-08-23,Affiliate,Affiliation,771.03,3562.58,451,4127,33
2024-08-23,Liveintent,Email,1821.37,9298.69,240,7067,21
2024-08-23,Criteo,Display Retargeting,6507.49,20744.58,460,5371,15
2024-08-23,Microsoft Ads,Search,6619.51,33217.09,254,3326,16
2024-08-24,Facebook Ads,Retargeting,410.45,1664.75,294,2538,14
2024-08-24,Google Ads,Brand Search,556.83,1069.79,474,5149,21
2024-08-24,Snapchat Ads,Prospecting,7026.24,46608.73,571,8371,29
2024-08-24,Pinterest Ads,Awareness,4484.91,12870.67,260,3507,12
2024-08-24,Tiktok Ads,Video,8441.95,24093.99,385,5503,32
2024-08-24,Affiliate,Affiliation,735.45,2737.19,332,7375,30
2024-08-24,Liveintent,Email,3262.87,13752.53,652,6922,16
2024-08-24,Criteo,Display Retargeting,4011.94,16206.97,581,5530,38
2024-08-24,Microsoft Ads,Search,3494.0,12129.65,379,16264,24
2024-08-25,Facebook Ads,Retargeting,2339.71,5979.41,720,12522,25
2024-08-25,Google Ads,Brand Search,46.6,249.42,395,10003,25
2024-08-25,Snapchat Ads,Prospecting,2881.37,14963.31,762,12186,58
2024-08-25,Pinterest Ads,Awareness,784.84,6925.83,277,9051,6
2024-08-25,Tiktok Ads,Video,2570.59,11837.12,464,5159,22
2024-08-25,Affiliate,Affiliation,14668.95,53617.45,329,4295,20
2024-08-25,Liveintent,Email,1878.13,4125.45,325,4496,11
2024-08-25,Criteo,Display Retargeting,5443.28,42955.91,772,4677,15
2024-08-25,Microsoft Ads,Search,616.86,2512.99,361,4068,24
2024-08-26,Facebook Ads,Retargeting,2962.27,15307.43,604,6489,34
2024-08-26,Google Ads,Brand Search,11476.48,50346.38,399,5608,27
2024-08-26,Snapchat Ads,Prospecting,322.23,1106.16,585,8220,48
2024-08-26,Pinterest Ads,Awareness,26.52,143.54,370,6849,28
2024-08-26,Tiktok Ads,Video,1608.63,8921.22,217,4455,17
2024-08-26,Affiliate,Affiliation,268.26,735.61,449,4452,35
2024-08-26,Liveintent,Email,3614.74,19013.43,229,3176,32
2024-08-26,Criteo,Display Retargeting,7424.21,24803.08,547,8645,37
2024-08-26,Microsoft Ads,Search,1482.46,5216.03,368,9868,13
2024-08-27,Facebook Ads,Retargeting,1318.63,4791.84,361,5904,10
2024-08-27,Google Ads,Brand Search,1754.87,5819.76,511,5631,22
2024-08-27,Snapchat Ads,Prospecting,5045.36,18764.46,518,5200,52
2024-08-27,Pinterest Ads,Awareness,41.69,153.77,546,17221,38
2024-08-27,Tiktok Ads,Video,3794.71,15061.58,416,4749,13
2024-08-27,Affiliate,Affiliation,3244.66,17836.67,527,5779,23
2024-08-27,Liveintent,Email,3412.58,21252.21,354,6684,29
2024-08-27,Criteo,Display Retargeting,976.46,5407.8,611,7146,36
2024-08-27,Microsoft Ads,Search,4922.1,21428.39,200,3097,14
2024-08-28,Facebook Ads,Retargeting,687.73,1674.67,236,5764,18
2024-08-28,Google Ads,Brand Search,1347.62,5630.4,206,1817,16
2024-08-28,Snapchat Ads,Prospecting,14543.67,57679.07,462,7829,20
2024-08-28,Pinterest Ads,Awareness,9458.9,37480.84,217,2910,9
2024-08-28,Tiktok Ads,Video,81.5,407.46,459,4179,19
2024-08-28,Affiliate,Affiliation,1190.86,11223.19,466,13536,31
2024-08-28,Liveintent,Email,1855.11,5784.54,290,10716,19
2024-08-28,Criteo,Display Retargeting,2049.42,10537.75,604,5376,29
2024-08-28,Microsoft Ads,Search,905.54,9513.97,335,4197,13
2024-08-29,Facebook Ads,Retargeting,199.35,774.66,551,7434,41
2024-08-29,Google Ads,Brand Search,2216.05,6044.56,461,9532,22
2024-08-29,Snapchat Ads,Prospecting,4354.78,21436.67,451,9253,13
2024-08-29,Pinterest Ads,Awareness,2744.07,10724.65,470,6546,42
2024-08-29,Tiktok Ads,Video,2857.17,12443.88,319,7068,19
2024-08-29,Affiliate,Affiliation,219.99,936.65,482,12169,24
2024-08-29,Liveintent,Email,8108.66,39083.3,488,11081,29
2024-08-29,Criteo,Display Retargeting,5483.48,25694.62,232,3762,25
2024-08-29,Microsoft Ads,Search,5593.36,26313.42,386,7403,12
2024-08-30,Facebook Ads,Retargeting,4429.85,17865.77,220,2158,19
2024-08-30,Google Ads,Brand Search,5834.53,36231.22,696,13860,21
2024-08-30,Snapchat Ads,Prospecting,2094.26,11221.53,287,5860,14
2024-08-30,Pinterest Ads,Awareness,592.13,2353.39,279,3770,13
2024-08-30,Tiktok Ads,Video,1762.86,9851.91,601,12667,49
2024-08-30,Affiliate,Affiliation,2742.93,15744.09,484,10119,23
2024-08-30,Liveintent,Email,3269.44,8982.88,672,7366,35
2024-08-30,Criteo,Display Retargeting,1768.86,9438.71,460,8731,27
2024-08-30,Microsoft Ads,Search,161.15,1069.24,475,8098,21
2024-08-31,Facebook Ads,Retargeting,1343.72,5638.37,596,6140,34
2024-08-31,Google Ads,Brand Search,6630.58,35259.47,493,7733,16
2024-08-31,Snapchat Ads,Prospecting,1982.15,9615.32,489,8235,22
2024-08-31,Pinterest Ads,Awareness,2010.78,9692.72,454,7252,30
2024-08-31,Tiktok Ads,Video,826.64,2325.34,217,5051,11
2024-08-31,Affiliate,Affiliation,1343.64,4707.41,295,3045,35
2024-08-31,Liveintent,Email,6951.31,29926.3,246,4480,17
2024-08-31,Criteo,Display Retargeting,2546.19,17746.79,231,4571,17
2024-08-31,Microsoft Ads,Search,3170.17,21395.9,511,10712,42
2024-09-01,Facebook Ads,Retargeting,1071.28,8677.61,314,4450,32
2024-09-01,Google Ads,Brand Search,3010.03,13754.3,355,9979,25
2024-09-01,Snapchat Ads,Prospecting,1045.84,4055.02,559,6216,31
2024-09-01,Pinterest Ads,Awareness,4410.86,14410.03,404,8238,43
2024-09-01,Tiktok Ads,Video,1551.9,4065.54,648,8020,27
2024-09-01,Affiliate,Affiliation,1506.92,9251.36,371,9060,22
2024-09-01,Liveintent,Email,3693.09,12150.37,297,1826,8
2024-09-01,Criteo,Display Retargeting,9334.23,29865.63,481,9912,14
2024-09-01,Microsoft Ads,Search,174.77,478.46,569,8101,29
2024-09-02,Facebook Ads,Retargeting,3983.16,29534.06,498,7829,33
2024-09-02,Google Ads,Brand Search,1215.48,4077.18,596,9509,16
2024-09-02,Snapchat Ads,Prospecting,2225.08,9077.02,383,3643,11
2024-09-02,Pinterest Ads,Awareness,71.58,372.09,482,13256,17
2024-09-02,Tiktok Ads,Video,1071.97,3683.51,287,5170,23
2024-09-02,Affiliate,Affiliation,2569.74,11177.08,388,9629,18
2024-09-02,Liveintent,Email,174.4,727.3,290,6799,13
2024-09-02,Criteo,Display Retargeting,2305.12,6753.81,323,6270,19
2024-09-02,Microsoft Ads,Search,6133.5,49222.28,360,6412,14
2024-09-03,Facebook Ads,Retargeting,575.19,2693.79,488,5744,29
2024-09-03,Google Ads,Brand Search,7827.91,34014.28,399,10596,20
2024-09-03,Snapchat Ads,Prospecting,3129.99,14210.49,187,6975,29
2024-09-03,Pinterest Ads,Awareness,3942.6,32613.95,221,3904,38
2024-09-03,Tiktok Ads,Video,2540.59,8376.76,449,7558,24
2024-09-03,Affiliate,Affiliation,1078.5,5960.86,550,5069,18
2024-09-03,Liveintent,Email,942.37,3489.47,393,8813,23
2024-09-03,Criteo,Display Retargeting,621.15,1885.31,449,14196,22
2024-09-03,Microsoft Ads,Search,1223.26,8243.58,429,11273,37
2024-09-04,Facebook Ads,Retargeting,4823.59,16177.94,483,5183,26
2024-09-04,Google Ads,Brand Search,10203.66,31671.37,589,10782,30
2024-09-04,Snapchat Ads,Prospecting,5322.81,27007.54,584,4448,22
2024-09-04,Pinterest Ads,Awareness,3704.5,11044.21,798,7862,18
2024-09-04,Tiktok Ads,Video,466.58,1931.08,508,8556,68
2024-09-04,Affiliate,Affiliation,1339.84,5219.06,570,7229,16
2024-09-04,Liveintent,Email,1154.91,7147.48,178,4704,12
2024-09-04,Criteo,Display Retargeting,931.52,6084.04,585,5965,24
2024-09-04,Microsoft Ads,Search,2806.5,11408.33,485,7723,32
2024-09-05,Facebook Ads,Retargeting,2340.33,10412.97,414,4127,11
2024-09-05,Google Ads,Brand Search,833.52,4077.31,284,5039,29
2024-09-05,Snapchat Ads,Prospecting,869.73,3942.56,547,6458,35
2024-09-05,Pinterest Ads,Awareness,3858.45,18339.14,744,8460,45
2024-09-05,Tiktok Ads,Video,3344.0,17222.84,355,3456,17
2024-09-05,Affiliate,Affiliation,892.48,4818.06,462,6622,22
2024-09-05,Liveintent,Email,4814.2,32293.65,365,5535,23
2024-09-05,Criteo,Display Retargeting,7551.42,19212.99,430,17772,22
2024-09-05,Microsoft Ads,Search,867.67,4428.67,538,13272,50
2024-09-06,Facebook Ads,Retargeting,1295.78,7542.39,353,3669,20
2024-09-06,Google Ads,Brand Search,1807.27,9239.3,419,8766,31
2024-09-06,Snapchat Ads,Prospecting,7686.34,36401.86,664,20670,38
2024-09-06,Pinterest Ads,Awareness,5112.59,26666.37,481,10428,13
2024-09-06,Tiktok Ads,Video,324.99,1185.21,605,4778,16
2024-09-06,Affiliate,Affiliation,1578.44,10174.36,299,7382,16
2024-09-06,Liveintent,Email,2126.19,10391.65,329,4758,10
2024-09-06,Criteo,Display Retargeting,2106.52,10133.44,450,5705,22
2024-09-06,Microsoft Ads,Search,857.52,3900.38,420,10856,36
2024-09-07,Facebook Ads,Retargeting,4123.1,27696.99,548,6481,29
2024-09-07,Google Ads,Brand Search,3890.29,12604.79,508,9344,37
2024-09-07,Snapchat Ads,Prospecting,2926.16,22905.55,388,9086,23
2024-09-07,Pinterest Ads,Awareness,4433.43,24381.1,446,9604,23
2024-09-07,Tiktok Ads,Video,3678.21,12425.48,267,4386,19
2024-09-07,Affiliate,Affiliation,1399.4,7989.89,302,1803,13
2024-09-07,Liveintent,Email,2606.13,8757.3,323,10987,30
2024-09-07,Criteo,Display Retargeting,409.16,1594.8,249,8259,19
2024-09-07,Microsoft Ads,Search,2734.13,18580.16,266,6164,19
2024-09-08,Facebook Ads,Retargeting,612.56,2854.87,402,9848,30
2024-09-08,Google Ads,Brand Search,4032.49,29835.79,390,7159,28
2024-09-08,Snapchat Ads,Prospecting,1194.94,6281.77,459,6684,31
2024-09-08,Pinterest Ads,Awareness,382.26,2224.59,506,11306,36
2024-09-08,Tiktok Ads,Video,1063.28,4696.79,186,4274,10
2024-09-08,Affiliate,Affiliation,12.47,51.09,586,8692,34
2024-09-08,Liveintent,Email,6025.72,25716.64,429,11933,32
2024-09-08,Criteo,Display Retargeting,7658.41,27067.77,550,5822,34
2024-09-08,Microsoft Ads,Search,2787.96,13004.76,545,6797,28
2024-09-09,Facebook Ads,Retargeting,1073.79,6139.7,395,5576,24
2024-09-09,Google Ads,Brand Search,522.77,2136.88,431,9229,24
2024-09-09,Snapchat Ads,Prospecting,152.5,723.13,329,8475,15
2024-09-09,Pinterest Ads,Awareness,1246.0,4280.09,445,7669,30
2024-09-09,Tiktok Ads,Video,21896.16,86998.77,452,9557,37
2024-09-09,Affiliate,Affiliation,2592.51,12623.47,280,6449,15
2024-09-09,Liveintent,Email,3557.41,16643.85,547,12646,51
2024-09-09,Criteo,Display Retargeting,920.73,3770.29,788,6852,27
2024-09-09,Microsoft Ads,Search,2204.32,11132.1,573,4889,38
2024-09-10,Facebook Ads,Retargeting,2955.88,16806.61,452,2430,27
2024-09-10,Google Ads,Brand Search,4880.55,14511.7,317,6483,27
2024-09-10,Snapchat Ads,Prospecting,988.19,4680.12,257,5328,27
2024-09-10,Pinterest Ads,Awareness,186.86,1083.45,235,9677,49
2024-09-10,Tiktok Ads,Video,1958.8,10496.92,383,5297,22
2024-09-10,Affiliate,Affiliation,1269.78,4691.32,341,3954,24
2024-09-10,Liveintent,Email,563.0,4170.92,345,3300,12
2024-09-10,Criteo,Display Retargeting,14530.77,46804.81,358,4784,20
2024-09-10,Microsoft Ads,Search,2442.54,15669.67,468,8118,26
2024-09-11,Facebook Ads,Retargeting,3232.26,10995.9,184,3916,17
2024-09-11,Google Ads,Brand Search,2849.02,7631.66,540,6282,15
2024-09-11,Snapchat Ads,Prospecting,2129.54,11155.04,424,8484,18
2024-09-11,Pinterest Ads,Awareness,3340.49,17433.02,443,9872,13
2024-09-11,Tiktok Ads,Video,5317.8,20405.74,655,9744,16
2024-09-11,Affiliate,Affiliation,4296.61,26850.9,506,10771,14
2024-09-11,Liveintent,Email,651.02,3960.75,424,7757,16
2024-09-11,Criteo,Display Retargeting,2709.14,10910.01,544,7138,31
2024-09-11,Microsoft Ads,Search,1918.11,9288.73,288,5673,22
2024-09-12,Facebook Ads,Retargeting,5678.38,37382.1,406,7475,29
2024-09-12,Google Ads,Brand Search,4061.8,12992.43,638,4191,26
2024-09-12,Snapchat Ads,Prospecting,3828.53,14852.41,312,4839,22
2024-09-12,Pinterest Ads,Awareness,547.67,1678.18,386,4124,12
2024-09-12,Tiktok Ads,Video,3312.1,16586.11,736,5186,44
2024-09-12,Affiliate,Affiliation,425.77,1594.64,189,4123,19
2024-09-12,Liveintent,Email,1114.27,5761.16,441,10727,37
2024-09-12,Criteo,Display Retargeting,520.35,2474.24,167,6196,23
2024-09-12,Microsoft Ads,Search,4651.63,19286.56,263,3766,11
2024-09-13,Facebook Ads,Retargeting,1087.41,6679.48,375,11201,33
2024-09-13,Google Ads,Brand Search,1402.73,9280.11,371,2588,8
2024-09-13,Snapchat Ads,Prospecting,10247.1,48552.86,512,9195,25
2024-09-13,Pinterest Ads,Awareness,1132.55,5050.66,263,8113,16
2024-09-13,Tiktok Ads,Video,2556.58,13635.59,289,4283,19
2024-09-13,Affiliate,Affiliation,2491.16,9621.56,550,18138,37
2024-09-13,Liveintent,Email,67.03,387.32,526,5260,24
2024-09-13,Criteo,Display Retargeting,5390.22,30529.46,408,4736,26
2024-09-13,Microsoft Ads,Search,269.88,1597.54,346,7251,16
2024-09-14,Facebook Ads,Retargeting,2408.69,16921.94,450,7307,33
2024-09-14,Google Ads,Brand Search,3005.52,11038.0,345,4500,9
2024-09-14,Snapchat Ads,Prospecting,4374.75,19093.47,422,5447,43
2024-09-14,Pinterest Ads,Awareness,3982.58,13597.08,598,7165,32
2024-09-14,Tiktok Ads,Video,1377.0,3779.91,576,7609,49
2024-09-14,Affiliate,Affiliation,48.63,126.35,522,6114,34
2024-09-14,Liveintent,Email,5271.2,28863.19,689,5128,55
2024-09-14,Criteo,Display Retargeting,2311.17,12374.14,264,3959,17
2024-09-14,Microsoft Ads,Search,5502.21,24976.68,360,5581,20
2024-09-15,Facebook Ads,Retargeting,2438.35,15173.11,669,6578,30
2024-09-15,Google Ads,Brand Search,3451.53,20073.67,338,6824,12
2024-09-15,Snapchat Ads,Prospecting,1442.19,4525.67,527,8545,23
2024-09-15,Pinterest Ads,Awareness,1002.46,4091.61,270,4479,19
2024-09-15,Tiktok Ads,Video,2593.12,15448.7,387,4907,29
2024-09-15,Affiliate,Affiliation,1435.91,4596.08,422,7295,21
2024-09-15,Liveintent,Email,397.56,1365.56,279,6391,24
2024-09-15,Criteo,Display Retargeting,5157.8,21512.16,507,10359,20
2024-09-15,Microsoft Ads,Search,4164.36,16234.75,186,7169,15
2024-09-16,Facebook Ads,Retargeting,2096.13,6359.21,529,4908,29
2024-09-16,Google Ads,Brand Search,409.0,1196.08,180,3809,21
2024-09-16,Snapchat Ads,Prospecting,1857.27,9700.54,303,5462,13
2024-09-16,Pinterest Ads,Awareness,3577.2,41482.97,315,5408,33
2024-09-16,Tiktok Ads,Video,8945.01,41216.18,302,12586,42
2024-09-16,Affiliate,Affiliation,666.32,3916.53,521,15967,17
2024-09-16,Liveintent,Email,232.59,1443.47,256,6831,12
2024-09-16,Criteo,Display Retargeting,9518.17,24144.01,348,4499,33
2024-09-16,Microsoft Ads,Search,1657.5,8961.72,320,2499,8
2024-09-17,Facebook Ads,Retargeting,1434.48,3799.54,376,5848,25
2024-09-17,Google Ads,Brand Search,8721.43,38490.15,475,5211,42
2024-09-17,Snapchat Ads,Prospecting,86.05,560.84,323,5346,25
2024-09-17,Pinterest Ads,Awareness,2115.0,13497.56,624,5501,11
2024-09-17,Tiktok Ads,Video,150.75,798.11,528,5046,36
2024-09-17,Affiliate,Affiliation,728.24,3843.17,259,8752,28
2024-09-17,Liveintent,Email,2609.78,15946.94,326,12712,10
2024-09-17,Criteo,Display Retargeting,938.38,2857.12,492,11521,25
2024-09-17,Microsoft Ads,Search,9422.63,53074.09,368,2377,11
2024-09-18,Facebook Ads,Retargeting,3056.42,26075.25,460,5923,31
2024-09-18,Google Ads,Brand Search,1815.58,17649.29,457,6966,21
2024-09-18,Snapchat Ads,Prospecting,1300.81,7093.5,321,5338,10
2024-09-18,Pinterest Ads,Awareness,2187.47,7606.41,724,15328,28
2024-09-18,Tiktok Ads,Video,1780.72,13527.72,549,5637,60
2024-09-18,Affiliate,Affiliation,475.26,1860.09,653,8911,46
2024-09-18,Liveintent,Email,2720.6,11622.95,329,5112,11
2024-09-18,Criteo,Display Retargeting,4309.82,14328.8,587,12748,45
2024-09-18,Microsoft Ads,Search,6760.97,31576.38,389,7381,12
2024-09-19,Facebook Ads,Retargeting,6778.65,22122.0,375,10675,22
2024-09-19,Google Ads,Brand Search,3606.92,19567.47,441,6809,31
2024-09-19,Snapchat Ads,Prospecting,37.21,82.27,246,7911,19
2024-09-19,Pinterest Ads,Awareness,975.94,6058.01,228,3460,31
2024-09-19,Tiktok Ads,Video,3603.42,14250.21,461,5928,24
2024-09-19,Affiliate,Affiliation,2286.47,16909.48,436,10927,33
2024-09-19,Liveintent,Email,20.99,94.23,298,4700,14
2024-09-19,Criteo,Display Retargeting,5326.24,16237.51,521,4705,40
2024-09-19,Microsoft Ads,Search,4482.72,30672.34,188,4315,16
2024-09-20,Facebook Ads,Retargeting,2682.29,14699.7,438,8668,30
2024-09-20,Google Ads,Brand Search,239.25,628.02,735,6226,33
2024-09-20,Snapchat Ads,Prospecting,5005.42,20553.83,526,9866,21
2024-09-20,Pinterest Ads,Awareness,3738.85,13556.84,303,8432,16
2024-09-20,Tiktok Ads,Video,4893.62,22726.05,352,5946,11
2024-09-20,Affiliate,Affiliation,5030.86,19426.02,477,4047,14
2024-09-20,Liveintent,Email,5835.92,25466.33,418,3801,21
2024-09-20,Criteo,Display Retargeting,2267.5,10719.86,691,14384,20
2024-09-20,Microsoft Ads,Search,392.07,1728.46,538,9023,29
2024-09-21,Facebook Ads,Retargeting,3175.69,11579.95,462,10558,58
2024-09-21,Google Ads,Brand Search,2292.86,10212.08,594,5904,40
2024-09-21,Snapchat Ads,Prospecting,3011.05,19119.25,287,10619,26
2024-09-21,Pinterest Ads,Awareness,544.37,2322.96,210,2665,17
2024-09-21,Tiktok Ads,Video,675.12,2029.98,626,6294,17
2024-09-21,Affiliate,Affiliation,5506.21,39608.21,240,5075,14
2024-09-21,Liveintent,Email,4230.03,19963.8,309,2927,22
2024-09-21,Criteo,Display Retargeting,6577.65,25203.1,239,4800,6
2024-09-21,Microsoft Ads,Search,4324.19,14923.41,176,3234,8
2024-09-22,Facebook Ads,Retargeting,4725.41,16838.15,423,11570,33
2024-09-22,Google Ads,Brand Search,4501.5,19476.84,451,4925,33
2024-09-22,Snapchat Ads,Prospecting,8593.02,31235.96,328,3717,15
2024-09-22,Pinterest Ads,Awareness,2569.89,13640.73,343,4085,12
2024-09-22,Tiktok Ads,Video,5014.82,14571.6,413,3295,16
2024-09-22,Affiliate,Affiliation,600.71,2752.44,410,10082,22
2024-09-22,Liveintent,Email,2334.69,8544.28,512,5927,30
2024-09-22,Criteo,Display Retargeting,6176.81,16882.82,401,10611,41
2024-09-22,Microsoft Ads,Search,877.95,4895.01,532,10045,30
2024-09-23,Facebook Ads,Retargeting,864.44,2107.56,253,5714,24
2024-09-23,Google Ads,Brand Search,2290.6,11049.14,420,3621,26
2024-09-23,Snapchat Ads,Prospecting,1427.68,8706.54,449,10563,47
2024-09-23,Pinterest Ads,Awareness,831.24,5629.63,414,4117,12
2024-09-23,Tiktok Ads,Video,3001.5,13917.36,277,12224,42
2024-09-23,Affiliate,Affiliation,13425.17,42162.69,321,6639,14
2024-09-23,Liveintent,Email,4021.52,12972.56,554,9347,42
2024-09-23,Criteo,Display Retargeting,966.54,3043.19,727,7695,24
2024-09-23,Microsoft Ads,Search,290.27,1490.48,576,9277,41
2024-09-24,Facebook Ads,Retargeting,2445.22,15538.14,818,5685,22
2024-09-24,Google Ads,Brand Search,726.61,4929.77,537,5018,34
2024-09-24,Snapchat Ads,Prospecting,3339.76,20253.06,455,4385,28
2024-09-24,Pinterest Ads,Awareness,3484.32,11916.43,224,3702,11
2024-09-24,Tiktok Ads,Video,2985.93,12733.12,235,6828,12
2024-09-24,Affiliate,Affiliation,743.0,1222.65,624,19246,27
2024-09-24,Liveintent,Email,2201.29,7905.65,617,5971,38
2024-09-24,Criteo,Display Retargeting,530.49,2940.88,617,6573,30
2024-09-24,Microsoft Ads,Search,6026.14,29186.35,366,5387,28
2024-09-25,Facebook Ads,Retargeting,4941.38,16553.81,453,7768,51
2024-09-25,Google Ads,Brand Search,2402.49,7164.32,528,4652,9
2024-09-25,Snapchat Ads,Prospecting,1917.81,8439.4,330,4925,23
2024-09-25,Pinterest Ads,Awareness,778.23,4672.98,412,3200,14
2024-09-25,Tiktok Ads,Video,4337.63,21434.92,380,5777,14
2024-09-25,Affiliate,Affiliation,1436.03,4083.3,259,7173,24
2024-09-25,Liveintent,Email,5308.42,19244.49,399,5202,21
2024-09-25,Criteo,Display Retargeting,1710.81,6344.23,480,7061,26
2024-09-25,Microsoft Ads,Search,4416.64,26389.27,479,6414,30
2024-09-26,Facebook Ads,Retargeting,7976.77,27113.29,299,7208,14
2024-09-26,Google Ads,Brand Search,5900.99,28330.44,411,7425,28
2024-09-26,Snapchat Ads,Prospecting,3719.35,28403.96,641,14042,14
2024-09-26,Pinterest Ads,Awareness,600.98,3484.73,367,12425,19
2024-09-26,Tiktok Ads,Video,452.89,1703.77,251,2135,12
2024-09-26,Affiliate,Affiliation,6691.88,22227.16,402,6778,25
2024-09-26,Liveintent,Email,1027.46,12898.01,578,6928,51
2024-09-26,Criteo,Display Retargeting,2031.12,8729.8,354,4992,16
2024-09-26,Microsoft Ads,Search,162.45,692.86,635,8312,44
2024-09-27,Facebook Ads,Retargeting,588.2,3944.21,661,7729,36
2024-09-27,Google Ads,Brand Search,116.48,410.81,288,3412,13
2024-09-27,Snapchat Ads,Prospecting,9206.1,30415.15,245,4415,19
2024-09-27,Pinterest Ads,Awareness,700.75,3414.09,373,7036,18
2024-09-27,Tiktok Ads,Video,2786.0,12719.14,499,10024,30
2024-09-27,Affiliate,Affiliation,168.06,449.9,272,10950,22
2024-09-27,Liveintent,Email,4874.34,16448.91,344,3003,24
2024-09-27,Criteo,Display Retargeting,1121.32,4558.16,434,8785,48
2024-09-27,Microsoft Ads,Search,7208.3,27996.25,477,10511,31
2024-09-28,Facebook Ads,Retargeting,2899.17,26476.69,329,5662,33
2024-09-28,Google Ads,Brand Search,983.68,3407.61,254,3868,15
2024-09-28,Snapchat Ads,Prospecting,5324.61,21605.12,407,14409,41
2024-09-28,Pinterest Ads,Awareness,9854.67,77509.35,317,6820,23
2024-09-28,Tiktok Ads,Video,1934.01,16818.5,334,4900,15
2024-09-28,Affiliate,Affiliation,2682.83,19664.99,687,5336,27
2024-09-28,Liveintent,Email,536.18,1324.87,418,5857,13
2024-09-28,Criteo,Display Retargeting,1420.78,7693.63,403,7455,16
2024-09-28,Microsoft Ads,Search,186.71,706.06,407,6324,31
2024-09-29,Facebook Ads,Retargeting,74.71,388.68,287,4589,17
2024-09-29,Google Ads,Brand Search,7910.44,25718.8,237,4674,17
2024-09-29,Snapchat Ads,Prospecting,500.42,1798.59,389,4116,20
2024-09-29,Pinterest Ads,Awareness,1301.54,6733.82,394,6537,30
2024-09-29,Tiktok Ads,Video,2415.93,9578.73,297,13291,28
2024-09-29,Affiliate,Affiliation,2838.98,16007.48,589,7755,41
2024-09-29,Liveintent,Email,7560.38,41741.37,322,2345,9
2024-09-29,Criteo,Display Retargeting,434.68,1674.85,389,3989,16
2024-09-29,Microsoft Ads,Search,47.22,283.13,435,8191,30
2024-09-30,Facebook Ads,Retargeting,2640.68,9795.18,745,6499,30
2024-09-30,Google Ads,Brand Search,958.7,5440.89,370,6229,20
2024-09-30,Snapchat Ads,Prospecting,131.93,605.45,563,7799,43
2024-09-30,Pinterest Ads,Awareness,1825.05,12244.68,530,6394,19
2024-09-30,Tiktok Ads,Video,8665.62,55137.8,384,10007,25
2024-09-30,Affiliate,Affiliation,5606.56,20327.26,463,5769,32
2024-09-30,Liveintent,Email,2102.84,9037.71,513,6684,15
2024-09-30,Criteo,Display Retargeting,5258.41,22588.73,401,10914,31
2024-09-30,Microsoft Ads,Search,1643.09,8284.79,403,8302,26
2024-10-01,Facebook Ads,Retargeting,49.1,120.18,222,5105,16
2024-10-01,Google Ads,Brand Search,3411.88,29784.68,352,4757,17
2024-10-01,Snapchat Ads,Prospecting,3818.89,10265.03,256,5839,24
2024-10-01,Pinterest Ads,Awareness,4818.03,20061.67,472,2497,18
2024-10-01,Tiktok Ads,Video,172.58,518.28,557,7141,25
2024-10-01,Affiliate,Affiliation,5136.21,15284.09,450,8489,31
2024-10-01,Liveintent,Email,1937.94,15428.53,252,5386,28
2024-10-01,Criteo,Display Retargeting,1818.38,13505.64,460,14322,30
2024-10-01,Microsoft Ads,Search,2387.63,12181.51,458,8895,26
2024-10-02,Facebook Ads,Retargeting,4350.06,13818.36,701,7507,32
2024-10-02,Google Ads,Brand Search,1988.72,5960.14,218,2746,11
2024-10-02,Snapchat Ads,Prospecting,1979.1,6634.6,338,3534,16
2024-10-02,Pinterest Ads,Awareness,10934.14,59475.48,685,8612,35
2024-10-02,Tiktok Ads,Video,2832.38,18030.55,272,4287,19
2024-10-02,Affiliate,Affiliation,1296.6,4385.17,484,10542,27
2024-10-02,Liveintent,Email,1684.64,12116.93,301,4131,13
2024-10-02,Criteo,Display Retargeting,786.08,3222.67,263,4393,18
2024-10-02,Microsoft Ads,Search,600.1,2094.0,656,10455,57
2024-10-03,Facebook Ads,Retargeting,1217.88,4322.67,484,6001,17
2024-10-03,Google Ads,Brand Search,4287.38,15848.63,393,4361,12
2024-10-03,Snapchat Ads,Prospecting,1774.83,18970.11,428,7943,12
2024-10-03,Pinterest Ads,Awareness,423.5,2578.87,734,13353,39
2024-10-03,Tiktok Ads,Video,1253.84,4520.5,383,14887,20
2024-10-03,Affiliate,Affiliation,309.8,1802.14,641,9104,24
2024-10-03,Liveintent,Email,5006.45,56680.37,322,2743,15
2024-10-03,Criteo,Display Retargeting,5628.49,28349.11,324,5189,34
2024-10-03,Microsoft Ads,Search,840.89,5920.77,247,2647,23
2024-10-04,Facebook Ads,Retargeting,3483.43,14008.18,426,7056,20
2024-10-04,Google Ads,Brand Search,2061.07,13640.34,227,4904,23
2024-10-04,Snapchat Ads,Prospecting,2625.03,6048.26,358,5878,18
2024-10-04,Pinterest Ads,Awareness,109.11,760.78,483,9918,15
2024-10-04,Tiktok Ads,Video,985.39,9051.91,348,6632,13
2024-10-04,Affiliate,Affiliation,1861.25,6484.27,494,6661,31
2024-10-04,Liveintent,Email,3620.39,12178.42,208,5434,20
2024-10-04,Criteo,Display Retargeting,903.38,5787.01,653,7547,29
2024-10-04,Microsoft Ads,Search,5602.8,44523.96,511,9632,34
2024-10-05,Facebook Ads,Retargeting,820.98,2115.96,624,9601,21
2024-10-05,Google Ads,Brand Search,2034.03,11308.91,264,4242,20
2024-10-05,Snapchat Ads,Prospecting,4518.78,17632.94,288,5702,18
2024-10-05,Pinterest Ads,Awareness,4973.36,28209.21,540,8675,46
2024-10-05,Tiktok Ads,Video,3990.23,17498.57,318,7156,24
2024-10-05,Affiliate,Affiliation,917.89,3941.79,485,6455,31
2024-10-05,Liveintent,Email,609.05,3242.1,300,2963,34
2024-10-05,Criteo,Display Retargeting,4248.76,16862.22,420,11011,23
2024-10-05,Microsoft Ads,Search,3255.77,16464.01,496,7707,29
2024-10-06,Facebook Ads,Retargeting,869.06,2146.14,445,6493,17
2024-10-06,Google Ads,Brand Search,5269.75,26406.43,334,4556,29
2024-10-06,Snapchat Ads,Prospecting,2425.98,11673.19,619,3365,42
2024-10-06,Pinterest Ads,Awareness,4365.46,13957.82,321,6919,23
2024-10-06,Tiktok Ads,Video,5628.12,19209.63,634,10108,35
2024-10-06,Affiliate,Affiliation,529.2,3698.58,204,4783,11
2024-10-06,Liveintent,Email,78.68,280.43,452,8030,32
2024-10-06,Criteo,Display Retargeting,5886.83,18841.28,488,8567,39
2024-10-06,Microsoft Ads,Search,2483.89,17356.13,717,13715,45
2024-10-07,Facebook Ads,Retargeting,2959.83,14090.78,567,7424,33
2024-10-07,Google Ads,Brand Search,4855.2,27781.73,523,8468,30
2024-10-07,Snapchat Ads,Prospecting,3837.34,5721.01,447,5014,14
2024-10-07,Pinterest Ads,Awareness,7610.03,21961.36,187,3753,23
2024-10-07,Tiktok Ads,Video,2267.44,7699.35,446,7785,38
2024-10-07,Affiliate,Affiliation,1427.72,7295.65,489,9586,42
2024-10-07,Liveintent,Email,1073.51,6489.8,364,11869,7
2024-10-07,Criteo,Display Retargeting,439.65,1320.41,426,6166,24
2024-10-07,Microsoft Ads,Search,2668.29,8964.71,371,6706,31
2024-10-08,Facebook Ads,Retargeting,1617.7,7769.6,470,7351,28
2024-10-08,Google Ads,Brand Search,11641.86,66899.62,175,3940,8
2024-10-08,Snapchat Ads,Prospecting,3701.38,15943.21,565,7190,12
2024-10-08,Pinterest Ads,Awareness,4809.92,28102.09,488,9899,55
2024-10-08,Tiktok Ads,Video,2339.46,8531.26,449,8107,26
2024-10-08,Affiliate,Affiliation,255.45,1206.67,510,15191,26
2024-10-08,Liveintent,Email,152.47,845.6,406,9797,26
2024-10-08,Criteo,Display Retargeting,3581.19,14134.72,379,2848,24
2024-10-08,Microsoft Ads,Search,320.54,1267.56,411,4823,14
2024-10-09,Facebook Ads,Retargeting,2196.8,8489.46,496,5898,21
2024-10-09,Google Ads,Brand Search,3579.18,12585.15,365,4275,17
2024-10-09,Snapchat Ads,Prospecting,2968.61,17156.37,574,7355,18
2024-10-09,Pinterest Ads,Awareness,1918.36,11557.12,782,14251,30
2024-10-09,Tiktok Ads,Video,378.35,2439.0,315,6841,41
2024-10-09,Affiliate,Affiliation,4586.16,25434.35,483,8441,21
2024-10-09,Liveintent,Email,3982.13,23930.42,317,9383,25
2024-10-09,Criteo,Display Retargeting,352.17,2050.22,598,7292,39
2024-10-09,Microsoft Ads,Search,1847.22,8071.69,410,5762,20
2024-10-10,Facebook Ads,Retargeting,558.05,3093.7,509,4822,11
2024-10-10,Google Ads,Brand Search,3717.99,11100.02,478,14758,25
2024-10-10,Snapchat Ads,Prospecting,8380.26,42893.22,609,6537,27
2024-10-10,Pinterest Ads,Awareness,66.94,255.02,416,14070,41
2024-10-10,Tiktok Ads,Video,4366.39,16940.51,358,6022,10
2024-10-10,Affiliate,Affiliation,1942.43,7172.82,337,4081,16
2024-10-10,Liveintent,Email,5091.07,27848.22,608,3763,56
2024-10-10,Criteo,Display Retargeting,978.4,6727.11,673,8992,33
2024-10-10,Microsoft Ads,Search,3123.9,16148.34,348,4243,16
2024-10-11,Facebook Ads,Retargeting,152.33,809.37,295,3753,12
2024-10-11,Google Ads,Brand Search,1138.48,4558.13,209,5137,11
2024-10-11,Snapchat Ads,Prospecting,92.01,913.7,210,5107,28
2024-10-11,Pinterest Ads,Awareness,13170.43,25250.21,309,5438,7
2024-10-11,Tiktok Ads,Video,4664.73,22948.26,513,6875,9
2024-10-11,Affiliate,Affiliation,5765.93,18178.84,469,7771,21
2024-10-11,Liveintent,Email,5224.6,27070.34,272,7990,16
2024-10-11,Criteo,Display Retargeting,236.89,592.66,217,5082,23
2024-10-11,Microsoft Ads,Search,1315.75,2045.51,216,4713,16
2024-10-12,Facebook Ads,Retargeting,167.26,1001.16,368,5826,9
2024-10-12,Google Ads,Brand Search,1164.1,5603.38,327,7511,20
2024-10-12,Snapchat Ads,Prospecting,878.24,4437.09,534,6693,30
2024-10-12,Pinterest Ads,Awareness,4020.7,13613.35,383,7557,17
2024-10-12,Tiktok Ads,Video,1448.05,5576.44,280,5923,23
2024-10-12,Affiliate,Affiliation,328.82,1993.23,590,12863,21
2024-10-12,Liveintent,Email,866.95,3824.01,316,9541,17
2024-10-12,Criteo,Display Retargeting,676.49,3568.89,500,10840,28
2024-10-12,Microsoft Ads,Search,19501.25,68508.66,598,7205,16
2024-10-13,Facebook Ads,Retargeting,4589.99,17232.36,603,10402,38
2024-10-13,Google Ads,Brand Search,9562.97,39479.3,270,5412,11
2024-10-13,Snapchat Ads,Prospecting,1786.43,6459.2,483,10047,24
2024-10-13,Pinterest Ads,Awareness,806.72,3453.97,496,12568,20
2024-10-13,Tiktok Ads,Video,2984.72,17761.54,315,3384,15
2024-10-13,Affiliate,Affiliation,771.0,4038.19,426,8463,25
2024-10-13,Liveintent,Email,997.51,2941.84,264,3022,12
2024-10-13,Criteo,Display Retargeting,661.27,2368.01,326,3936,16
2024-10-13,Microsoft Ads,Search,359.67,2163.33,348,5467,21
2024-10-14,Facebook Ads,Retargeting,1635.68,6815.75,412,7581,27
2024-10-14,Google Ads,Brand Search,2808.88,10948.62,255,7880,24
2024-10-14,Snapchat Ads,Prospecting,7256.49,29738.08,445,6956,16
2024-10-14,Pinterest Ads,Awareness,190.33,1822.62,423,10169,20
2024-10-14,Tiktok Ads,Video,1345.61,5760.71,528,14436,43
2024-10-14,Affiliate,Affiliation,7582.73,22482.97,510,9365,27
2024-10-14,Liveintent,Email,892.19,4386.21,415,7714,31
2024-10-14,Criteo,Display Retargeting,1512.54,8433.17,269,7368,25
2024-10-14,Microsoft Ads,Search,9068.78,37432.65,505,4691,9
2024-10-15,Facebook Ads,Retargeting,1282.59,3335.25,422,3837,16
2024-10-15,Google Ads,Brand Search,453.6,1950.83,346,4107,14
2024-10-15,Snapchat Ads,Prospecting,3498.07,23467.87,448,11085,17
2024-10-15,Pinterest Ads,Awareness,1913.14,9002.95,436,14799,16
2024-10-15,Tiktok Ads,Video,4987.86,18130.72,296,5445,23
2024-10-15,Affiliate,Affiliation,9190.82,38894.49,278,3238,24
2024-10-15,Liveintent,Email,757.4,4905.88,323,12789,19
2024-10-15,Criteo,Display Retargeting,5262.82,26018.12,521,10826,23
2024-10-15,Microsoft Ads,Search,2945.03,8986.78,495,8709,60
2024-10-16,Facebook Ads,Retargeting,1040.62,3397.19,534,13097,23
2024-10-16,Google Ads,Brand Search,3659.17,24783.05,549,5354,21
2024-10-16,Snapchat Ads,Prospecting,1963.52,11571.84,411,11452,29
2024-10-16,Pinterest Ads,Awareness,3492.11,18042.09,538,3404,32
2024-10-16,Tiktok Ads,Video,653.55,2506.32,461,12825,27
2024-10-16,Affiliate,Affiliation,4158.77,14131.84,573,4516,20
2024-10-16,Liveintent,Email,1775.43,9132.17,278,5718,22
2024-10-16,Criteo,Display Retargeting,8129.81,51676.73,433,8966,14
2024-10-16,Microsoft Ads,Search,378.17,1738.06,409,4400,31
2024-10-17,Facebook Ads,Retargeting,1756.66,7495.62,222,3205,16
2024-10-17,Google Ads,Brand Search,1851.81,8168.94,780,7908,41
2024-10-17,Snapchat Ads,Prospecting,4501.46,20381.05,360,5520,43
2024-10-17,Pinterest Ads,Awareness,2378.31,7959.6,441,3661,13
2024-10-17,Tiktok Ads,Video,2516.94,11292.96,289,7254,12
2024-10-17,Affiliate,Affiliation,4923.19,23001.64,505,3924,20
2024-10-17,Liveintent,Email,5421.85,23809.6,326,5060,15
2024-10-17,Criteo,Display Retargeting,1131.48,4868.41,227,5920,12
2024-10-17,Microsoft Ads,Search,1006.97,11611.41,237,10531,25
2024-10-18,Facebook Ads,Retargeting,3405.66,12206.47,327,3345,15
2024-10-18,Google Ads,Brand Search,7894.04,46977.85,489,7029,43
2024-10-18,Snapchat Ads,Prospecting,3536.38,14199.08,318,9487,21
2024-10-18,Pinterest Ads,Awareness,802.3,4244.59,586,5697,36
2024-10-18,Tiktok Ads,Video,225.36,1344.51,351,9327,17
2024-10-18,Affiliate,Affiliation,1399.8,4453.02,536,8659,33
2024-10-18,Liveintent,Email,2327.1,12589.93,375,11526,19
2024-10-18,Criteo,Display Retargeting,1411.37,4753.24,497,9651,39
2024-10-18,Microsoft Ads,Search,1123.14,8377.49,355,2986,15
2024-10-19,Facebook Ads,Retargeting,5389.07,16877.13,341,3449,34
2024-10-19,Google Ads,Brand Search,1352.87,8225.84,418,4168,9
2024-10-19,Snapchat Ads,Prospecting,8667.62,28093.8,563,6910,40
2024-10-19,Pinterest Ads,Awareness,1496.27,7360.24,247,2469,12
2024-10-19,Tiktok Ads,Video,1218.33,3742.34,478,5134,27
2024-10-19,Affiliate,Affiliation,1558.54,11256.15,593,7621,26
2024-10-19,Liveintent,Email,4527.02,13829.36,579,7583,24
2024-10-19,Criteo,Display Retargeting,414.36,1932.2,458,9823,28
2024-10-19,Microsoft Ads,Search,949.14,3873.8,339,4644,14
2024-10-20,Facebook Ads,Retargeting,11201.71,49435.79,285,5432,31
2024-10-20,Google Ads,Brand Search,744.05,3351.91,466,4385,26
2024-10-20,Snapchat Ads,Prospecting,2297.44,20874.61,305,3762,33
2024-10-20,Pinterest Ads,Awareness,3565.63,9197.92,377,5183,16
2024-10-20,Tiktok Ads,Video,1440.87,11370.74,400,8963,20
2024-10-20,Affiliate,Affiliation,3664.6,22555.55,260,3751,18
2024-10-20,Liveintent,Email,1094.65,5704.5,425,16376,17
2024-10-20,Criteo,Display Retargeting,1979.2,14414.18,405,12256,20
2024-10-20,Microsoft Ads,Search,1096.9,8253.84,550,6214,22
2024-10-21,Facebook Ads,Retargeting,5379.79,33584.74,570,9225,26
2024-10-21,Google Ads,Brand Search,994.04,3434.57,512,7187,13
2024-10-21,Snapchat Ads,Prospecting,4293.26,30033.43,219,4052,18
2024-10-21,Pinterest Ads,Awareness,900.59,4847.72,347,6083,13
2024-10-21,Tiktok Ads,Video,1844.01,4547.18,337,3743,16
2024-10-21,Affiliate,Affiliation,1821.64,8115.16,432,5740,22
2024-10-21,Liveintent,Email,1309.45,5618.08,491,4621,38
2024-10-21,Criteo,Display Retargeting,7264.02,38400.34,220,6019,24
2024-10-21,Microsoft Ads,Search,1433.07,9335.43,307,6604,32
2024-10-22,Facebook Ads,Retargeting,5149.99,32326.76,334,4060,24
2024-10-22,Google Ads,Brand Search,9902.75,47635.72,347,6605,27
2024-10-22,Snapchat Ads,Prospecting,2568.81,8057.72,466,15968,35
2024-10-22,Pinterest Ads,Awareness,366.66,1693.74,483,3716,20
2024-10-22,Tiktok Ads,Video,902.77,6734.45,596,9257,22
2024-10-22,Affiliate,Affiliation,2917.39,24836.63,532,3938,22
2024-10-22,Liveintent,Email,1407.55,5736.9,431,13828,33
2024-10-22,Criteo,Display Retargeting,204.43,1179.68,534,8259,36
2024-10-22,Microsoft Ads,Search,2150.84,8843.72,286,2323,7
2024-10-23,Facebook Ads,Retargeting,5458.62,29380.31,484,7003,21
2024-10-23,Google Ads,Brand Search,3531.66,11586.0,341,3663,19
2024-10-23,Snapchat Ads,Prospecting,562.74,2492.11,261,6506,15
2024-10-23,Pinterest Ads,Awareness,3337.88,16510.27,210,5119,26
2024-10-23,Tiktok Ads,Video,753.28,2116.57,516,5992,31
2024-10-23,Affiliate,Affiliation,626.39,3013.8,396,7555,21
2024-10-23,Liveintent,Email,5659.92,18102.76,655,10982,56
2024-10-23,Criteo,Display Retargeting,666.62,3106.52,430,4929,25
2024-10-23,Microsoft Ads,Search,672.67,2490.73,248,2764,10
2024-10-24,Facebook Ads,Retargeting,1.83,8.79,428,6450,15
2024-10-24,Google Ads,Brand Search,7556.51,25061.35,253,4649,22
2024-10-24,Snapchat Ads,Prospecting,3825.39,23302.82,252,8276,19
2024-10-24,Pinterest Ads,Awareness,2048.71,10251.5,515,6445,37
2024-10-24,Tiktok Ads,Video,4339.36,15854.44,414,6471,31
2024-10-24,Affiliate,Affiliation,310.44,1267.36,383,6603,16
2024-10-24,Liveintent,Email,1756.04,5162.12,342,8561,18
2024-10-24,Criteo,Display Retargeting,1563.52,8329.46,290,6041,31
2024-10-24,Microsoft Ads,Search,243.23,1949.84,459,7600,10
2024-10-25,Facebook Ads,Retargeting,2366.45,11715.79,425,5736,18
2024-10-25,Google Ads,Brand Search,10976.65,32393.86,310,3904,14
2024-10-25,Snapchat Ads,Prospecting,167.75,531.53,484,4708,16
2024-10-25,Pinterest Ads,Awareness,1007.47,5218.94,573,11728,54
2024-10-25,Tiktok Ads,Video,580.72,3531.56,346,3561,15
2024-10-25,Affiliate,Affiliation,925.65,7321.65,285,6756,12
2024-10-25,Liveintent,Email,7338.02,34993.09,643,6465,32
2024-10-25,Criteo,Display Retargeting,2006.7,6976.51,582,8410,18
2024-10-25,Microsoft Ads,Search,2427.08,6880.06,280,3808,8
2024-10-26,Facebook Ads,Retargeting,3826.85,6460.91,501,9518,19
2024-10-26,Google Ads,Brand Search,308.71,2388.25,323,7151,12
2024-10-26,Snapchat Ads,Prospecting,1612.26,7965.42,626,17100,17
2024-10-26,Pinterest Ads,Awareness,1180.87,5462.62,506,6196,43
2024-10-26,Tiktok Ads,Video,1863.83,8203.39,302,12778,22
2024-10-26,Affiliate,Affiliation,15141.77,62979.25,530,4366,42
2024-10-26,Liveintent,Email,1915.52,12088.47,458,7782,14
2024-10-26,Criteo,Display Retargeting,960.21,3984.75,282,7983,21
2024-10-26,Microsoft Ads,Search,2992.06,14953.67,465,9615,17
2024-10-27,Facebook Ads,Retargeting,597.77,3269.43,639,10086,22
2024-10-27,Google Ads,Brand Search,133.04,547.18,624,13503,53
2024-10-27,Snapchat Ads,Prospecting,1020.76,5015.51,342,5624,18
2024-10-27,Pinterest Ads,Awareness,1101.21,6977.28,260,5352,27
2024-10-27,Tiktok Ads,Video,1830.78,17407.45,405,5343,20
2024-10-27,Affiliate,Affiliation,3567.36,13024.59,463,5903,14
2024-10-27,Liveintent,Email,11437.91,50283.9,668,10517,39
2024-10-27,Criteo,Display Retargeting,2461.42,17632.48,321,11439,33
2024-10-27,Microsoft Ads,Search,2726.04,13303.71,523,10067,25
2024-10-28,Facebook Ads,Retargeting,244.48,1793.48,501,12234,40
2024-10-28,Google Ads,Brand Search,242.88,1085.27,412,7259,20
2024-10-28,Snapchat Ads,Prospecting,9279.17,29706.38,301,7574,20
2024-10-28,Pinterest Ads,Awareness,4050.39,15413.37,177,3815,19
2024-10-28,Tiktok Ads,Video,8381.35,63150.39,270,5332,15
2024-10-28,Affiliate,Affiliation,1119.98,4393.59,584,9076,28
2024-10-28,Liveintent,Email,168.24,724.96,419,2753,15
2024-10-28,Criteo,Display Retargeting,4086.59,17719.19,257,4366,8
2024-10-28,Microsoft Ads,Search,1401.52,5855.33,446,5142,23
2024-10-29,Facebook Ads,Retargeting,309.21,1008.39,268,4327,27
2024-10-29,Google Ads,Brand Search,5759.41,30100.03,588,13901,47
2024-10-29,Snapchat Ads,Prospecting,788.61,2858.85,457,9410,19
2024-10-29,Pinterest Ads,Awareness,6411.03,27532.73,428,8780,35
2024-10-29,Tiktok Ads,Video,1533.63,5065.51,705,11949,51
2024-10-29,Affiliate,Affiliation,744.01,3516.07,362,5503,17
2024-10-29,Liveintent,Email,2588.73,11099.28,209,5661,21
2024-10-29,Criteo,Display Retargeting,7971.06,45029.57,418,7700,17
2024-10-29,Microsoft Ads,Search,2993.38,8333.67,316,3174,20
2024-10-30,Facebook Ads,Retargeting,4796.25,20159.35,596,10495,32
2024-10-30,Google Ads,Brand Search,566.87,2167.9,232,3304,21
2024-10-30,Snapchat Ads,Prospecting,4551.08,31068.79,659,13008,30
2024-10-30,Pinterest Ads,Awareness,936.44,5293.51,307,5586,12
2024-10-30,Tiktok Ads,Video,4080.61,24863.72,519,8122,33
2024-10-30,Affiliate,Affiliation,3334.31,9469.24,382,10684,37
2024-10-30,Liveintent,Email,8739.84,34984.28,835,4957,26
2024-10-30,Criteo,Display Retargeting,2167.81,7661.27,401,7612,32
2024-10-30,Microsoft Ads,Search,234.1,1083.93,311,4881,10
2024-10-31,Facebook Ads,Retargeting,47.17,189.6,491,4813,33
2024-10-31,Google Ads,Brand Search,4633.68,14518.2,489,6131,48
2024-10-31,Snapchat Ads,Prospecting,2623.56,10548.06,590,13550,33
2024-10-31,Pinterest Ads,Awareness,3009.04,16233.27,280,4625,20
2024-10-31,Tiktok Ads,Video,642.95,4004.4,209,7321,21
2024-10-31,Affiliate,Affiliation,1163.33,4029.17,626,13134,49
2024-10-31,Liveintent,Email,73.4,338.84,498,3856,37
2024-10-31,Criteo,Display Retargeting,6018.31,41946.72,444,8265,37
2024-10-31,Microsoft Ads,Search,1903.54,10203.39,272,5505,16
2024-11-01,Facebook Ads,Retargeting,3778.46,15661.85,629,7162,17
2024-11-01,Google Ads,Brand Search,644.87,1941.58,693,12846,58
2024-11-01,Snapchat Ads,Prospecting,1799.31,8828.55,585,11991,37
2024-11-01,Pinterest Ads,Awareness,2591.08,9158.4,377,11170,33
2024-11-01,Tiktok Ads,Video,637.97,3825.63,272,6109,9
2024-11-01,Affiliate,Affiliation,3612.84,21097.48,406,9833,25
2024-11-01,Liveintent,Email,5393.75,28372.19,348,6153,19
2024-11-01,Criteo,Display Retargeting,3822.76,15967.87,431,8683,31
2024-11-01,Microsoft Ads,Search,1991.04,11811.4,263,5028,24
2024-11-02,Facebook Ads,Retargeting,724.39,4042.26,612,17032,10
2024-11-02,Google Ads,Brand Search,660.44,2490.48,678,5371,39
2024-11-02,Snapchat Ads,Prospecting,4882.89,21874.91,470,3303,13
2024-11-02,Pinterest Ads,Awareness,21.43,117.84,393,5705,11
2024-11-02,Tiktok Ads,Video,2904.34,13630.98,568,6347,35
2024-11-02,Affiliate,Affiliation,3870.86,8328.99,414,12608,44
2024-11-02,Liveintent,Email,2325.3,10701.43,462,11405,40
2024-11-02,Criteo,Display Retargeting,14183.71,55018.2,174,8929,16
2024-11-02,Microsoft Ads,Search,781.49,4219.66,491,8391,38
2024-11-03,Facebook Ads,Retargeting,1932.84,7199.26,362,3448,31
2024-11-03,Google Ads,Brand Search,467.91,1230.83,437,10400,50
2024-11-03,Snapchat Ads,Prospecting,1909.4,15378.77,488,8377,33
2024-11-03,Pinterest Ads,Awareness,1065.28,6950.34,327,6805,21
2024-11-03,Tiktok Ads,Video,1291.19,10769.93,378,6329,26
2024-11-03,Affiliate,Affiliation,9071.55,34258.87,279,3275,19
2024-11-03,Liveintent,Email,12243.57,52243.92,547,6652,31
2024-11-03,Criteo,Display Retargeting,1263.43,1777.58,301,10730,27
2024-11-03,Microsoft Ads,Search,2039.57,8983.61,381,17758,34
2024-11-04,Facebook Ads,Retargeting,11100.52,42976.63,492,15010,31
2024-11-04,Google Ads,Brand Search,289.68,1013.26,293,7553,12
2024-11-04,Snapchat Ads,Prospecting,426.78,1880.06,306,11521,15
2024-11-04,Pinterest Ads,Awareness,731.65,2398.27,295,5984,12
2024-11-04,Tiktok Ads,Video,4009.36,16236.56,350,4587,28
2024-11-04,Affiliate,Affiliation,615.07,2584.81,514,14814,22
2024-11-04,Liveintent,Email,11340.31,48270.78,266,5590,22
2024-11-04,Criteo,Display Retargeting,2393.67,13261.24,352,7474,31
2024-11-04,Microsoft Ads,Search,1655.0,7535.55,524,6189,39
2024-11-05,Facebook Ads,Retargeting,567.41,2569.61,514,6282,16
2024-11-05,Google Ads,Brand Search,1580.9,4675.25,332,8447,28
2024-11-05,Snapchat Ads,Prospecting,2044.63,5865.13,693,9253,30
2024-11-05,Pinterest Ads,Awareness,3562.46,17499.25,305,5321,44
2024-11-05,Tiktok Ads,Video,3781.56,18882.99,539,11023,33
2024-11-05,Affiliate,Affiliation,1805.14,8805.28,509,3669,29
2024-11-05,Liveintent,Email,4930.21,20467.65,265,5576,7
2024-11-05,Criteo,Display Retargeting,4337.58,19740.15,490,8763,41
2024-11-05,Microsoft Ads,Search,3628.3,7603.91,298,3817,11
2024-11-06,Facebook Ads,Retargeting,189.62,963.35,330,7426,41
2024-11-06,Google Ads,Brand Search,23.06,113.07,280,6578,15
2024-11-06,Snapchat Ads,Prospecting,706.37,4154.19,422,11892,35
2024-11-06,Pinterest Ads,Awareness,1981.7,13854.9,535,11790,29
2024-11-06,Tiktok Ads,Video,1647.69,6701.85,387,9706,17
2024-11-06,Affiliate,Affiliation,1773.7,4775.98,390,7351,39
2024-11-06,Liveintent,Email,7044.15,34926.79,421,12486,46
2024-11-06,Criteo,Display Retargeting,6984.32,22049.29,431,13086,40
2024-11-06,Microsoft Ads,Search,9036.33,29277.29,377,5956,21
2024-11-07,Facebook Ads,Retargeting,2363.39,9207.06,265,4510,10
2024-11-07,Google Ads,Brand Search,6399.34,41178.17,691,9580,41
2024-11-07,Snapchat Ads,Prospecting,2167.08,6519.54,637,6805,58
2024-11-07,Pinterest Ads,Awareness,1218.66,5184.42,324,8084,14
2024-11-07,Tiktok Ads,Video,1412.75,4186.84,318,8962,26
2024-11-07,Affiliate,Affiliation,2620.12,13204.08,509,14616,17
2024-11-07,Liveintent,Email,2774.92,15112.4,394,6878,18
2024-11-07,Criteo,Display Retargeting,11808.18,43835.28,354,7009,14
2024-11-07,Microsoft Ads,Search,703.49,4679.61,333,5929,19
2024-11-08,Facebook Ads,Retargeting,9834.28,24387.74,349,15098,30
2024-11-08,Google Ads,Brand Search,4184.9,24694.63,202,2477,18
2024-11-08,Snapchat Ads,Prospecting,1932.85,7825.93,199,9035,11
2024-11-08,Pinterest Ads,Awareness,3641.22,20227.5,405,7034,25
2024-11-08,Tiktok Ads,Video,2521.47,11433.28,506,4621,13
2024-11-08,Affiliate,Affiliation,5015.19,17975.67,207,4193,17
2024-11-08,Liveintent,Email,3286.78,11326.06,193,7041,11
2024-11-08,Criteo,Display Retargeting,642.43,6730.46,473,5719,22
2024-11-08,Microsoft Ads,Search,650.7,1956.13,415,10802,38
2024-11-09,Facebook Ads,Retargeting,1839.69,7924.16,293,11248,12
2024-11-09,Google Ads,Brand Search,3275.88,19824.36,570,9329,35
2024-11-09,Snapchat Ads,Prospecting,1026.05,4482.66,323,5200,40
2024-11-09,Pinterest Ads,Awareness,2972.51,6286.15,192,14272,23
2024-11-09,Tiktok Ads,Video,1733.85,15479.02,547,12304,15
2024-11-09,Affiliate,Affiliation,4862.63,20297.47,306,5906,26
2024-11-09,Liveintent,Email,4504.35,10435.3,566,6003,42
2024-11-09,Criteo,Display Retargeting,1692.81,5975.97,256,3322,16
2024-11-09,Microsoft Ads,Search,2017.77,11174.87,166,3752,25
2024-11-10,Facebook Ads,Retargeting,7935.06,22112.23,339,4978,32
2024-11-10,Google Ads,Brand Search,2251.89,4768.62,514,4156,25
2024-11-10,Snapchat Ads,Prospecting,999.65,6298.63,308,4735,13
2024-11-10,Pinterest Ads,Awareness,28.79,164.44,307,4783,21
2024-11-10,Tiktok Ads,Video,4940.5,25395.9,536,9591,47
2024-11-10,Affiliate,Affiliation,6884.7,28026.52,451,9385,25
2024-11-10,Liveintent,Email,351.1,1436.2,318,3382,18
2024-11-10,Criteo,Display Retargeting,2644.28,13206.59,440,6503,14
2024-11-10,Microsoft Ads,Search,2700.39,8928.77,342,3553,20
2024-11-11,Facebook Ads,Retargeting,434.26,1693.65,319,8018,33
2024-11-11,Google Ads,Brand Search,11480.72,43924.61,391,5986,12
2024-11-11,Snapchat Ads,Prospecting,628.04,4943.83,749,5501,47
2024-11-11,Pinterest Ads,Awareness,259.07,712.57,527,6856,28
2024-11-11,Tiktok Ads,Video,3410.0,10966.6,379,10863,16
2024-11-11,Affiliate,Affiliation,4318.12,14458.5,429,5220,26
2024-11-11,Liveintent,Email,107.64,375.56,414,9319,15
2024-11-11,Criteo,Display Retargeting,4200.75,15250.92,388,9224,19
2024-11-11,Microsoft Ads,Search,2506.03,13300.19,423,11364,27
2024-11-12,Facebook Ads,Retargeting,241.57,952.29,423,11281,34
2024-11-12,Google Ads,Brand Search,395.74,2301.54,341,4790,28
2024-11-12,Snapchat Ads,Prospecting,1496.11,5856.27,299,4097,24
2024-11-12,Pinterest Ads,Awareness,752.42,2289.99,423,5503,15
2024-11-12,Tiktok Ads,Video,5539.6,22356.54,360,2714,24
2024-11-12,Affiliate,Affiliation,4537.79,14985.69,309,5392,6
2024-11-12,Liveintent,Email,10121.41,39838.26,534,10045,58
2024-11-12,Criteo,Display Retargeting,660.63,2802.79,228,7281,25
2024-11-12,Microsoft Ads,Search,6646.4,24905.12,307,6819,54
2024-11-13,Facebook Ads,Retargeting,5183.53,14948.49,303,6099,26
2024-11-13,Google Ads,Brand Search,3162.86,15906.26,179,4194,13
2024-11-13,Snapchat Ads,Prospecting,259.16,1100.68,535,5396,28
2024-11-13,Pinterest Ads,Awareness,352.31,1850.04,392,5190,20
2024-11-13,Tiktok Ads,Video,8535.73,41694.85,412,8335,19
2024-11-13,Affiliate,Affiliation,5094.26,16888.96,347,6078,30
2024-11-13,Liveintent,Email,1943.61,6829.46,299,5936,35
2024-11-13,Criteo,Display Retargeting,7301.1,29683.38,350,4386,20
2024-11-13,Microsoft Ads,Search,1962.46,6476.73,632,6162,24
2024-11-14,Facebook Ads,Retargeting,3134.23,15678.44,406,7686,22
2024-11-14,Google Ads,Brand Search,1021.66,5690.29,482,9224,14
2024-11-14,Snapchat Ads,Prospecting,6253.68,22898.89,360,6569,25
2024-11-14,Pinterest Ads,Awareness,4899.05,32480.47,246,5905,8
2024-11-14,Tiktok Ads,Video,1751.74,7699.76,327,10029,25
2024-11-14,Affiliate,Affiliation,1273.3,4666.24,396,12755,39
2024-11-14,Liveintent,Email,1488.78,6406.8,399,8869,18
2024-11-14,Criteo,Display Retargeting,4246.59,24349.22,558,10562,29
2024-11-14,Microsoft Ads,Search,1122.0,5155.36,614,9663,26
2024-11-15,Facebook Ads,Retargeting,813.09,3184.29,412,14251,20
2024-11-15,Google Ads,Brand Search,416.18,807.12,366,5966,11
2024-11-15,Snapchat Ads,Prospecting,2045.91,8486.12,392,9516,17
2024-11-15,Pinterest Ads,Awareness,2805.18,9255.94,482,9563,17
2024-11-15,Tiktok Ads,Video,4386.9,20685.79,386,6581,28
2024-11-15,Affiliate,Affiliation,792.64,3300.29,627,6577,24
2024-11-15,Liveintent,Email,1458.21,12807.13,374,13075,43
2024-11-15,Criteo,Display Retargeting,4637.14,19447.64,504,6890,22
2024-11-15,Microsoft Ads,Search,5647.15,21225.37,222,7734,15
2024-11-16,Facebook Ads,Retargeting,952.56,6423.29,333,11511,25
2024-11-16,Google Ads,Brand Search,1540.25,3622.23,224,3889,21
2024-11-16,Snapchat Ads,Prospecting,1020.91,4169.54,492,7269,46
2024-11-16,Pinterest Ads,Awareness,6812.6,28755.11,635,10378,63
2024-11-16,Tiktok Ads,Video,353.3,1368.66,563,11719,38
2024-11-16,Affiliate,Affiliation,8205.43,30022.72,339,5934,25
2024-11-16,Liveintent,Email,3020.06,14812.66,303,10029,55
2024-11-16,Criteo,Display Retargeting,2422.84,11406.05,550,7010,59
2024-11-16,Microsoft Ads,Search,107.78,378.83,575,8526,17
2024-11-17,Facebook Ads,Retargeting,2086.41,9639.22,337,4961,24
2024-11-17,Google Ads,Brand Search,1204.93,6002.57,547,10405,11
2024-11-17,Snapchat Ads,Prospecting,275.83,2486.95,628,4374,45
2024-11-17,Pinterest Ads,Awareness,3010.51,11625.68,612,9749,30
2024-11-17,Tiktok Ads,Video,12079.0,37526.84,430,10687,38
2024-11-17,Affiliate,Affiliation,1734.29,7489.05,507,9158,14
2024-11-17,Liveintent,Email,2775.4,16910.03,448,8640,28
2024-11-17,Criteo,Display Retargeting,180.66,1044.15,420,7322,32
2024-11-17,Microsoft Ads,Search,1434.52,5455.08,294,4770,26
2024-11-18,Facebook Ads,Retargeting,282.46,1585.07,624,11054,34
2024-11-18,Google Ads,Brand Search,2834.77,10278.93,356,3679,14
2024-11-18,Snapchat Ads,Prospecting,6514.6,43291.5,198,6875,14
2024-11-18,Pinterest Ads,Awareness,3973.96,16569.19,493,10607,25
2024-11-18,Tiktok Ads,Video,252.36,1740.35,431,4719,20
2024-11-18,Affiliate,Affiliation,1560.98,5991.42,484,7690,29
2024-11-18,Liveintent,Email,2754.9,12724.05,384,10898,26
2024-11-18,Criteo,Display Retargeting,1505.77,5469.16,385,5262,25
2024-11-18,Microsoft Ads,Search,3860.84,25010.16,524,8485,30
2024-11-19,Facebook Ads,Retargeting,6941.09,30471.11,477,10049,23
2024-11-19,Google Ads,Brand Search,3128.32,17452.05,295,3951,25
2024-11-19,Snapchat Ads,Prospecting,2586.34,10417.08,436,5884,21
2024-11-19,Pinterest Ads,Awareness,1621.14,7642.24,535,6361,50
2024-11-19,Tiktok Ads,Video,307.61,2779.24,453,7904,24
2024-11-19,Affiliate,Affiliation,2179.2,7471.07,298,7616,19
2024-11-19,Liveintent,Email,2265.74,9842.03,484,10686,30
2024-11-19,Criteo,Display Retargeting,5663.11,27322.34,385,10843,29
2024-11-19,Microsoft Ads,Search,3194.81,9979.02,641,7732,18
2024-11-20,Facebook Ads,Retargeting,314.0,1145.21,464,9833,25
2024-11-20,Google Ads,Brand Search,2434.94,8241.1,457,4436,11
2024-11-20,Snapchat Ads,Prospecting,973.48,3878.57,526,10420,43
2024-11-20,Pinterest Ads,Awareness,1005.25,4222.28,231,5148,21
2024-11-20,Tiktok Ads,Video,5687.36,35293.8,384,9901,42
2024-11-20,Affiliate,Affiliation,149.08,796.61,463,8116,43
2024-11-20,Liveintent,Email,1585.32,9100.03,285,5148,10
2024-11-20,Criteo,Display Retargeting,955.48,4231.65,572,9111,34
2024-11-20,Microsoft Ads,Search,11324.69,52580.07,343,3457,15
2024-11-21,Facebook Ads,Retargeting,1853.42,6647.45,395,8680,29
2024-11-21,Google Ads,Brand Search,472.36,1775.55,284,5665,13
2024-11-21,Snapchat Ads,Prospecting,929.73,6860.94,313,5985,19
2024-11-21,Pinterest Ads,Awareness,3298.91,10810.02,415,4801,32
2024-11-21,Tiktok Ads,Video,5159.5,34325.18,403,14867,24
2024-11-21,Affiliate,Affiliation,509.9,2000.91,591,9976,14
2024-11-21,Liveintent,Email,3318.94,28906.24,529,6409,14
2024-11-21,Criteo,Display Retargeting,4028.46,25705.27,249,2089,13
2024-11-21,Microsoft Ads,Search,4309.62,20316.63,253,5326,23
2024-11-22,Facebook Ads,Retargeting,2960.26,12248.5,288,2738,16
2024-11-22,Google Ads,Brand Search,3835.66,10650.28,308,2533,30
2024-11-22,Snapchat Ads,Prospecting,1390.2,7751.12,733,8881,26
2024-11-22,Pinterest Ads,Awareness,4061.35,20399.42,447,4440,15
2024-11-22,Tiktok Ads,Video,1517.23,10383.56,505,5581,10
2024-11-22,Affiliate,Affiliation,2459.75,17319.88,389,13325,28
2024-11-22,Liveintent,Email,1787.79,7206.46,499,7475,46
2024-11-22,Criteo,Display Retargeting,2911.67,8681.46,670,12213,20
2024-11-22,Microsoft Ads,Search,4428.47,23337.82,321,4062,17
2024-11-23,Facebook Ads,Retargeting,414.63,2295.59,325,10111,19
2024-11-23,Google Ads,Brand Search,6693.49,20942.96,385,4560,35
2024-11-23,Snapchat Ads,Prospecting,2140.49,9000.89,102,4795,12
2024-11-23,Pinterest Ads,Awareness,4326.8,22819.03,230,4530,11
2024-11-23,Tiktok Ads,Video,1399.78,5929.04,495,9038,37
2024-11-23,Affiliate,Affiliation,1685.89,4799.77,761,10430,48
2024-11-23,Liveintent,Email,8793.13,23747.98,591,7620,33
2024-11-23,Criteo,Display Retargeting,675.7,4085.05,554,6697,35
2024-11-23,Microsoft Ads,Search,6773.74,19686.43,208,4942,18
2024-11-24,Facebook Ads,Retargeting,2148.4,10756.15,403,11281,11
2024-11-24,Google Ads,Brand Search,2493.25,9508.79,610,6707,56
2024-11-24,Snapchat Ads,Prospecting,1323.64,4117.48,673,6333,59
2024-11-24,Pinterest Ads,Awareness,4128.25,9758.33,443,6828,33
2024-11-24,Tiktok Ads,Video,1542.83,5879.35,301,3867,18
2024-11-24,Affiliate,Affiliation,131.6,505.61,658,7138,43
2024-11-24,Liveintent,Email,738.62,4827.75,271,6026,7
2024-11-24,Criteo,Display Retargeting,22.67,47.14,659,7484,39
2024-11-24,Microsoft Ads,Search,12178.29,68510.1,375,9330,13
2024-11-25,Facebook Ads,Retargeting,6657.51,26551.51,415,5320,14
2024-11-25,Google Ads,Brand Search,551.05,3004.12,479,12926,26
2024-11-25,Snapchat Ads,Prospecting,2741.11,8836.93,526,12857,15
2024-11-25,Pinterest Ads,Awareness,1078.92,3659.92,370,7990,33
2024-11-25,Tiktok Ads,Video,2529.03,9597.77,362,3448,23
2024-11-25,Affiliate,Affiliation,4031.82,13936.07,695,11529,51
2024-11-25,Liveintent,Email,4838.7,28707.89,340,8935,14
2024-11-25,Criteo,Display Retargeting,1144.2,3928.93,414,10434,13
2024-11-25,Microsoft Ads,Search,2554.44,12780.21,528,8376,15
2024-11-26,Facebook Ads,Retargeting,822.06,5162.0,280,11773,22
2024-11-26,Google Ads,Brand Search,12056.43,46971.41,366,10759,29
2024-11-26,Snapchat Ads,Prospecting,84.35,360.36,541,7041,27
2024-11-26,Pinterest Ads,Awareness,2246.44,8876.27,281,7128,14
2024-11-26,Tiktok Ads,Video,3496.46,7282.77,280,3606,27
2024-11-26,Affiliate,Affiliation,3664.97,11584.18,342,5581,22
2024-11-26,Liveintent,Email,378.58,1903.34,417,7726,21
2024-11-26,Criteo,Display Retargeting,9683.94,31015.16,410,11497,33
2024-11-26,Microsoft Ads,Search,701.22,2827.57,475,4635,31
2024-11-27,Facebook Ads,Retargeting,6597.06,23534.7,293,4096,17
2024-11-27,Google Ads,Brand Search,1418.0,5774.52,312,2888,5
2024-11-27,Snapchat Ads,Prospecting,1890.75,9119.51,472,12875,32
2024-11-27,Pinterest Ads,Awareness,4498.43,15064.39,637,6944,28
2024-11-27,Tiktok Ads,Video,2261.1,17430.17,670,9830,19
2024-11-27,Affiliate,Affiliation,983.2,4466.45,271,5858,26
2024-11-27,Liveintent,Email,548.43,4561.38,420,8382,18
2024-11-27,Criteo,Display Retargeting,1933.23,19264.2,299,4996,12
2024-11-27,Microsoft Ads,Search,10054.7,44569.74,414,6466,20
2024-11-28,Facebook Ads,Retargeting,11625.92,46558.41,457,8443,12
2024-11-28,Google Ads,Brand Search,339.0,1802.36,656,10189,28
2024-11-28,Snapchat Ads,Prospecting,2886.19,9134.38,227,3323,16
2024-11-28,Pinterest Ads,Awareness,455.93,2930.7,255,5482,8
2024-11-28,Tiktok Ads,Video,80.18,293.21,342,7583,13
2024-11-28,Affiliate,Affiliation,5664.71,29710.37,503,8465,12
2024-11-28,Liveintent,Email,4727.14,21138.66,407,12295,12
2024-11-28,Criteo,Display Retargeting,1009.14,3534.85,391,5670,17
2024-11-28,Microsoft Ads,Search,1097.42,5378.54,453,9214,27
2024-11-29,Facebook Ads,Retargeting,56.93,221.62,507,5930,22
2024-11-29,Google Ads,Brand Search,2553.52,17137.69,417,6317,24
2024-11-29,Snapchat Ads,Prospecting,10128.2,41957.48,814,6940,17
2024-11-29,Pinterest Ads,Awareness,328.72,1497.08,473,2710,34
2024-11-29,Tiktok Ads,Video,443.71,2890.83,586,8962,31
2024-11-29,Affiliate,Affiliation,3832.14,27241.65,565,9217,33
2024-11-29,Liveintent,Email,6181.23,19129.6,534,5710,27
2024-11-29,Criteo,Display Retargeting,1035.71,4709.57,291,5157,19
2024-11-29,Microsoft Ads,Search,150.96,409.44,496,6864,38
2024-11-30,Facebook Ads,Retargeting,231.51,1219.73,548,13805,35
2024-11-30,Google Ads,Brand Search,4812.24,17583.58,484,12365,19
2024-11-30,Snapchat Ads,Prospecting,2139.09,15160.38,321,4198,33
2024-11-30,Pinterest Ads,Awareness,182.55,641.59,509,11145,34
2024-11-30,Tiktok Ads,Video,5355.32,16422.59,634,18744,26
2024-11-30,Affiliate,Affiliation,53.79,249.93,352,12037,15
2024-11-30,Liveintent,Email,8418.82,32327.19,530,5705,29
2024-11-30,Criteo,Display Retargeting,3454.91,11959.18,470,6230,23
2024-11-30,Microsoft Ads,Search,186.15,545.7,497,10330,19
2024-12-01,Facebook Ads,Retargeting,1795.09,8216.69,655,3523,45
2024-12-01,Google Ads,Brand Search,978.12,3591.24,397,2783,23
2024-12-01,Snapchat Ads,Prospecting,5188.95,43442.23,424,11024,23
2024-12-01,Pinterest Ads,Awareness,1828.46,8804.85,380,10325,23
2024-12-01,Tiktok Ads,Video,803.17,2778.57,511,11402,40
2024-12-01,Affiliate,Affiliation,2183.98,12020.18,439,10469,29
2024-12-01,Liveintent,Email,561.68,3123.16,405,6953,14
2024-12-01,Criteo,Display Retargeting,4857.4,21234.98,352,5041,21
2024-12-01,Microsoft Ads,Search,1108.99,3323.97,318,3504,13
2024-12-02,Facebook Ads,Retargeting,2949.52,10581.94,445,5658,22
2024-12-02,Google Ads,Brand Search,129.22,660.41,352,4247,22
2024-12-02,Snapchat Ads,Prospecting,1229.88,2954.08,358,6635,12
2024-12-02,Pinterest Ads,Awareness,4599.5,18611.02,561,7377,27
2024-12-02,Tiktok Ads,Video,3854.07,20408.62,493,10926,46
2024-12-02,Affiliate,Affiliation,492.21,3954.13,403,4035,10
2024-12-02,Liveintent,Email,850.12,4666.06,557,6392,46
2024-12-02,Criteo,Display Retargeting,7164.19,33440.96,411,4378,22
2024-12-02,Microsoft Ads,Search,10741.02,19596.53,358,8363,22
2024-12-03,Facebook Ads,Retargeting,488.67,2313.98,516,7101,25
2024-12-03,Google Ads,Brand Search,2700.12,13929.91,270,17516,17
2024-12-03,Snapchat Ads,Prospecting,2697.35,10204.14,372,3782,13
2024-12-03,Pinterest Ads,Awareness,12594.11,60368.68,661,9082,49
2024-12-03,Tiktok Ads,Video,537.17,1877.66,521,8073,16
2024-12-03,Affiliate,Affiliation,2001.59,3651.37,334,5318,25
2024-12-03,Liveintent,Email,10691.24,34901.4,564,6352,35
2024-12-03,Criteo,Display Retargeting,354.07,1935.33,334,4663,9
2024-12-03,Microsoft Ads,Search,3108.95,13746.84,308,4902,14
2024-12-04,Facebook Ads,Retargeting,2626.91,10701.78,330,3151,26
2024-12-04,Google Ads,Brand Search,1883.64,4176.47,844,9147,16
2024-12-04,Snapchat Ads,Prospecting,2896.74,11661.6,350,6176,11
2024-12-04,Pinterest Ads,Awareness,3361.74,14906.14,489,10729,26
2024-12-04,Tiktok Ads,Video,597.04,4584.19,315,3962,7
2024-12-04,Affiliate,Affiliation,3810.4,20931.46,285,5571,27
2024-12-04,Liveintent,Email,7984.51,41625.76,262,5865,17
2024-12-04,Criteo,Display Retargeting,8560.69,42269.3,268,5358,11
2024-12-04,Microsoft Ads,Search,864.55,3497.41,833,5530,30
2024-12-05,Facebook Ads,Retargeting,1265.29,4943.59,456,6087,20
2024-12-05,Google Ads,Brand Search,2543.51,7218.52,455,8873,36
2024-12-05,Snapchat Ads,Prospecting,2248.6,15267.94,543,5500,23
2024-12-05,Pinterest Ads,Awareness,3480.37,11338.32,295,8400,16
2024-12-05,Tiktok Ads,Video,6635.23,33433.15,342,4420,27
2024-12-05,Affiliate,Affiliation,287.81,2097.91,405,7476,33
2024-12-05,Liveintent,Email,212.19,1114.58,363,5684,10
2024-12-05,Criteo,Display Retargeting,4299.85,12121.08,560,6581,28
2024-12-05,Microsoft Ads,Search,8012.72,36269.56,464,6276,22
2024-12-06,Facebook Ads,Retargeting,704.78,2690.09,654,15352,31
2024-12-06,Google Ads,Brand Search,2823.32,13973.24,331,5320,34
2024-12-06,Snapchat Ads,Prospecting,1075.46,4359.03,254,3929,8
2024-12-06,Pinterest Ads,Awareness,8308.94,32441.67,470,7481,14
2024-12-06,Tiktok Ads,Video,8787.31,14481.52,498,5072,30
2024-12-06,Affiliate,Affiliation,1045.41,5049.41,453,8568,31
2024-12-06,Liveintent,Email,540.71,4353.94,325,11958,21
2024-12-06,Criteo,Display Retargeting,2108.64,8129.68,387,5526,36
2024-12-06,Microsoft Ads,Search,859.35,3766.65,366,4731,30
2024-12-07,Facebook Ads,Retargeting,3798.27,11030.11,328,6182,24
2024-12-07,Google Ads,Brand Search,6667.87,26819.43,364,8001,28
2024-12-07,Snapchat Ads,Prospecting,3519.84,11224.31,493,8256,33
2024-12-07,Pinterest Ads,Awareness,5362.04,27114.32,418,14255,25
2024-12-07,Tiktok Ads,Video,1001.66,5713.1,238,7281,18
2024-12-07,Affiliate,Affiliation,620.14,2159.74,210,5419,17
2024-12-07,Liveintent,Email,5725.8,23140.69,285,4676,17
2024-12-07,Criteo,Display Retargeting,1253.19,5733.06,658,15478,28
2024-12-07,Microsoft Ads,Search,3430.92,15898.7,482,4735,29
2024-12-08,Facebook Ads,Retargeting,379.05,2891.97,409,7176,39
2024-12-08,Google Ads,Brand Search,113.73,459.56,715,7142,53
2024-12-08,Snapchat Ads,Prospecting,6132.12,33701.21,595,13203,43
2024-12-08,Pinterest Ads,Awareness,317.51,1252.7,268,6255,9
2024-12-08,Tiktok Ads,Video,5046.45,22893.54,401,5365,34
2024-12-08,Affiliate,Affiliation,6767.55,35241.78,372,3635,18
2024-12-08,Liveintent,Email,3168.96,11460.28,761,5677,11
2024-12-08,Criteo,Display Retargeting,1409.29,8749.69,475,7915,38
2024-12-08,Microsoft Ads,Search,675.47,7441.35,322,5045,13
2024-12-09,Facebook Ads,Retargeting,9129.98,19590.24,481,5719,34
2024-12-09,Google Ads,Brand Search,1538.34,9601.21,394,13441,30
2024-12-09,Snapchat Ads,Prospecting,2496.18,15525.27,415,9158,31
2024-12-09,Pinterest Ads,Awareness,3144.9,11847.09,304,6341,14
2024-12-09,Tiktok Ads,Video,2127.12,8356.45,242,5768,15
2024-12-09,Affiliate,Affiliation,2469.58,12401.6,167,4191,20
2024-12-09,Liveintent,Email,2103.7,6756.93,638,5572,23
2024-12-09,Criteo,Display Retargeting,2719.35,15507.63,554,10090,16
2024-12-09,Microsoft Ads,Search,8539.4,26812.05,305,3536,9
2024-12-10,Facebook Ads,Retargeting,509.46,3290.13,652,5171,25
2024-12-10,Google Ads,Brand Search,7829.4,36014.86,484,4303,26
2024-12-10,Snapchat Ads,Prospecting,3493.0,8759.66,363,5635,11
2024-12-10,Pinterest Ads,Awareness,6826.93,21492.21,235,5850,18
2024-12-10,Tiktok Ads,Video,1952.37,9163.53,530,11177,19
2024-12-10,Affiliate,Affiliation,5065.73,20148.69,403,9826,18
2024-12-10,Liveintent,Email,60.55,171.84,230,7069,26
2024-12-10,Criteo,Display Retargeting,4517.68,27090.74,214,4467,25
2024-12-10,Microsoft Ads,Search,131.27,691.49,287,3770,12
2024-12-11,Facebook Ads,Retargeting,4577.04,14458.33,276,8379,12
2024-12-11,Google Ads,Brand Search,10773.63,38393.85,336,6836,34
2024-12-11,Snapchat Ads,Prospecting,676.32,4107.4,445,8872,15
2024-12-11,Pinterest Ads,Awareness,416.29,2697.79,363,10505,18
2024-12-11,Tiktok Ads,Video,3516.53,11191.64,352,6056,16
2024-12-11,Affiliate,Affiliation,568.96,2732.14,319,6213,24
2024-12-11,Liveintent,Email,4113.54,16433.17,594,9509,21
2024-12-11,Criteo,Display Retargeting,195.66,1235.92,152,3823,11
2024-12-11,Microsoft Ads,Search,312.51,1181.16,299,5179,14
2024-12-12,Facebook Ads,Retargeting,10270.97,24625.93,733,11552,26
2024-12-12,Google Ads,Brand Search,1567.96,11871.47,340,3752,9
2024-12-12,Snapchat Ads,Prospecting,2713.26,19349.66,431,14027,23
2024-12-12,Pinterest Ads,Awareness,745.41,3530.1,486,5016,15
2024-12-12,Tiktok Ads,Video,2523.01,7228.54,334,5818,8
2024-12-12,Affiliate,Affiliation,1946.37,9060.43,418,2988,32
2024-12-12,Liveintent,Email,1294.54,6285.18,545,3099,19
2024-12-12,Criteo,Display Retargeting,2316.04,9978.42,569,6998,29
2024-12-12,Microsoft Ads,Search,1656.35,5216.9,438,7364,57
2024-12-13,Facebook Ads,Retargeting,2886.11,9096.23,672,11671,42
2024-12-13,Google Ads,Brand Search,1744.04,6055.95,457,7228,47
2024-12-13,Snapchat Ads,Prospecting,7628.26,24934.12,603,15144,41
2024-12-13,Pinterest Ads,Awareness,974.09,4167.99,353,6958,12
2024-12-13,Tiktok Ads,Video,4872.48,14402.14,316,13877,24
2024-12-13,Affiliate,Affiliation,1393.11,4751.52,309,5914,20
2024-12-13,Liveintent,Email,4349.19,20941.1,432,5918,15
2024-12-13,Criteo,Display Retargeting,5061.2,24654.08,330,5011,23
2024-12-13,Microsoft Ads,Search,1406.2,3017.64,396,6059,36
2024-12-14,Facebook Ads,Retargeting,181.83,487.75,395,6839,32
2024-12-14,Google Ads,Brand Search,450.58,1866.33,234,7344,9
2024-12-14,Snapchat Ads,Prospecting,2149.21,12839.94,379,5688,16
2024-12-14,Pinterest Ads,Awareness,5821.99,36021.1,472,4583,37
2024-12-14,Tiktok Ads,Video,125.4,564.11,263,7174,10
2024-12-14,Affiliate,Affiliation,3821.7,26043.03,253,7189,25
2024-12-14,Liveintent,Email,1721.59,4953.49,395,5597,17
2024-12-14,Criteo,Display Retargeting,3163.49,11237.1,369,11844,36
2024-12-14,Microsoft Ads,Search,11009.34,46118.3,536,9313,12
2024-12-15,Facebook Ads,Retargeting,2344.22,11086.47,324,7878,22
2024-12-15,Google Ads,Brand Search,6019.13,17421.46,479,7051,22
2024-12-15,Snapchat Ads,Prospecting,70.38,491.16,222,4890,9
2024-12-15,Pinterest Ads,Awareness,811.17,3286.98,393,9622,35
2024-12-15,Tiktok Ads,Video,2910.99,9405.63,469,6911,36
2024-12-15,Affiliate,Affiliation,232.48,872.98,655,10306,21
2024-12-15,Liveintent,Email,9891.79,31997.27,310,4014,19
2024-12-15,Criteo,Display Retargeting,3384.02,19080.19,448,10274,21
2024-12-15,Microsoft Ads,Search,5451.27,22598.97,631,12080,18
2024-12-16,Facebook Ads,Retargeting,760.77,2756.09,504,6781,15
2024-12-16,Google Ads,Brand Search,1413.6,3174.97,279,4853,17
2024-12-16,Snapchat Ads,Prospecting,3590.32,21223.08,462,16623,26
2024-12-16,Pinterest Ads,Awareness,8691.22,54686.01,499,8088,9
2024-12-16,Tiktok Ads,Video,137.86,685.79,687,11627,42
2024-12-16,Affiliate,Affiliation,7668.92,28865.8,455,9065,17
2024-12-16,Liveintent,Email,2496.78,9162.04,259,5442,8
2024-12-16,Criteo,Display Retargeting,2091.65,12755.45,519,5393,18
2024-12-16,Microsoft Ads,Search,2173.54,10749.09,444,17568,40
2024-12-17,Facebook Ads,Retargeting,344.95,670.3,236,8150,10
2024-12-17,Google Ads,Brand Search,303.1,2013.39,448,11653,25
2024-12-17,Snapchat Ads,Prospecting,3728.42,17878.82,267,4956,18
2024-12-17,Pinterest Ads,Awareness,2067.04,8087.02,304,3582,27
2024-12-17,Tiktok Ads,Video,11099.67,31481.46,494,12487,23
2024-12-17,Affiliate,Affiliation,2406.72,11892.12,430,10766,39
2024-12-17,Liveintent,Email,722.32,3294.7,320,5998,15
2024-12-17,Criteo,Display Retargeting,5758.79,15830.66,351,5689,11
2024-12-17,Microsoft Ads,Search,1744.3,6572.94,417,4534,14
2024-12-18,Facebook Ads,Retargeting,1395.03,8160.04,328,6149,29
2024-12-18,Google Ads,Brand Search,2519.05,9396.33,393,6143,12
2024-12-18,Snapchat Ads,Prospecting,6584.67,18841.73,551,4425,35
2024-12-18,Pinterest Ads,Awareness,3814.67,11987.82,471,8224,18
2024-12-18,Tiktok Ads,Video,2516.33,7744.99,441,7679,37
2024-12-18,Affiliate,Affiliation,2109.59,12444.05,337,7914,46
2024-12-18,Liveintent,Email,7395.38,30664.58,419,7824,26
2024-12-18,Criteo,Display Retargeting,694.99,1693.92,542,10604,17
2024-12-18,Microsoft Ads,Search,1.7,10.21,406,9982,22
2024-12-19,Facebook Ads,Retargeting,1690.02,8384.44,409,13459,33
2024-12-19,Google Ads,Brand Search,1284.6,4742.6,344,4130,14
2024-12-19,Snapchat Ads,Prospecting,7255.26,30995.1,532,10250,28
2024-12-19,Pinterest Ads,Awareness,6050.54,12525.71,246,6453,15
2024-12-19,Tiktok Ads,Video,3892.48,23254.37,458,5057,20
2024-12-19,Affiliate,Affiliation,64.17,449.67,567,5542,24
2024-12-19,Liveintent,Email,8485.85,24647.57,494,10442,62
2024-12-19,Criteo,Display Retargeting,2048.18,9299.52,228,7642,19
2024-12-19,Microsoft Ads,Search,5094.01,35194.95,463,16043,33
2024-12-20,Facebook Ads,Retargeting,3286.26,10594.92,493,7978,30
2024-12-20,Google Ads,Brand Search,1307.64,5087.25,701,7871,54
2024-12-20,Snapchat Ads,Prospecting,460.15,2235.68,154,4540,9
2024-12-20,Pinterest Ads,Awareness,268.85,1335.63,320,5084,32
2024-12-20,Tiktok Ads,Video,4853.03,21824.92,451,10691,13
2024-12-20,Affiliate,Affiliation,9912.96,29421.62,333,6960,27
2024-12-20,Liveintent,Email,3420.66,12845.59,222,6814,15
2024-12-20,Criteo,Display Retargeting,287.0,1389.38,406,8194,28
2024-12-20,Microsoft Ads,Search,1669.38,4699.37,406,6989,17
2024-12-21,Facebook Ads,Retargeting,7311.11,30227.46,368,5208,20
2024-12-21,Google Ads,Brand Search,6774.83,20682.31,324,5409,30
2024-12-21,Snapchat Ads,Prospecting,471.98,1662.19,722,11628,35
2024-12-21,Pinterest Ads,Awareness,0.12,0.83,548,6926,13
2024-12-21,Tiktok Ads,Video,5664.01,27640.79,435,6623,30
2024-12-21,Affiliate,Affiliation,1433.11,10543.72,368,6102,19
2024-12-21,Liveintent,Email,1305.0,6112.12,364,10726,33
2024-12-21,Criteo,Display Retargeting,55.05,312.34,470,5631,34
2024-12-21,Microsoft Ads,Search,3444.03,12982.72,502,5337,22
2024-12-22,Facebook Ads,Retargeting,4702.25,25537.82,723,17144,34
2024-12-22,Google Ads,Brand Search,9888.17,57868.7,431,4809,26
2024-12-22,Snapchat Ads,Prospecting,1803.05,12630.24,656,5807,29
2024-12-22,Pinterest Ads,Awareness,2552.32,13916.75,676,10188,25
2024-12-22,Tiktok Ads,Video,380.9,1304.64,461,13138,21
2024-12-22,Affiliate,Affiliation,2109.52,11591.21,400,6513,43
2024-12-22,Liveintent,Email,1919.8,6908.94,503,5691,17
2024-12-22,Criteo,Display Retargeting,1793.74,11542.55,421,3864,19
2024-12-22,Microsoft Ads,Search,1301.85,6420.95,632,5102,16
2024-12-23,Facebook Ads,Retargeting,644.66,1948.97,459,5716,22
2024-12-23,Google Ads,Brand Search,288.77,1101.8,437,10927,26
2024-12-23,Snapchat Ads,Prospecting,1255.87,5483.55,245,3013,15
2024-12-23,Pinterest Ads,Awareness,271.22,924.42,433,11856,38
2024-12-23,Tiktok Ads,Video,439.27,2452.42,494,10959,39
2024-12-23,Affiliate,Affiliation,12577.73,47724.78,488,6355,33
2024-12-23,Liveintent,Email,1654.85,5892.38,565,7983,37
2024-12-23,Criteo,Display Retargeting,2621.05,9595.95,290,4464,16
2024-12-23,Microsoft Ads,Search,3206.74,15079.06,425,14253,55
2024-12-24,Facebook Ads,Retargeting,9962.49,43477.15,280,4285,6
2024-12-24,Google Ads,Brand Search,1799.0,6937.13,559,6270,28
2024-12-24,Snapchat Ads,Prospecting,3500.03,9729.58,439,8093,22
2024-12-24,Pinterest Ads,Awareness,990.77,4489.5,364,3276,13
2024-12-24,Tiktok Ads,Video,526.31,3659.03,255,2242,25
2024-12-24,Affiliate,Affiliation,679.91,3509.0,394,3683,15
2024-12-24,Liveintent,Email,2062.21,5924.99,399,10052,43
2024-12-24,Criteo,Display Retargeting,2003.07,7593.23,616,4499,25
2024-12-24,Microsoft Ads,Search,1020.4,4413.49,524,8837,15
2024-12-25,Facebook Ads,Retargeting,446.82,1827.67,404,4225,33
2024-12-25,Google Ads,Brand Search,2700.59,5742.03,356,5829,9
2024-12-25,Snapchat Ads,Prospecting,307.84,1467.13,333,4193,29
2024-12-25,Pinterest Ads,Awareness,3025.19,13677.71,467,8285,14
2024-12-25,Tiktok Ads,Video,3309.9,14814.29,374,6233,14
2024-12-25,Affiliate,Affiliation,3332.98,11959.93,565,5394,24
2024-12-25,Liveintent,Email,3617.25,17635.17,578,11083,28
2024-12-25,Criteo,Display Retargeting,7460.71,27344.8,321,9208,10
2024-12-25,Microsoft Ads,Search,2385.1,12138.75,716,11293,11
2024-12-26,Facebook Ads,Retargeting,7425.07,31853.65,462,6084,12
2024-12-26,Google Ads,Brand Search,4134.28,26036.36,610,5897,21
2024-12-26,Snapchat Ads,Prospecting,871.99,4317.05,345,9658,13
2024-12-26,Pinterest Ads,Awareness,159.31,500.83,191,3559,12
2024-12-26,Tiktok Ads,Video,1429.75,10355.99,334,5865,13
2024-12-26,Affiliate,Affiliation,2378.09,14906.88,609,7609,28
2024-12-26,Liveintent,Email,4888.59,23874.65,237,8078,27
2024-12-26,Criteo,Display Retargeting,7932.16,42929.93,492,7221,38
2024-12-26,Microsoft Ads,Search,1156.23,3914.78,667,8663,27
2024-12-27,Facebook Ads,Retargeting,698.0,2036.61,653,9256,55
2024-12-27,Google Ads,Brand Search,13677.14,72773.7,262,5873,8
2024-12-27,Snapchat Ads,Prospecting,686.32,1677.66,597,10455,21
2024-12-27,Pinterest Ads,Awareness,1871.64,10994.75,306,5647,18
2024-12-27,Tiktok Ads,Video,3925.73,14990.53,344,7523,25
2024-12-27,Affiliate,Affiliation,4914.74,17075.16,565,9129,21
2024-12-27,Liveintent,Email,523.11,2295.01,376,7911,13
2024-12-27,Criteo,Display Retargeting,372.06,1305.13,347,5964,20
2024-12-27,Microsoft Ads,Search,685.7,1983.56,622,6287,28
2024-12-28,Facebook Ads,Retargeting,3782.23,14025.45,289,5599,21
2024-12-28,Google Ads,Brand Search,2955.61,16276.47,235,7138,24
2024-12-28,Snapchat Ads,Prospecting,958.42,5464.74,410,6762,6
2024-12-28,Pinterest Ads,Awareness,2848.72,13903.35,564,16030,42
2024-12-28,Tiktok Ads,Video,7577.02,19680.85,205,6355,9
2024-12-28,Affiliate,Affiliation,149.03,812.2,613,7979,42
2024-12-28,Liveintent,Email,2680.46,10535.55,396,2693,12
2024-12-28,Criteo,Display Retargeting,4072.3,24507.04,307,5117,21
2024-12-28,Microsoft Ads,Search,710.72,2775.64,290,3629,24
2024-12-29,Facebook Ads,Retargeting,1023.58,8339.98,336,4278,12
2024-12-29,Google Ads,Brand Search,3534.79,13931.14,598,13893,36
2024-12-29,Snapchat Ads,Prospecting,7336.36,29114.57,646,15925,42
2024-12-29,Pinterest Ads,Awareness,4718.7,18275.0,284,10255,11
2024-12-29,Tiktok Ads,Video,2556.38,17950.99,525,14600,25
2024-12-29,Affiliate,Affiliation,3394.39,16435.94,545,9161,22
2024-12-29,Liveintent,Email,1619.91,7357.4,566,6396,26
2024-12-29,Criteo,Display Retargeting,3000.51,15996.04,575,8873,29
2024-12-29,Microsoft Ads,Search,1906.98,8640.91,387,14453,23
2024-12-30,Facebook Ads,Retargeting,733.18,3787.63,367,7210,35
2024-12-30,Google Ads,Brand Search,4158.87,22581.67,285,5923,27
2024-12-30,Snapchat Ads,Prospecting,3080.44,13119.95,345,5121,22
2024-12-30,Pinterest Ads,Awareness,2522.04,8966.2,322,7281,12
2024-12-30,Tiktok Ads,Video,10915.61,38222.49,268,9002,11
2024-12-30,Affiliate,Affiliation,69.26,408.9,353,3545,13
2024-12-30,Liveintent,Email,1634.45,7983.02,345,3166,20
2024-12-30,Criteo,Display Retargeting,197.73,1458.89,311,5118,14
2024-12-30,Microsoft Ads,Search,3880.73,27385.8,293,11272,18
2024-12-31,Facebook Ads,Retargeting,4660.1,26112.06,310,8535,23
2024-12-31,Google Ads,Brand Search,1173.63,6841.69,439,8231,35
2024-12-31,Snapchat Ads,Prospecting,4069.62,17298.18,519,11487,33
2024-12-31,Pinterest Ads,Awareness,1779.54,6750.67,356,4992,14
2024-12-31,Tiktok Ads,Video,3979.38,15785.65,723,6830,36
2024-12-31,Affiliate,Affiliation,2234.37,7164.37,458,7707,16
2024-12-31,Liveintent,Email,1421.11,4580.18,367,6119,22
2024-12-31,Criteo,Display Retargeting,9610.87,19582.33,399,6641,39
2024-12-31,Microsoft Ads,Search,1216.64,3942.93,464,11514,25
2025-01-01,Facebook Ads,Retargeting,395.9,2214.03,446,5725,14
2025-01-01,Google Ads,Brand Search,4667.8,16332.29,279,8599,28
2025-01-01,Snapchat Ads,Prospecting,17426.17,109114.43,288,5402,17
2025-01-01,Pinterest Ads,Awareness,1918.72,9687.28,503,12445,38
2025-01-01,Tiktok Ads,Video,312.6,1294.88,412,8258,21
2025-01-01,Affiliate,Affiliation,2068.88,12422.42,290,2995,18
2025-01-01,Liveintent,Email,2198.2,11587.53,193,6401,14
2025-01-01,Criteo,Display Retargeting,810.14,3221.33,610,16604,39
2025-01-01,Microsoft Ads,Search,6155.19,21751.6,435,8369,40
2025-01-02,Facebook Ads,Retargeting,11053.62,55791.83,478,12986,33
2025-01-02,Google Ads,Brand Search,1035.87,4403.06,284,4468,31
2025-01-02,Snapchat Ads,Prospecting,944.19,4702.93,368,8859,19
2025-01-02,Pinterest Ads,Awareness,1005.09,3260.93,363,11099,11
2025-01-02,Tiktok Ads,Video,292.32,787.89,346,5607,38
2025-01-02,Affiliate,Affiliation,6217.68,20861.63,437,14659,17
2025-01-02,Liveintent,Email,1399.06,6609.28,288,7949,9
2025-01-02,Criteo,Display Retargeting,822.49,5211.19,398,10212,45
2025-01-02,Microsoft Ads,Search,2408.71,12051.99,588,6522,40
2025-01-03,Facebook Ads,Retargeting,1503.55,5908.75,645,4787,14
2025-01-03,Google Ads,Brand Search,2124.7,9026.24,476,12703,17
2025-01-03,Snapchat Ads,Prospecting,135.1,528.4,328,6135,11
2025-01-03,Pinterest Ads,Awareness,4913.48,26817.77,384,3513,22
2025-01-03,Tiktok Ads,Video,8677.76,18847.59,421,4944,14
2025-01-03,Affiliate,Affiliation,2112.95,13439.54,597,10528,43
2025-01-03,Liveintent,Email,7296.7,18007.74,530,5553,39
2025-01-03,Criteo,Display Retargeting,441.9,2633.96,533,7061,12
2025-01-03,Microsoft Ads,Search,1592.96,4918.81,480,6089,34
2025-01-04,Facebook Ads,Retargeting,5731.75,13634.66,321,5170,13
2025-01-04,Google Ads,Brand Search,6385.87,17606.6,416,4455,40
2025-01-04,Snapchat Ads,Prospecting,2007.07,13498.25,276,2516,10
2025-01-04,Pinterest Ads,Awareness,2144.14,6420.44,214,7181,17
2025-01-04,Tiktok Ads,Video,917.42,4475.88,545,6207,19
2025-01-04,Affiliate,Affiliation,3819.21,13445.85,442,9158,30
2025-01-04,Liveintent,Email,932.02,4817.83,399,13427,9
2025-01-04,Criteo,Display Retargeting,7280.07,31991.72,795,11191,28
2025-01-04,Microsoft Ads,Search,1239.45,6043.65,615,11079,32
2025-01-05,Facebook Ads,Retargeting,173.18,524.19,196,4400,29
2025-01-05,Google Ads,Brand Search,2536.54,12279.51,750,14630,33
2025-01-05,Snapchat Ads,Prospecting,2989.36,10862.49,320,3729,19
2025-01-05,Pinterest Ads,Awareness,6171.67,23770.96,773,6561,56
2025-01-05,Tiktok Ads,Video,2284.63,11964.21,326,11404,25
2025-01-05,Affiliate,Affiliation,1075.73,3866.36,255,3352,18
2025-01-05,Liveintent,Email,6037.77,29429.4,518,6716,36
2025-01-05,Criteo,Display Retargeting,2794.01,8252.69,558,10542,12
2025-01-05,Microsoft Ads,Search,265.47,947.46,545,6667,20
2025-01-06,Facebook Ads,Retargeting,4403.19,18860.95,324,6513,24
2025-01-06,Google Ads,Brand Search,12115.34,30302.91,431,5710,22
2025-01-06,Snapchat Ads,Prospecting,1789.63,13633.22,398,5489,35
2025-01-06,Pinterest Ads,Awareness,2205.38,6480.06,339,9057,25
2025-01-06,Tiktok Ads,Video,543.24,4972.01,517,8778,32
2025-01-06,Affiliate,Affiliation,830.71,2624.88,270,5414,26
2025-01-06,Liveintent,Email,2582.85,11126.98,444,6998,60
2025-01-06,Criteo,Display Retargeting,4546.86,18432.64,474,16324,26
2025-01-06,Microsoft Ads,Search,315.94,1422.42,381,10737,20
2025-01-07,Facebook Ads,Retargeting,7980.38,46208.67,454,8498,19
2025-01-07,Google Ads,Brand Search,3397.59,16909.75,493,9399,18
2025-01-07,Snapchat Ads,Prospecting,2122.93,10221.95,329,6205,11
2025-01-07,Pinterest Ads,Awareness,4889.22,16256.18,450,9253,17
2025-01-07,Tiktok Ads,Video,167.28,1346.63,600,13168,40
2025-01-07,Affiliate,Affiliation,1402.69,7839.87,272,10610,9
2025-01-07,Liveintent,Email,1794.65,16650.84,671,7284,33
2025-01-07,Criteo,Display Retargeting,4081.76,14937.67,350,4277,12
2025-01-07,Microsoft Ads,Search,2763.95,11390.84,422,9910,48
2025-01-08,Facebook Ads,Retargeting,871.67,2943.42,698,5163,18
2025-01-08,Google Ads,Brand Search,7824.82,31152.09,590,7197,43
2025-01-08,Snapchat Ads,Prospecting,378.85,1259.41,185,5607,10
2025-01-08,Pinterest Ads,Awareness,3438.3,19232.18,632,20855,41
2025-01-08,Tiktok Ads,Video,6805.69,45740.21,514,13595,47
2025-01-08,Affiliate,Affiliation,428.06,3270.43,250,3853,18
2025-01-08,Liveintent,Email,2883.57,14867.06,254,8148,31
2025-01-08,Criteo,Display Retargeting,114.16,269.17,547,8324,31
2025-01-08,Microsoft Ads,Search,984.97,5505.21,316,4982,29
2025-01-09,Facebook Ads,Retargeting,1694.95,8072.99,424,11867,29
2025-01-09,Google Ads,Brand Search,1615.83,5224.94,327,4607,22
2025-01-09,Snapchat Ads,Prospecting,4839.0,22121.53,192,4248,13
2025-01-09,Pinterest Ads,Awareness,2248.98,9945.84,474,8604,29
2025-01-09,Tiktok Ads,Video,2147.82,8468.0,377,7557,15
2025-01-09,Affiliate,Affiliation,2922.67,20047.18,525,4056,26
2025-01-09,Liveintent,Email,5394.12,40278.67,389,7608,68
2025-01-09,Criteo,Display Retargeting,43.66,165.1,485,10321,58
2025-01-09,Microsoft Ads,Search,8110.17,33644.12,353,8610,25
2025-01-10,Facebook Ads,Retargeting,585.1,2201.69,557,8707,12
2025-01-10,Google Ads,Brand Search,7346.22,38496.68,330,6873,19
2025-01-10,Snapchat Ads,Prospecting,2148.37,8895.35,480,8807,24
2025-01-10,Pinterest Ads,Awareness,673.94,3396.01,312,3222,16
2025-01-10,Tiktok Ads,Video,4190.5,22768.5,655,11582,58
2025-01-10,Affiliate,Affiliation,5755.88,22729.3,490,15849,33
2025-01-10,Liveintent,Email,2561.01,7590.22,484,4632,15
2025-01-10,Criteo,Display Retargeting,293.41,1884.17,329,6215,30
2025-01-10,Microsoft Ads,Search,5575.82,20783.2,575,15642,56
2025-01-11,Facebook Ads,Retargeting,5644.09,29838.57,359,4980,33
2025-01-11,Google Ads,Brand Search,894.79,5302.1,631,14658,48
2025-01-11,Snapchat Ads,Prospecting,769.08,3230.5,265,4763,18
2025-01-11,Pinterest Ads,Awareness,1509.27,7330.82,579,8163,34
2025-01-11,Tiktok Ads,Video,160.92,613.31,543,8491,28
2025-01-11,Affiliate,Affiliation,5291.75,25856.78,801,7717,35
2025-01-11,Liveintent,Email,4531.71,18499.89,515,10934,48
2025-01-11,Criteo,Display Retargeting,2398.25,13729.75,308,9200,27
2025-01-11,Microsoft Ads,Search,1350.49,4369.09,388,10404,29
2025-01-12,Facebook Ads,Retargeting,4459.6,26803.7,354,3517,22
2025-01-12,Google Ads,Brand Search,2802.17,9059.1,328,6069,21
2025-01-12,Snapchat Ads,Prospecting,3852.07,16980.19,280,5594,21
2025-01-12,Pinterest Ads,Awareness,2072.55,12025.84,287,5543,11
2025-01-12,Tiktok Ads,Video,4665.47,15638.57,391,5745,26
2025-01-12,Affiliate,Affiliation,1486.26,11294.36,531,12456,30
2025-01-12,Liveintent,Email,1053.44,7047.25,504,5390,15
2025-01-12,Criteo,Display Retargeting,10320.74,37918.12,568,10790,28
2025-01-12,Microsoft Ads,Search,2293.98,9355.72,305,5016,29
2025-01-13,Facebook Ads,Retargeting,2684.45,15646.69,327,4236,12
2025-01-13,Google Ads,Brand Search,1114.07,4883.58,565,5273,16
2025-01-13,Snapchat Ads,Prospecting,3632.81,15161.91,254,6428,8
2025-01-13,Pinterest Ads,Awareness,4248.23,17130.58,507,4561,47
2025-01-13,Tiktok Ads,Video,688.45,3942.99,334,5132,28
2025-01-13,Affiliate,Affiliation,162.12,1179.03,593,7679,27
2025-01-13,Liveintent,Email,5671.97,20040.87,409,5553,10
2025-01-13,Criteo,Display Retargeting,5620.23,24552.23,733,8122,41
2025-01-13,Microsoft Ads,Search,2915.92,13759.4,359,9153,34
2025-01-14,Facebook Ads,Retargeting,1611.2,11685.97,386,6051,9
2025-01-14,Google Ads,Brand Search,11012.57,47903.91,268,6192,21
2025-01-14,Snapchat Ads,Prospecting,697.83,2891.35,782,8094,37
2025-01-14,Pinterest Ads,Awareness,5721.66,27150.76,421,12667,18
2025-01-14,Tiktok Ads,Video,1502.7,5250.97,588,7941,25
2025-01-14,Affiliate,Affiliation,2498.5,5575.76,487,6549,12
2025-01-14,Liveintent,Email,2142.21,8576.21,407,7380,32
2025-01-14,Criteo,Display Retargeting,4127.4,17699.94,281,5967,43
2025-01-14,Microsoft Ads,Search,443.05,2249.7,400,5178,27
2025-01-15,Facebook Ads,Retargeting,3262.54,8290.48,561,8270,35
2025-01-15,Google Ads,Brand Search,4001.17,16863.56,455,8492,31
2025-01-15,Snapchat Ads,Prospecting,4012.04,12376.17,531,3652,28
2025-01-15,Pinterest Ads,Awareness,2653.15,11786.2,793,13605,28
2025-01-15,Tiktok Ads,Video,7869.06,41990.34,463,14290,25
2025-01-15,Affiliate,Affiliation,902.37,1677.25,509,9542,52
2025-01-15,Liveintent,Email,4927.64,18850.09,488,14277,25
2025-01-15,Criteo,Display Retargeting,543.29,1868.94,423,8444,30
2025-01-15,Microsoft Ads,Search,534.7,2205.97,475,8827,13
2025-01-16,Facebook Ads,Retargeting,2984.14,12232.16,569,11186,55
2025-01-16,Google Ads,Brand Search,2940.89,9530.6,432,12622,34
2025-01-16,Snapchat Ads,Prospecting,9473.16,28373.01,518,6722,20
2025-01-16,Pinterest Ads,Awareness,2462.54,12218.48,334,4012,18
2025-01-16,Tiktok Ads,Video,11060.34,62262.38,669,13005,27
2025-01-16,Affiliate,Affiliation,198.86,574.6,702,8952,26
2025-01-16,Liveintent,Email,423.5,1481.57,464,5212,25
2025-01-16,Criteo,Display Retargeting,145.2,532.4,419,5909,26
2025-01-16,Microsoft Ads,Search,454.49,4102.1,481,5329,28
2025-01-17,Facebook Ads,Retargeting,3762.88,14478.38,586,7919,26
2025-01-17,Google Ads,Brand Search,4358.43,21318.58,235,6744,22
2025-01-17,Snapchat Ads,Prospecting,197.9,1079.98,418,4126,39
2025-01-17,Pinterest Ads,Awareness,9876.07,30604.85,525,4591,24
2025-01-17,Tiktok Ads,Video,7219.03,38342.82,615,8555,36
2025-01-17,Affiliate,Affiliation,1728.19,3360.42,220,4626,24
2025-01-17,Liveintent,Email,284.86,2027.38,398,7222,22
2025-01-17,Criteo,Display Retargeting,530.69,2934.73,577,6261,18
2025-01-17,Microsoft Ads,Search,497.15,1691.68,605,7335,21
2025-01-18,Facebook Ads,Retargeting,253.43,1246.09,465,7162,9
2025-01-18,Google Ads,Brand Search,1593.62,7036.78,381,4776,7
2025-01-18,Snapchat Ads,Prospecting,686.47,3188.02,345,4830,29
2025-01-18,Pinterest Ads,Awareness,837.6,4405.64,669,5811,19
2025-01-18,Tiktok Ads,Video,11238.48,45465.29,400,13644,13
2025-01-18,Affiliate,Affiliation,2726.95,7420.34,650,13433,15
2025-01-18,Liveintent,Email,7268.83,30692.83,679,8680,26
2025-01-18,Criteo,Display Retargeting,410.31,1592.25,376,9175,36
2025-01-18,Microsoft Ads,Search,963.88,6547.05,359,3697,25
2025-01-19,Facebook Ads,Retargeting,4370.41,22603.46,508,6004,19
2025-01-19,Google Ads,Brand Search,385.92,1627.34,707,3921,22
2025-01-19,Snapchat Ads,Prospecting,22.06,96.95,415,5915,13
2025-01-19,Pinterest Ads,Awareness,6939.73,19740.59,279,9389,28
2025-01-19,Tiktok Ads,Video,5177.22,39959.69,551,5789,21
2025-01-19,Affiliate,Affiliation,4103.2,9118.87,417,12375,18
2025-01-19,Liveintent,Email,2541.96,17262.75,571,14868,28
2025-01-19,Criteo,Display Retargeting,3027.95,8239.46,444,7869,30
2025-01-19,Microsoft Ads,Search,117.33,375.92,262,4782,23
2025-01-20,Facebook Ads,Retargeting,2077.95,5547.45,441,3520,33
2025-01-20,Google Ads,Brand Search,1085.91,4788.46,327,4312,15
2025-01-20,Snapchat Ads,Prospecting,384.58,2181.87,309,6961,11
2025-01-20,Pinterest Ads,Awareness,15343.71,63854.44,411,6239,30
2025-01-20,Tiktok Ads,Video,3682.02,22863.42,466,8773,30
2025-01-20,Affiliate,Affiliation,5388.4,21216.02,588,8756,27
2025-01-20,Liveintent,Email,1851.57,5717.14,445,10385,18
2025-01-20,Criteo,Display Retargeting,3029.04,5929.33,641,5983,11
2025-01-20,Microsoft Ads,Search,1305.8,6771.96,241,5957,36
2025-01-21,Facebook Ads,Retargeting,282.98,988.24,359,7843,23
2025-01-21,Google Ads,Brand Search,640.6,3093.83,349,10347,25
2025-01-21,Snapchat Ads,Prospecting,7294.66,24023.35,358,4728,35
2025-01-21,Pinterest Ads,Awareness,3074.05,22968.01,464,10444,33
2025-01-21,Tiktok Ads,Video,2203.68,10281.16,283,10255,23
2025-01-21,Affiliate,Affiliation,1480.02,6024.45,340,6575,42
2025-01-21,Liveintent,Email,8130.45,43266.69,318,4565,18
2025-01-21,Criteo,Display Retargeting,132.83,1062.41,377,2181,20
2025-01-21,Microsoft Ads,Search,1293.36,7718.38,487,6012,23
2025-01-22,Facebook Ads,Retargeting,762.18,2057.53,405,12397,38
2025-01-22,Google Ads,Brand Search,4326.39,17106.87,246,4822,27
2025-01-22,Snapchat Ads,Prospecting,12495.43,40818.58,341,6392,18
2025-01-22,Pinterest Ads,Awareness,461.03,3227.29,191,6144,9
2025-01-22,Tiktok Ads,Video,4029.06,23192.77,375,4952,36
2025-01-22,Affiliate,Affiliation,3215.84,16579.29,358,6085,19
2025-01-22,Liveintent,Email,643.34,3015.35,385,10403,15
2025-01-22,Criteo,Display Retargeting,917.11,4175.35,295,3979,17
2025-01-22,Microsoft Ads,Search,715.49,4306.2,352,7060,34
2025-01-23,Facebook Ads,Retargeting,5369.87,23801.96,330,4123,10
2025-01-23,Google Ads,Brand Search,371.12,1561.26,603,13025,38
2025-01-23,Snapchat Ads,Prospecting,3221.23,12666.95,437,6073,9
2025-01-23,Pinterest Ads,Awareness,738.6,4280.77,570,7806,25
2025-01-23,Tiktok Ads,Video,2353.91,15329.8,618,10951,35
2025-01-23,Affiliate,Affiliation,855.16,2524.66,365,8959,18
2025-01-23,Liveintent,Email,1453.9,8746.76,362,7300,21
2025-01-23,Criteo,Display Retargeting,3719.14,18722.6,476,7043,35
2025-01-23,Microsoft Ads,Search,2895.67,17816.96,643,14307,32
2025-01-24,Facebook Ads,Retargeting,3480.94,12192.87,441,5815,25
2025-01-24,Google Ads,Brand Search,109.47,634.05,235,3713,11
2025-01-24,Snapchat Ads,Prospecting,2265.96,13249.04,451,9569,37
2025-01-24,Pinterest Ads,Awareness,190.07,934.02,564,10114,29
2025-01-24,Tiktok Ads,Video,968.98,3866.23,274,3186,24
2025-01-24,Affiliate,Affiliation,1646.14,7113.89,598,7192,27
2025-01-24,Liveintent,Email,984.04,3554.17,265,5299,10
2025-01-24,Criteo,Display Retargeting,975.52,6799.11,357,7180,19
2025-01-24,Microsoft Ads,Search,6559.16,58047.14,520,4963,23
2025-01-25,Facebook Ads,Retargeting,304.9,1058.88,435,6445,20
2025-01-25,Google Ads,Brand Search,2383.73,9267.54,573,8394,35
2025-01-25,Snapchat Ads,Prospecting,1129.23,4573.32,542,7644,29
2025-01-25,Pinterest Ads,Awareness,163.52,1010.5,320,3830,19
2025-01-25,Tiktok Ads,Video,372.16,1312.2,401,7718,35
2025-01-25,Affiliate,Affiliation,5757.42,43769.65,289,5618,8
2025-01-25,Liveintent,Email,4061.31,17444.07,497,6725,34
2025-01-25,Criteo,Display Retargeting,3308.12,33393.58,385,3854,36
2025-01-25,Microsoft Ads,Search,9428.06,40127.62,552,9612,50
2025-01-26,Facebook Ads,Retargeting,981.32,4824.32,285,5708,17
2025-01-26,Google Ads,Brand Search,2828.15,11125.87,303,6660,23
2025-01-26,Snapchat Ads,Prospecting,4200.35,22110.26,463,7628,15
2025-01-26,Pinterest Ads,Awareness,2229.4,14134.49,483,8851,31
2025-01-26,Tiktok Ads,Video,2321.87,11929.01,441,10454,15
2025-01-26,Affiliate,Affiliation,3109.81,8360.36,256,7079,11
2025-01-26,Liveintent,Email,3904.99,22721.95,420,4583,36
2025-01-26,Criteo,Display Retargeting,6262.11,21032.36,502,10375,46
2025-01-26,Microsoft Ads,Search,1028.31,2614.8,573,7054,29
2025-01-27,Facebook Ads,Retargeting,3631.76,10473.41,512,6912,36
2025-01-27,Google Ads,Brand Search,3780.08,18490.25,369,2460,43
2025-01-27,Snapchat Ads,Prospecting,2353.68,16566.52,570,5129,28
2025-01-27,Pinterest Ads,Awareness,1243.64,3279.47,407,9516,29
2025-01-27,Tiktok Ads,Video,5402.87,21229.13,383,5108,20
2025-01-27,Affiliate,Affiliation,130.55,339.59,389,9440,24
2025-01-27,Liveintent,Email,1920.49,8473.37,328,2414,13
2025-01-27,Criteo,Display Retargeting,6783.64,31010.38,528,8373,21
2025-01-27,Microsoft Ads,Search,3965.95,17556.27,585,10879,32
2025-01-28,Facebook Ads,Retargeting,1389.98,6096.09,332,4638,4
2025-01-28,Google Ads,Brand Search,6039.21,20749.83,545,12134,46
2025-01-28,Snapchat Ads,Prospecting,4487.42,15048.46,396,11791,11
2025-01-28,Pinterest Ads,Awareness,5992.02,28857.46,295,2508,9
2025-01-28,Tiktok Ads,Video,5113.08,16407.77,616,10802,32
2025-01-28,Affiliate,Affiliation,5071.38,12528.66,463,4351,17
2025-01-28,Liveintent,Email,2322.21,11317.56,169,10568,16
2025-01-28,Criteo,Display Retargeting,862.1,2475.03,549,9357,34
2025-01-28,Microsoft Ads,Search,1047.74,4123.7,512,5254,33
2025-01-29,Facebook Ads,Retargeting,1359.94,13794.21,510,12973,55
2025-01-29,Google Ads,Brand Search,7465.34,23969.28,359,6563,10
2025-01-29,Snapchat Ads,Prospecting,4528.83,21784.99,569,11075,39
2025-01-29,Pinterest Ads,Awareness,1456.11,11192.4,475,13225,33
2025-01-29,Tiktok Ads,Video,45.02,165.14,357,4014,11
2025-01-29,Affiliate,Affiliation,3207.57,19449.79,348,6697,38
2025-01-29,Liveintent,Email,1736.8,12732.72,252,3978,29
2025-01-29,Criteo,Display Retargeting,6175.55,43338.99,442,5197,18
2025-01-29,Microsoft Ads,Search,110.6,915.45,588,4349,23
2025-01-30,Facebook Ads,Retargeting,2102.63,13670.17,468,5746,17
2025-01-30,Google Ads,Brand Search,10180.75,36064.93,300,5356,24
2025-01-30,Snapchat Ads,Prospecting,808.6,3612.83,434,13765,23
2025-01-30,Pinterest Ads,Awareness,1131.77,3831.7,665,6329,22
2025-01-30,Tiktok Ads,Video,266.12,1641.84,412,5998,27
2025-01-30,Affiliate,Affiliation,2229.1,18984.99,516,8227,16
2025-01-30,Liveintent,Email,2965.45,8020.4,220,4056,22
2025-01-30,Criteo,Display Retargeting,1556.55,6444.66,599,5429,36
2025-01-30,Microsoft Ads,Search,2956.71,12032.6,413,9367,13
2025-01-31,Facebook Ads,Retargeting,6051.76,31075.92,270,7253,9
2025-01-31,Google Ads,Brand Search,522.07,1516.2,582,9863,26
2025-01-31,Snapchat Ads,Prospecting,59.0,189.96,489,8647,17
2025-01-31,Pinterest Ads,Awareness,6427.25,36456.76,284,10368,21
2025-01-31,Tiktok Ads,Video,2218.55,7606.37,87,6365,50
2025-01-31,Affiliate,Affiliation,5840.5,29778.83,493,10584,19
2025-01-31,Liveintent,Email,1895.62,11695.92,306,8153,24
2025-01-31,Criteo,Display Retargeting,4178.91,18684.96,441,10108,22
2025-01-31,Microsoft Ads,Search,1269.95,7448.77,494,4811,29
2025-02-01,Facebook Ads,Retargeting,5321.66,29710.93,480,8521,10
2025-02-01,Google Ads,Brand Search,11592.69,53293.77,277,3808,15
2025-02-01,Snapchat Ads,Prospecting,4517.46,17293.79,362,9464,28
2025-02-01,Pinterest Ads,Awareness,790.43,2607.46,585,10240,36
2025-02-01,Tiktok Ads,Video,947.07,4120.81,357,5914,38
2025-02-01,Affiliate,Affiliation,825.64,4169.56,356,6245,8
2025-02-01,Liveintent,Email,1086.71,5463.63,277,7553,10
2025-02-01,Criteo,Display Retargeting,1566.11,6815.42,407,4110,15
2025-02-01,Microsoft Ads,Search,3881.06,9940.57,220,2971,15
2025-02-02,Facebook Ads,Retargeting,6289.93,16661.63,470,3443,37
2025-02-02,Google Ads,Brand Search,4242.92,13962.18,621,5521,14
2025-02-02,Snapchat Ads,Prospecting,7151.49,17286.93,583,4892,38
2025-02-02,Pinterest Ads,Awareness,482.0,3308.87,437,4464,31
2025-02-02,Tiktok Ads,Video,510.3,1323.77,262,2872,6
2025-02-02,Affiliate,Affiliation,1425.5,5906.29,672,11760,71
2025-02-02,Liveintent,Email,4154.25,21956.16,370,6391,25
2025-02-02,Criteo,Display Retargeting,1591.64,6926.73,241,6244,11
2025-02-02,Microsoft Ads,Search,2048.54,10055.55,534,9276,35
2025-02-03,Facebook Ads,Retargeting,1696.85,8251.65,352,7640,42
2025-02-03,Google Ads,Brand Search,5109.38,20843.97,452,7580,20
2025-02-03,Snapchat Ads,Prospecting,42.89,248.33,475,5371,26
2025-02-03,Pinterest Ads,Awareness,3910.55,7495.62,430,5299,13
2025-02-03,Tiktok Ads,Video,3489.11,8265.85,457,5636,23
2025-02-03,Affiliate,Affiliation,6571.74,22359.53,210,4811,24
2025-02-03,Liveintent,Email,7761.79,25696.35,257,5144,12
2025-02-03,Criteo,Display Retargeting,76.43,269.36,277,4936,17
2025-02-03,Microsoft Ads,Search,621.76,2171.88,432,14301,22
2025-02-04,Facebook Ads,Retargeting,2392.88,13657.52,576,9699,35
2025-02-04,Google Ads,Brand Search,965.42,3424.57,649,6701,38
2025-02-04,Snapchat Ads,Prospecting,1580.67,5005.89,303,4832,18
2025-02-04,Pinterest Ads,Awareness,1510.83,9839.24,785,9007,27
2025-02-04,Tiktok Ads,Video,2289.85,7994.54,446,4479,12
2025-02-04,Affiliate,Affiliation,3772.85,14444.16,419,9279,20
2025-02-04,Liveintent,Email,9746.39,25074.16,317,8244,27
2025-02-04,Criteo,Display Retargeting,2134.81,9525.76,304,9355,23
2025-02-04,Microsoft Ads,Search,618.06,2601.47,356,4580,31
2025-02-05,Facebook Ads,Retargeting,6752.6,28647.79,408,5499,14
2025-02-05,Google Ads,Brand Search,123.11,574.23,289,2499,15
2025-02-05,Snapchat Ads,Prospecting,667.61,4472.71,392,9070,13
2025-02-05,Pinterest Ads,Awareness,8521.99,31441.08,713,7812,18
2025-02-05,Tiktok Ads,Video,727.24,5927.49,531,12765,14
2025-02-05,Affiliate,Affiliation,798.72,4372.04,679,6748,17
2025-02-05,Liveintent,Email,585.73,2768.9,365,5092,15
2025-02-05,Criteo,Display Retargeting,6034.81,26276.38,602,6509,39
2025-02-05,Microsoft Ads,Search,2791.53,7882.07,388,8505,13
2025-02-06,Facebook Ads,Retargeting,2099.27,11362.98,625,13862,18
2025-02-06,Google Ads,Brand Search,897.84,2877.65,308,4757,15
2025-02-06,Snapchat Ads,Prospecting,3440.39,20463.8,567,9405,16
2025-02-06,Pinterest Ads,Awareness,2466.28,13321.46,192,4809,13
2025-02-06,Tiktok Ads,Video,679.48,7236.69,594,13696,30
2025-02-06,Affiliate,Affiliation,1440.96,4402.24,420,6190,14
2025-02-06,Liveintent,Email,733.66,2779.93,358,4750,21
2025-02-06,Criteo,Display Retargeting,8734.09,68529.48,407,6616,42
2025-02-06,Microsoft Ads,Search,4521.03,16081.22,721,6852,36
2025-02-07,Facebook Ads,Retargeting,5736.01,19509.04,522,7229,31
2025-02-07,Google Ads,Brand Search,719.26,1554.1,445,16980,29
2025-02-07,Snapchat Ads,Prospecting,3326.96,8186.39,465,9028,14
2025-02-07,Pinterest Ads,Awareness,2465.56,16698.02,728,9617,30
2025-02-07,Tiktok Ads,Video,2029.03,9272.94,342,4609,13
2025-02-07,Affiliate,Affiliation,8051.97,36364.32,270,3414,17
2025-02-07,Liveintent,Email,1063.03,4670.91,799,15122,27
2025-02-07,Criteo,Display Retargeting,380.54,959.31,426,7992,20
2025-02-07,Microsoft Ads,Search,2331.91,13433.5,287,2698,17
2025-02-08,Facebook Ads,Retargeting,5219.56,24324.01,621,5293,21
2025-02-08,Google Ads,Brand Search,1812.41,14877.98,347,5131,35
2025-02-08,Snapchat Ads,Prospecting,740.89,4087.85,431,6952,20
2025-02-08,Pinterest Ads,Awareness,3023.44,11970.85,306,3890,19
2025-02-08,Tiktok Ads,Video,1100.01,9592.08,251,3050,12
2025-02-08,Affiliate,Affiliation,1711.45,4670.22,665,12326,43
2025-02-08,Liveintent,Email,4292.49,19791.56,346,8675,16
2025-02-08,Criteo,Display Retargeting,5846.95,26719.51,509,4813,23
2025-02-08,Microsoft Ads,Search,803.52,4302.19,306,7232,15
2025-02-09,Facebook Ads,Retargeting,1345.41,5693.27,463,8120,21
2025-02-09,Google Ads,Brand Search,865.96,1983.66,325,8152,30
2025-02-09,Snapchat Ads,Prospecting,476.25,2160.72,430,13356,21
2025-02-09,Pinterest Ads,Awareness,2287.7,14424.37,271,3808,11
2025-02-09,Tiktok Ads,Video,4842.77,22291.31,379,13683,38
2025-02-09,Affiliate,Affiliation,950.22,4715.55,296,6582,41
2025-02-09,Liveintent,Email,3265.5,12749.74,434,4881,37
2025-02-09,Criteo,Display Retargeting,3073.61,17949.66,474,8675,16
2025-02-09,Microsoft Ads,Search,2154.54,25606.19,400,6022,12
2025-02-10,Facebook Ads,Retargeting,971.96,5048.78,177,6086,16
2025-02-10,Google Ads,Brand Search,14527.33,52244.61,321,10622,30
2025-02-10,Snapchat Ads,Prospecting,1929.64,9243.37,387,6049,19
2025-02-10,Pinterest Ads,Awareness,1900.81,7345.21,280,3155,17
2025-02-10,Tiktok Ads,Video,417.68,1277.42,423,8436,17
2025-02-10,Affiliate,Affiliation,4390.92,16972.07,179,5875,10
2025-02-10,Liveintent,Email,526.73,2060.91,673,10120,11
2025-02-10,Criteo,Display Retargeting,1956.8,5045.27,311,5778,20
2025-02-10,Microsoft Ads,Search,2260.58,8415.12,491,7684,18
2025-02-11,Facebook Ads,Retargeting,3459.57,14600.13,338,6436,13
2025-02-11,Google Ads,Brand Search,4061.58,8035.78,289,8082,25
2025-02-11,Snapchat Ads,Prospecting,750.73,1324.27,389,11166,17
2025-02-11,Pinterest Ads,Awareness,3789.05,25256.51,220,6282,14
2025-02-11,Tiktok Ads,Video,3379.98,22249.35,228,3458,14
2025-02-11,Affiliate,Affiliation,3649.68,14214.13,416,8701,22
2025-02-11,Liveintent,Email,339.37,1105.41,466,13137,24
2025-02-11,Criteo,Display Retargeting,2378.38,7558.7,541,13041,26
2025-02-11,Microsoft Ads,Search,7141.45,26061.07,232,5932,14
2025-02-12,Facebook Ads,Retargeting,3631.47,13397.31,242,4039,8
2025-02-12,Google Ads,Brand Search,1521.88,6238.07,243,5831,24
2025-02-12,Snapchat Ads,Prospecting,2353.74,7914.97,534,7672,20
2025-02-12,Pinterest Ads,Awareness,3393.87,16522.22,226,5633,27
2025-02-12,Tiktok Ads,Video,2290.92,10387.77,445,14744,37
2025-02-12,Affiliate,Affiliation,418.76,1166.61,176,5491,13
2025-02-12,Liveintent,Email,1102.15,4929.76,245,3181,10
2025-02-12,Criteo,Display Retargeting,5826.92,28427.48,562,4949,29
2025-02-12,Microsoft Ads,Search,6006.24,26775.27,297,3435,14
2025-02-13,Facebook Ads,Retargeting,279.75,1233.86,317,5637,15
2025-02-13,Google Ads,Brand Search,6536.15,27739.73,538,9773,23
2025-02-13,Snapchat Ads,Prospecting,619.04,4020.77,273,10999,33
2025-02-13,Pinterest Ads,Awareness,2160.47,6343.73,522,5495,20
2025-02-13,Tiktok Ads,Video,2777.86,10594.65,245,3778,13
2025-02-13,Affiliate,Affiliation,3337.02,16581.99,784,4355,22
2025-02-13,Liveintent,Email,4819.11,16499.76,316,12719,21
2025-02-13,Criteo,Display Retargeting,569.69,3120.69,313,4795,21
2025-02-13,Microsoft Ads,Search,2977.38,15193.76,280,4174,16
2025-02-14,Facebook Ads,Retargeting,477.67,2557.24,443,4659,14
2025-02-14,Google Ads,Brand Search,5345.25,26711.07,280,2224,11
2025-02-14,Snapchat Ads,Prospecting,5021.03,22468.14,180,3460,22
2025-02-14,Pinterest Ads,Awareness,4856.77,24066.38,524,11523,36
2025-02-14,Tiktok Ads,Video,1227.44,5478.37,421,9002,22
2025-02-14,Affiliate,Affiliation,8804.02,32310.26,490,4507,16
2025-02-14,Liveintent,Email,862.81,1709.35,332,6060,42
2025-02-14,Criteo,Display Retargeting,237.52,1119.1,319,3051,22
2025-02-14,Microsoft Ads,Search,6254.88,23245.69,462,6258,18
2025-02-15,Facebook Ads,Retargeting,2317.52,11784.27,303,7618,13
2025-02-15,Google Ads,Brand Search,6492.16,28925.01,632,5824,30
2025-02-15,Snapchat Ads,Prospecting,1584.66,7386.26,462,11284,38
2025-02-15,Pinterest Ads,Awareness,445.75,3461.01,422,4724,8
2025-02-15,Tiktok Ads,Video,6229.78,23325.2,376,4390,8
2025-02-15,Affiliate,Affiliation,3580.01,11289.26,317,4376,18
2025-02-15,Liveintent,Email,670.12,3279.98,443,11532,46
2025-02-15,Criteo,Display Retargeting,4410.68,22819.27,480,8262,10
2025-02-15,Microsoft Ads,Search,1939.76,12725.09,336,8516,17
2025-02-16,Facebook Ads,Retargeting,2347.82,13476.5,324,5528,29
2025-02-16,Google Ads,Brand Search,1622.6,9854.25,488,7418,21
2025-02-16,Snapchat Ads,Prospecting,4347.54,23667.45,636,9033,23
2025-02-16,Pinterest Ads,Awareness,5992.88,16178.49,468,6862,23
2025-02-16,Tiktok Ads,Video,4116.94,15919.41,426,6561,31
2025-02-16,Affiliate,Affiliation,338.26,1353.93,440,4811,25
2025-02-16,Liveintent,Email,3193.83,25282.33,500,13465,16
2025-02-16,Criteo,Display Retargeting,3826.43,11512.31,456,5419,54
2025-02-16,Microsoft Ads,Search,1862.6,18594.91,347,4016,6
2025-02-17,Facebook Ads,Retargeting,1063.82,4347.12,368,3353,23
2025-02-17,Google Ads,Brand Search,5967.68,19628.01,532,9475,37
2025-02-17,Snapchat Ads,Prospecting,2500.44,13773.68,543,9191,30
2025-02-17,Pinterest Ads,Awareness,292.83,866.21,502,8371,20
2025-02-17,Tiktok Ads,Video,1188.03,5693.91,701,6714,37
2025-02-17,Affiliate,Affiliation,3948.81,21244.35,385,6688,18
2025-02-17,Liveintent,Email,96.93,510.81,184,7470,10
2025-02-17,Criteo,Display Retargeting,6450.42,35168.34,363,3269,18
2025-02-17,Microsoft Ads,Search,3012.4,14601.16,836,7165,23
2025-02-18,Facebook Ads,Retargeting,5711.47,20079.65,317,6670,27
2025-02-18,Google Ads,Brand Search,1580.76,4941.09,660,7470,34
2025-02-18,Snapchat Ads,Prospecting,1369.98,3685.78,283,5144,22
2025-02-18,Pinterest Ads,Awareness,10088.63,58077.56,297,9976,27
2025-02-18,Tiktok Ads,Video,2034.88,6591.39,200,5187,10
2025-02-18,Affiliate,Affiliation,6095.65,23306.8,320,4434,17
2025-02-18,Liveintent,Email,2218.71,8626.58,475,8419,24
2025-02-18,Criteo,Display Retargeting,543.22,2241.46,246,4853,25
2025-02-18,Microsoft Ads,Search,52.71,210.9,511,12283,34
2025-02-19,Facebook Ads,Retargeting,1787.17,6632.86,391,7474,38
2025-02-19,Google Ads,Brand Search,9685.1,48539.18,687,11605,16
2025-02-19,Snapchat Ads,Prospecting,1396.01,7507.11,495,10737,12
2025-02-19,Pinterest Ads,Awareness,1461.71,4426.72,527,9180,44
2025-02-19,Tiktok Ads,Video,1348.4,4135.9,446,4410,40
2025-02-19,Affiliate,Affiliation,1637.83,8547.85,322,6625,18
2025-02-19,Liveintent,Email,1969.28,7149.29,499,6476,25
2025-02-19,Criteo,Display Retargeting,6405.14,19819.88,429,9694,29
2025-02-19,Microsoft Ads,Search,2301.28,8878.9,324,4689,18
2025-02-20,Facebook Ads,Retargeting,1675.78,10922.78,202,4585,18
2025-02-20,Google Ads,Brand Search,454.98,1401.11,625,7039,22
2025-02-20,Snapchat Ads,Prospecting,13632.64,48469.85,417,3692,37
2025-02-20,Pinterest Ads,Awareness,672.62,4578.21,466,16871,54
2025-02-20,Tiktok Ads,Video,226.63,740.48,237,8405,13
2025-02-20,Affiliate,Affiliation,3348.72,15525.22,575,14098,34
2025-02-20,Liveintent,Email,3246.62,11031.58,431,7532,23
2025-02-20,Criteo,Display Retargeting,1176.85,5847.67,432,4749,32
2025-02-20,Microsoft Ads,Search,1665.1,5745.99,542,10995,42
2025-02-21,Facebook Ads,Retargeting,4859.77,16786.02,491,9798,48
2025-02-21,Google Ads,Brand Search,503.45,2059.37,362,10500,37
2025-02-21,Snapchat Ads,Prospecting,3631.28,26998.94,271,3364,20
2025-02-21,Pinterest Ads,Awareness,3008.12,13730.34,625,10966,64
2025-02-21,Tiktok Ads,Video,1555.59,6530.11,405,9516,37
2025-02-21,Affiliate,Affiliation,1060.63,9780.67,190,4175,17
2025-02-21,Liveintent,Email,939.88,5027.05,657,7121,33
2025-02-21,Criteo,Display Retargeting,3819.53,19265.23,255,5161,22
2025-02-21,Microsoft Ads,Search,2603.26,9119.9,336,4986,11
2025-02-22,Facebook Ads,Retargeting,889.2,3556.79,384,4959,29
2025-02-22,Google Ads,Brand Search,1952.93,14634.01,342,7301,45
2025-02-22,Snapchat Ads,Prospecting,12099.69,80306.51,595,8100,50
2025-02-22,Pinterest Ads,Awareness,1114.66,5187.17,585,14099,26
2025-02-22,Tiktok Ads,Video,7932.25,20119.09,380,4247,10
2025-02-22,Affiliate,Affiliation,1390.98,3939.64,531,4134,27
2025-02-22,Liveintent,Email,164.72,483.81,330,6333,12
2025-02-22,Criteo,Display Retargeting,717.33,2081.62,423,7578,24
2025-02-22,Microsoft Ads,Search,1461.29,7841.48,445,4453,31
2025-02-23,Facebook Ads,Retargeting,863.47,3546.28,411,7676,17
2025-02-23,Google Ads,Brand Search,0.67,1.7,322,5945,31
2025-02-23,Snapchat Ads,Prospecting,9020.08,27067.36,462,4950,19
2025-02-23,Pinterest Ads,Awareness,6251.78,30135.61,465,9265,26
2025-02-23,Tiktok Ads,Video,4020.95,16013.9,330,3292,20
2025-02-23,Affiliate,Affiliation,540.13,2242.72,297,4563,12
2025-02-23,Liveintent,Email,483.45,1371.12,354,5173,8
2025-02-23,Criteo,Display Retargeting,215.75,711.05,586,7233,51
2025-02-23,Microsoft Ads,Search,3373.02,26381.23,530,12034,19
2025-02-24,Facebook Ads,Retargeting,12178.29,30616.53,330,5895,11
2025-02-24,Google Ads,Brand Search,2429.61,11656.82,603,10496,34
2025-02-24,Snapchat Ads,Prospecting,267.76,1038.24,384,6030,14
2025-02-24,Pinterest Ads,Awareness,2521.51,15187.52,327,6176,16
2025-02-24,Tiktok Ads,Video,1769.95,7071.63,416,6388,18
2025-02-24,Affiliate,Affiliation,1889.11,8503.76,294,8501,13
2025-02-24,Liveintent,Email,3254.58,15175.58,333,4496,22
2025-02-24,Criteo,Display Retargeting,5737.88,15720.88,363,9724,33
2025-02-24,Microsoft Ads,Search,516.31,1567.38,427,9275,11
2025-02-25,Facebook Ads,Retargeting,112.77,660.5,506,10111,23
2025-02-25,Google Ads,Brand Search,13419.52,52157.09,290,8647,16
2025-02-25,Snapchat Ads,Prospecting,678.86,3478.59,642,5959,21
2025-02-25,Pinterest Ads,Awareness,193.19,756.57,365,3760,14
2025-02-25,Tiktok Ads,Video,742.95,3633.37,264,5262,18
2025-02-25,Affiliate,Affiliation,181.07,399.74,601,4925,26
2025-02-25,Liveintent,Email,1727.38,10397.88,496,5509,28
2025-02-25,Criteo,Display Retargeting,5360.89,23039.57,290,5664,29
2025-02-25,Microsoft Ads,Search,1607.25,8192.42,678,6126,28
2025-02-26,Facebook Ads,Retargeting,1334.41,5740.74,387,6548,21
2025-02-26,Google Ads,Brand Search,2431.93,15510.13,644,10320,49
2025-02-26,Snapchat Ads,Prospecting,529.48,5968.35,260,5030,24
2025-02-26,Pinterest Ads,Awareness,3698.57,18738.51,409,3681,17
2025-02-26,Tiktok Ads,Video,3852.55,10414.0,555,5702,34
2025-02-26,Affiliate,Affiliation,19.35,84.84,443,9913,20
2025-02-26,Liveintent,Email,3027.31,11083.05,267,8774,46
2025-02-26,Criteo,Display Retargeting,1191.89,4949.0,550,6198,31
2025-02-26,Microsoft Ads,Search,5749.06,45150.41,465,6376,15
2025-02-27,Facebook Ads,Retargeting,605.29,6634.07,433,8475,17
2025-02-27,Google Ads,Brand Search,8943.45,40648.54,330,5599,19
2025-02-27,Snapchat Ads,Prospecting,2608.94,11911.72,835,10195,41
2025-02-27,Pinterest Ads,Awareness,634.51,1978.73,320,4982,19
2025-02-27,Tiktok Ads,Video,1178.78,8289.92,307,8409,31
2025-02-27,Affiliate,Affiliation,11815.62,20645.74,449,5404,39
2025-02-27,Liveintent,Email,4275.3,10647.35,343,12727,32
2025-02-27,Criteo,Display Retargeting,133.47,1124.08,207,7053,17
2025-02-27,Microsoft Ads,Search,2124.28,13373.08,373,8543,34
2025-02-28,Facebook Ads,Retargeting,1568.39,7987.5,292,10198,24
2025-02-28,Google Ads,Brand Search,19.88,180.77,326,2900,14
2025-02-28,Snapchat Ads,Prospecting,1885.29,9531.56,253,8594,34
2025-02-28,Pinterest Ads,Awareness,1044.91,6232.18,382,10296,24
2025-02-28,Tiktok Ads,Video,7280.09,30431.14,351,5845,14
2025-02-28,Affiliate,Affiliation,1795.74,7426.87,526,6567,24
2025-02-28,Liveintent,Email,7268.01,39621.76,607,7258,40
2025-02-28,Criteo,Display Retargeting,2.88,8.95,540,9146,22
2025-02-28,Microsoft Ads,Search,1614.99,7562.21,314,7963,21
2025-03-01,Facebook Ads,Retargeting,1281.67,5881.17,274,7662,27
2025-03-01,Google Ads,Brand Search,1143.5,7382.86,609,10163,29
2025-03-01,Snapchat Ads,Prospecting,300.88,1938.91,395,4715,20
2025-03-01,Pinterest Ads,Awareness,674.77,5098.19,499,8054,27
2025-03-01,Tiktok Ads,Video,5325.66,15429.01,293,2973,21
2025-03-01,Affiliate,Affiliation,2180.81,6292.79,319,7236,26
2025-03-01,Liveintent,Email,2516.32,9612.44,184,1641,23
2025-03-01,Criteo,Display Retargeting,3868.3,9779.55,525,10022,22
2025-03-01,Microsoft Ads,Search,9472.86,52179.18,299,6104,9
2025-03-02,Facebook Ads,Retargeting,8046.79,39036.48,525,10697,17
2025-03-02,Google Ads,Brand Search,2178.75,10919.47,340,4720,27
2025-03-02,Snapchat Ads,Prospecting,1648.18,6161.49,379,8267,16
2025-03-02,Pinterest Ads,Awareness,437.19,2377.37,424,10474,48
2025-03-02,Tiktok Ads,Video,11524.68,62277.39,581,11163,39
2025-03-02,Affiliate,Affiliation,226.81,1280.83,766,4938,31
2025-03-02,Liveintent,Email,1829.2,7359.51,763,6343,45
2025-03-02,Criteo,Display Retargeting,1148.03,8910.7,520,8173,24
2025-03-02,Microsoft Ads,Search,1388.94,7782.27,525,11791,30
2025-03-03,Facebook Ads,Retargeting,579.97,3876.35,188,2517,13
2025-03-03,Google Ads,Brand Search,8291.7,18545.84,316,11984,22
2025-03-03,Snapchat Ads,Prospecting,462.67,2485.94,629,6446,23
2025-03-03,Pinterest Ads,Awareness,4871.19,9196.83,301,5778,18
2025-03-03,Tiktok Ads,Video,591.97,2502.75,290,10083,13
2025-03-03,Affiliate,Affiliation,323.69,1143.41,423,6417,16
2025-03-03,Liveintent,Email,12385.59,38409.33,502,10438,23
2025-03-03,Criteo,Display Retargeting,742.96,5136.83,388,3383,16
2025-03-03,Microsoft Ads,Search,7170.57,44591.57,618,10408,28
2025-03-04,Facebook Ads,Retargeting,2586.37,11666.32,511,7959,39
2025-03-04,Google Ads,Brand Search,284.0,857.69,607,8529,44
2025-03-04,Snapchat Ads,Prospecting,9878.13,56491.69,284,4040,20
2025-03-04,Pinterest Ads,Awareness,907.46,5269.6,307,3684,43
2025-03-04,Tiktok Ads,Video,6110.3,30637.38,487,8365,40
2025-03-04,Affiliate,Affiliation,666.02,3187.56,287,4607,17
2025-03-04,Liveintent,Email,5906.19,24646.38,516,7520,33
2025-03-04,Criteo,Display Retargeting,41.25,206.22,393,4022,28
2025-03-04,Microsoft Ads,Search,2069.28,15325.99,497,9347,21
2025-03-05,Facebook Ads,Retargeting,4653.25,14197.48,370,7059,25
2025-03-05,Google Ads,Brand Search,7476.93,29290.54,387,5110,22
2025-03-05,Snapchat Ads,Prospecting,4788.86,26263.55,541,9337,25
2025-03-05,Pinterest Ads,Awareness,4760.15,16821.0,181,5001,17
2025-03-05,Tiktok Ads,Video,5845.79,22142.06,645,5263,22
2025-03-05,Affiliate,Affiliation,594.09,1673.04,265,2656,17
2025-03-05,Liveintent,Email,902.65,2618.25,553,15119,37
2025-03-05,Criteo,Display Retargeting,946.88,3243.61,251,4975,17
2025-03-05,Microsoft Ads,Search,1014.14,6200.26,274,4026,14
2025-03-06,Facebook Ads,Retargeting,1185.35,6725.45,415,9877,44
2025-03-06,Google Ads,Brand Search,3835.39,20202.61,427,6956,60
2025-03-06,Snapchat Ads,Prospecting,604.23,2972.44,395,3473,22
2025-03-06,Pinterest Ads,Awareness,4479.76,12042.71,620,4751,16
2025-03-06,Tiktok Ads,Video,708.9,2877.75,341,10931,15
2025-03-06,Affiliate,Affiliation,1454.69,5431.74,464,7554,30
2025-03-06,Liveintent,Email,2646.07,16440.03,233,6231,17
2025-03-06,Criteo,Display Retargeting,6642.69,33853.87,648,5499,19
2025-03-06,Microsoft Ads,Search,4469.83,21734.67,255,3384,9
2025-03-07,Facebook Ads,Retargeting,2984.08,13976.09,230,6814,17
2025-03-07,Google Ads,Brand Search,493.79,2706.06,545,9382,16
2025-03-07,Snapchat Ads,Prospecting,3148.06,7619.07,476,8108,24
2025-03-07,Pinterest Ads,Awareness,320.25,1515.77,372,8126,27
2025-03-07,Tiktok Ads,Video,1866.86,7799.09,287,6349,23
2025-03-07,Affiliate,Affiliation,1907.77,8381.18,424,5701,25
2025-03-07,Liveintent,Email,79.38,770.65,703,9030,40
2025-03-07,Criteo,Display Retargeting,1264.87,4007.41,367,5154,15
2025-03-07,Microsoft Ads,Search,12612.59,63300.6,430,7666,21
2025-03-08,Facebook Ads,Retargeting,8520.62,43196.87,292,7745,22
2025-03-08,Google Ads,Brand Search,671.6,4964.56,234,5801,32
2025-03-08,Snapchat Ads,Prospecting,117.35,642.59,230,4378,25
2025-03-08,Pinterest Ads,Awareness,702.93,2991.64,336,5443,29
2025-03-08,Tiktok Ads,Video,1908.48,5969.67,390,8096,49
2025-03-08,Affiliate,Affiliation,6391.79,60920.85,402,8307,17
2025-03-08,Liveintent,Email,545.52,1879.1,612,15141,20
2025-03-08,Criteo,Display Retargeting,3551.81,18758.95,571,7000,36
2025-03-08,Microsoft Ads,Search,379.51,1611.02,496,7254,25
2025-03-09,Facebook Ads,Retargeting,6394.68,38347.68,596,11057,48
2025-03-09,Google Ads,Brand Search,1027.52,4221.33,469,9656,11
2025-03-09,Snapchat Ads,Prospecting,2848.5,13121.17,247,8172,12
2025-03-09,Pinterest Ads,Awareness,671.31,3355.82,704,9142,43
2025-03-09,Tiktok Ads,Video,1308.33,9260.53,263,5999,25
2025-03-09,Affiliate,Affiliation,286.37,1920.12,564,7872,23
2025-03-09,Liveintent,Email,212.2,1965.79,404,5202,22
2025-03-09,Criteo,Display Retargeting,4294.53,19568.64,388,13391,60
2025-03-09,Microsoft Ads,Search,3217.03,19416.42,509,7705,27
2025-03-10,Facebook Ads,Retargeting,10484.63,32625.87,589,6915,41
2025-03-10,Google Ads,Brand Search,2822.01,26696.53,318,5265,16
2025-03-10,Snapchat Ads,Prospecting,6551.58,23937.08,525,7947,31
2025-03-10,Pinterest Ads,Awareness,288.52,1288.29,414,6924,19
2025-03-10,Tiktok Ads,Video,1385.19,7551.24,209,2850,29
2025-03-10,Affiliate,Affiliation,2004.92,7867.72,326,7248,36
2025-03-10,Liveintent,Email,3638.16,19211.58,368,10961,25
2025-03-10,Criteo,Display Retargeting,1802.06,9698.03,373,7011,8
2025-03-10,Microsoft Ads,Search,300.45,2913.04,443,3473,27
2025-03-11,Facebook Ads,Retargeting,4064.07,15255.51,330,5458,24
2025-03-11,Google Ads,Brand Search,5013.39,34687.85,511,6953,34
2025-03-11,Snapchat Ads,Prospecting,1587.95,7773.67,338,3470,34
2025-03-11,Pinterest Ads,Awareness,662.82,2793.72,458,5262,9
2025-03-11,Tiktok Ads,Video,992.51,5093.13,334,6345,17
2025-03-11,Affiliate,Affiliation,1116.05,6158.45,352,2123,19
2025-03-11,Liveintent,Email,1362.89,9405.88,339,9384,20
2025-03-11,Criteo,Display Retargeting,5037.51,17080.05,344,9232,11
2025-03-11,Microsoft Ads,Search,4084.55,12487.32,794,10496,25
2025-03-12,Facebook Ads,Retargeting,5322.08,15065.6,575,12858,12
2025-03-12,Google Ads,Brand Search,1741.75,9023.21,236,6296,29
2025-03-12,Snapchat Ads,Prospecting,4434.71,28758.85,311,6700,22
2025-03-12,Pinterest Ads,Awareness,863.32,3510.33,343,4537,29
2025-03-12,Tiktok Ads,Video,2825.03,11462.26,657,15712,15
2025-03-12,Affiliate,Affiliation,6077.52,23770.58,339,3821,11
2025-03-12,Liveintent,Email,644.85,2780.74,579,6733,48
2025-03-12,Criteo,Display Retargeting,556.61,3075.36,535,11970,19
2025-03-12,Microsoft Ads,Search,5890.6,52421.2,506,11345,30
2025-03-13,Facebook Ads,Retargeting,3038.59,11315.19,592,11514,15
2025-03-13,Google Ads,Brand Search,6699.26,42593.24,514,13139,29
2025-03-13,Snapchat Ads,Prospecting,189.7,545.63,533,8170,20
2025-03-13,Pinterest Ads,Awareness,5573.68,31603.24,518,7304,30
2025-03-13,Tiktok Ads,Video,1571.22,7895.52,617,7128,24
2025-03-13,Affiliate,Affiliation,322.76,1157.94,371,7685,14
2025-03-13,Liveintent,Email,4031.74,17177.12,307,3449,16
2025-03-13,Criteo,Display Retargeting,1620.65,9098.65,302,6376,7
2025-03-13,Microsoft Ads,Search,2433.61,11357.96,369,4719,19
2025-03-14,Facebook Ads,Retargeting,503.13,3197.63,434,13308,27
2025-03-14,Google Ads,Brand Search,883.13,5290.69,349,6396,23
2025-03-14,Snapchat Ads,Prospecting,2396.29,13099.29,698,5524,39
2025-03-14,Pinterest Ads,Awareness,576.83,3838.03,497,4527,30
2025-03-14,Tiktok Ads,Video,20626.82,56029.53,473,7401,24
2025-03-14,Affiliate,Affiliation,49.24,260.76,232,8139,24
2025-03-14,Liveintent,Email,4666.47,24543.81,336,2782,13
2025-03-14,Criteo,Display Retargeting,547.27,3152.44,171,4080,16
2025-03-14,Microsoft Ads,Search,3185.22,8301.57,414,8425,42
2025-03-15,Facebook Ads,Retargeting,3929.61,18224.05,680,8455,19
2025-03-15,Google Ads,Brand Search,385.73,1907.82,434,4352,13
2025-03-15,Snapchat Ads,Prospecting,5674.24,26451.98,329,8238,49
2025-03-15,Pinterest Ads,Awareness,320.73,2151.29,242,7147,26
2025-03-15,Tiktok Ads,Video,2246.57,11362.69,547,7359,27
2025-03-15,Affiliate,Affiliation,1143.79,8572.8,326,6032,29
2025-03-15,Liveintent,Email,3657.44,23256.43,406,5792,17
2025-03-15,Criteo,Display Retargeting,1487.95,5684.92,404,7322,16
2025-03-15,Microsoft Ads,Search,1211.6,8004.46,391,11321,28
2025-03-16,Facebook Ads,Retargeting,679.07,2218.8,562,16093,24
2025-03-16,Google Ads,Brand Search,551.38,2558.39,352,7845,13
2025-03-16,Snapchat Ads,Prospecting,7007.41,26763.52,505,5204,27
2025-03-16,Pinterest Ads,Awareness,1332.7,5961.02,697,6679,40
2025-03-16,Tiktok Ads,Video,1380.28,7419.13,316,16460,45
2025-03-16,Affiliate,Affiliation,4875.81,22398.53,574,11873,57
2025-03-16,Liveintent,Email,1066.61,4217.8,422,8016,18
2025-03-16,Criteo,Display Retargeting,10938.68,53570.06,414,13322,23
2025-03-16,Microsoft Ads,Search,3437.13,21300.88,416,4214,35
2025-03-17,Facebook Ads,Retargeting,2051.13,15497.12,559,12775,51
2025-03-17,Google Ads,Brand Search,5314.54,18219.86,521,6352,30
2025-03-17,Snapchat Ads,Prospecting,157.92,624.9,468,9989,33
2025-03-17,Pinterest Ads,Awareness,829.97,3581.56,266,4213,16
2025-03-17,Tiktok Ads,Video,1483.12,9124.78,428,14543,24
2025-03-17,Affiliate,Affiliation,650.94,4510.74,274,6122,18
2025-03-17,Liveintent,Email,3315.89,23579.72,529,8064,21
2025-03-17,Criteo,Display Retargeting,5950.87,19108.86,325,5885,40
2025-03-17,Microsoft Ads,Search,1726.66,6327.33,374,9313,43
2025-03-18,Facebook Ads,Retargeting,1073.83,4618.42,415,7726,18
2025-03-18,Google Ads,Brand Search,8024.82,39564.57,307,7179,13
2025-03-18,Snapchat Ads,Prospecting,1315.3,3729.41,715,8660,38
2025-03-18,Pinterest Ads,Awareness,1306.38,6413.95,462,3998,31
2025-03-18,Tiktok Ads,Video,1129.31,3228.73,373,4793,27
2025-03-18,Affiliate,Affiliation,7049.64,16871.59,494,9192,25
2025-03-18,Liveintent,Email,1562.67,7168.34,218,7081,16
2025-03-18,Criteo,Display Retargeting,2761.44,16276.9,478,7054,16
2025-03-18,Microsoft Ads,Search,4600.35,19661.88,485,8173,24
2025-03-19,Facebook Ads,Retargeting,893.7,3510.25,534,7147,50
2025-03-19,Google Ads,Brand Search,1470.17,4933.53,433,6756,18
2025-03-19,Snapchat Ads,Prospecting,4521.2,24692.86,379,5461,18
2025-03-19,Pinterest Ads,Awareness,1072.56,2898.38,273,4881,23
2025-03-19,Tiktok Ads,Video,3354.09,23175.24,313,4880,17
2025-03-19,Affiliate,Affiliation,7044.52,30074.1,353,6517,35
2025-03-19,Liveintent,Email,1851.45,9883.7,245,3850,24
2025-03-19,Criteo,Display Retargeting,2465.84,11000.63,504,6845,16
2025-03-19,Microsoft Ads,Search,3944.44,12077.53,253,1857,16
2025-03-20,Facebook Ads,Retargeting,8840.71,37091.44,569,4106,45
2025-03-20,Google Ads,Brand Search,2227.69,8729.94,502,10523,27
2025-03-20,Snapchat Ads,Prospecting,209.03,981.78,456,12270,23
2025-03-20,Pinterest Ads,Awareness,2066.76,8762.19,477,6763,32
2025-03-20,Tiktok Ads,Video,4934.74,22955.64,412,5756,22
2025-03-20,Affiliate,Affiliation,2309.33,11505.23,273,4708,33
2025-03-20,Liveintent,Email,5091.08,16982.31,351,5189,19
2025-03-20,Criteo,Display Retargeting,1331.44,7352.83,471,12196,16
2025-03-20,Microsoft Ads,Search,3286.75,23227.4,591,4712,35
2025-03-21,Facebook Ads,Retargeting,614.29,3680.9,193,7936,19
2025-03-21,Google Ads,Brand Search,4670.23,15877.43,199,6561,23
2025-03-21,Snapchat Ads,Prospecting,2203.33,13792.51,632,10625,23
2025-03-21,Pinterest Ads,Awareness,591.52,3229.64,264,10088,22
2025-03-21,Tiktok Ads,Video,1092.89,5641.92,720,9355,15
2025-03-21,Affiliate,Affiliation,3933.21,30447.28,280,5718,22
2025-03-21,Liveintent,Email,2227.5,10715.67,601,13673,25
2025-03-21,Criteo,Display Retargeting,649.62,3111.09,254,6081,20
2025-03-21,Microsoft Ads,Search,10911.29,46756.81,427,9781,12
2025-03-22,Facebook Ads,Retargeting,2917.69,11539.25,459,11378,33
2025-03-22,Google Ads,Brand Search,9354.83,26954.46,492,3549,37
2025-03-22,Snapchat Ads,Prospecting,1187.45,4798.66,585,9107,22
2025-03-22,Pinterest Ads,Awareness,1978.25,7673.38,301,10839,37
2025-03-22,Tiktok Ads,Video,4384.52,24924.22,550,7322,20
2025-03-22,Affiliate,Affiliation,1797.58,8446.52,457,11893,21
2025-03-22,Liveintent,Email,2555.06,9747.34,612,11460,40
2025-03-22,Criteo,Display Retargeting,698.83,2100.6,379,5590,25
2025-03-22,Microsoft Ads,Search,1142.52,4759.03,437,12649,50
2025-03-23,Facebook Ads,Retargeting,442.67,1428.56,562,16431,52
2025-03-23,Google Ads,Brand Search,730.65,2997.83,269,4849,26
2025-03-23,Snapchat Ads,Prospecting,3.12,16.08,321,7017,28
2025-03-23,Pinterest Ads,Awareness,150.14,648.8,321,3829,13
2025-03-23,Tiktok Ads,Video,13550.67,50630.71,397,4202,51
2025-03-23,Affiliate,Affiliation,600.43,4942.14,381,10130,17
2025-03-23,Liveintent,Email,1811.19,16912.47,427,5792,31
2025-03-23,Criteo,Display Retargeting,5610.97,25814.64,538,9206,40
2025-03-23,Microsoft Ads,Search,2120.99,5872.79,479,5493,17
2025-03-24,Facebook Ads,Retargeting,507.58,2580.68,358,6836,28
2025-03-24,Google Ads,Brand Search,4476.99,17638.31,404,4636,16
2025-03-24,Snapchat Ads,Prospecting,2455.02,8280.05,528,11252,18
2025-03-24,Pinterest Ads,Awareness,2591.55,12213.36,323,5692,15
2025-03-24,Tiktok Ads,Video,5046.47,14155.63,289,15539,19
2025-03-24,Affiliate,Affiliation,11327.35,40633.44,291,6728,19
2025-03-24,Liveintent,Email,3017.75,13264.13,497,7338,21
2025-03-24,Criteo,Display Retargeting,1209.66,6609.11,402,3917,18
2025-03-24,Microsoft Ads,Search,3502.29,14271.47,468,13362,31
2025-03-25,Facebook Ads,Retargeting,263.81,1540.9,421,8436,25
2025-03-25,Google Ads,Brand Search,6195.85,27281.09,555,7046,46
2025-03-25,Snapchat Ads,Prospecting,460.51,2693.52,470,10039,33
2025-03-25,Pinterest Ads,Awareness,1312.77,5664.65,573,10421,32
2025-03-25,Tiktok Ads,Video,6803.52,30601.48,505,13427,28
2025-03-25,Affiliate,Affiliation,3272.63,11058.48,360,5203,15
2025-03-25,Liveintent,Email,1135.37,7554.21,474,9462,36
2025-03-25,Criteo,Display Retargeting,2244.39,10646.82,233,4406,23
2025-03-25,Microsoft Ads,Search,7544.12,37667.65,462,13421,39
2025-03-26,Facebook Ads,Retargeting,2162.32,9964.16,428,10000,11
2025-03-26,Google Ads,Brand Search,8350.4,27887.6,340,5268,22
2025-03-26,Snapchat Ads,Prospecting,275.33,1367.82,327,2794,17
2025-03-26,Pinterest Ads,Awareness,3588.21,37204.73,371,3136,6
2025-03-26,Tiktok Ads,Video,7991.38,37045.01,375,9799,25
2025-03-26,Affiliate,Affiliation,624.52,3950.75,323,6097,17
2025-03-26,Liveintent,Email,1484.54,12677.28,408,2465,21
2025-03-26,Criteo,Display Retargeting,526.88,4184.86,758,13287,24
2025-03-26,Microsoft Ads,Search,5894.79,18160.78,558,9996,24
2025-03-27,Facebook Ads,Retargeting,1791.38,10002.85,543,6858,21
2025-03-27,Google Ads,Brand Search,4549.57,7527.11,274,2708,32
2025-03-27,Snapchat Ads,Prospecting,940.72,3449.85,455,4874,45
2025-03-27,Pinterest Ads,Awareness,1189.68,5871.5,224,4051,16
2025-03-27,Tiktok Ads,Video,151.93,1073.55,324,7042,20
2025-03-27,Affiliate,Affiliation,1609.36,6858.15,450,10916,36
2025-03-27,Liveintent,Email,2280.01,9103.79,609,8481,37
2025-03-27,Criteo,Display Retargeting,9507.02,42104.05,187,6417,13
2025-03-27,Microsoft Ads,Search,3875.72,13854.93,394,6699,21
2025-03-28,Facebook Ads,Retargeting,1216.43,8248.19,624,7569,31
2025-03-28,Google Ads,Brand Search,7319.46,46018.35,423,4296,18
2025-03-28,Snapchat Ads,Prospecting,3748.54,15645.62,367,8340,35
2025-03-28,Pinterest Ads,Awareness,7422.28,20422.48,260,5328,13
2025-03-28,Tiktok Ads,Video,411.46,7574.09,677,13043,35
2025-03-28,Affiliate,Affiliation,559.92,4433.61,586,3275,16
2025-03-28,Liveintent,Email,124.68,507.02,477,9185,37
2025-03-28,Criteo,Display Retargeting,3456.4,16439.57,449,5541,48
2025-03-28,Microsoft Ads,Search,295.91,1649.26,534,10333,20
2025-03-29,Facebook Ads,Retargeting,1007.48,5068.88,347,6250,20
2025-03-29,Google Ads,Brand Search,2148.4,13988.48,694,7561,43
2025-03-29,Snapchat Ads,Prospecting,3380.9,12821.55,371,7869,17
2025-03-29,Pinterest Ads,Awareness,2053.4,10397.06,526,7942,24
2025-03-29,Tiktok Ads,Video,422.78,2399.49,444,4183,20
2025-03-29,Affiliate,Affiliation,1376.01,5788.55,355,7494,15
2025-03-29,Liveintent,Email,3103.85,10159.62,352,11702,29
2025-03-29,Criteo,Display Retargeting,12345.33,61696.86,421,12616,26
2025-03-29,Microsoft Ads,Search,4030.08,16961.56,242,6289,49
2025-03-30,Facebook Ads,Retargeting,4992.81,24385.55,308,7401,28
2025-03-30,Google Ads,Brand Search,4126.71,14098.59,256,5513,22
2025-03-30,Snapchat Ads,Prospecting,2206.44,8421.5,481,7493,41
2025-03-30,Pinterest Ads,Awareness,459.01,1874.72,500,10730,46
2025-03-30,Tiktok Ads,Video,2744.19,9518.0,292,9478,22
2025-03-30,Affiliate,Affiliation,2212.35,17121.92,524,10994,21
2025-03-30,Liveintent,Email,2675.84,11832.26,216,9097,15
2025-03-30,Criteo,Display Retargeting,1634.77,4139.17,332,2573,27
2025-03-30,Microsoft Ads,Search,1645.15,11725.19,310,2409,22
2025-03-31,Facebook Ads,Retargeting,1721.66,6924.48,318,4283,10
2025-03-31,Google Ads,Brand Search,3482.94,13239.78,248,3553,13
2025-03-31,Snapchat Ads,Prospecting,762.45,3567.27,422,8783,31
2025-03-31,Pinterest Ads,Awareness,6477.04,34742.94,409,6324,26
2025-03-31,Tiktok Ads,Video,1168.88,2734.3,285,10550,28
2025-03-31,Affiliate,Affiliation,253.61,1994.86,503,6061,16
2025-03-31,Liveintent,Email,2445.34,8322.71,268,7427,8
2025-03-31,Criteo,Display Retargeting,4601.51,21694.3,446,15151,33
2025-03-31,Microsoft Ads,Search,2103.91,11169.1,345,3011,20
2025-04-01,Facebook Ads,Retargeting,977.69,5283.26,344,3981,12
2025-04-01,Google Ads,Brand Search,3244.33,12076.21,475,3498,16
2025-04-01,Snapchat Ads,Prospecting,1348.5,6706.78,860,16149,43
2025-04-01,Pinterest Ads,Awareness,8394.57,49064.16,312,5901,17
2025-04-01,Tiktok Ads,Video,7913.12,36311.38,625,18490,54
2025-04-01,Affiliate,Affiliation,2510.17,14132.74,575,13842,19
2025-04-01,Liveintent,Email,1029.54,8437.67,398,7784,27
2025-04-01,Criteo,Display Retargeting,3487.73,25409.37,269,4819,30
2025-04-01,Microsoft Ads,Search,97.55,474.51,319,6248,16
2025-04-02,Facebook Ads,Retargeting,1560.95,7620.54,323,7959,26
2025-04-02,Google Ads,Brand Search,1171.32,6328.6,492,6261,28
2025-04-02,Snapchat Ads,Prospecting,6243.85,17958.87,375,8721,15
2025-04-02,Pinterest Ads,Awareness,40.36,163.61,378,8520,12
2025-04-02,Tiktok Ads,Video,2029.44,7162.75,411,9473,19
2025-04-02,Affiliate,Affiliation,3398.72,14720.44,491,7501,37
2025-04-02,Liveintent,Email,1895.67,8593.92,370,4282,26
2025-04-02,Criteo,Display Retargeting,253.53,1239.34,412,8713,12
2025-04-02,Microsoft Ads,Search,9325.93,34046.07,473,5266,16
2025-04-03,Facebook Ads,Retargeting,4119.12,13544.02,360,6255,11
2025-04-03,Google Ads,Brand Search,6430.58,17428.04,248,4910,27
2025-04-03,Snapchat Ads,Prospecting,1313.14,7450.6,419,9192,21
2025-04-03,Pinterest Ads,Awareness,3074.78,16976.75,257,4451,18
2025-04-03,Tiktok Ads,Video,2278.2,8012.23,399,5700,13
2025-04-03,Affiliate,Affiliation,468.58,1395.1,277,6436,18
2025-04-03,Liveintent,Email,579.27,3202.33,358,4843,21
2025-04-03,Criteo,Display Retargeting,11664.63,45801.06,556,14102,36
2025-04-03,Microsoft Ads,Search,1022.62,7784.08,411,10574,13
2025-04-04,Facebook Ads,Retargeting,935.26,3609.61,436,8590,18
2025-04-04,Google Ads,Brand Search,3167.52,20993.88,178,10200,22
2025-04-04,Snapchat Ads,Prospecting,5369.47,31247.4,577,11035,62
2025-04-04,Pinterest Ads,Awareness,305.54,896.45,533,7991,41
2025-04-04,Tiktok Ads,Video,3474.25,13558.92,503,14961,30
2025-04-04,Affiliate,Affiliation,471.2,1885.76,214,6070,17
2025-04-04,Liveintent,Email,163.8,974.42,342,8473,20
2025-04-04,Criteo,Display Retargeting,249.59,772.76,667,13676,58
2025-04-04,Microsoft Ads,Search,7110.01,29257.81,526,5750,24
2025-04-05,Facebook Ads,Retargeting,737.05,2429.89,372,9125,25
2025-04-05,Google Ads,Brand Search,406.86,1107.72,367,4370,19
2025-04-05,Snapchat Ads,Prospecting,2495.02,14680.19,561,12449,14
2025-04-05,Pinterest Ads,Awareness,11274.97,43912.57,498,10948,34
2025-04-05,Tiktok Ads,Video,1367.69,8345.22,388,6642,34
2025-04-05,Affiliate,Affiliation,3049.22,16760.06,460,9433,37
2025-04-05,Liveintent,Email,226.41,1361.03,362,11517,30
2025-04-05,Criteo,Display Retargeting,3549.87,17054.58,231,4206,26
2025-04-05,Microsoft Ads,Search,5731.61,13056.76,454,11511,32
2025-04-06,Facebook Ads,Retargeting,2057.58,8479.29,479,6496,18
2025-04-06,Google Ads,Brand Search,866.58,4013.25,441,5719,20
2025-04-06,Snapchat Ads,Prospecting,1291.62,3845.74,240,10084,15
2025-04-06,Pinterest Ads,Awareness,388.95,2284.14,266,3353,6
2025-04-06,Tiktok Ads,Video,1327.91,6546.24,477,6444,27
2025-04-06,Affiliate,Affiliation,290.54,1114.78,599,9222,27
2025-04-06,Liveintent,Email,4700.46,29096.86,353,3319,27
2025-04-06,Criteo,Display Retargeting,8725.83,56867.61,274,7763,32
2025-04-06,Microsoft Ads,Search,13174.54,37366.25,467,13453,19
2025-04-07,Facebook Ads,Retargeting,5536.66,36159.3,355,6361,17
2025-04-07,Google Ads,Brand Search,3061.14,14413.02,822,12193,51
2025-04-07,Snapchat Ads,Prospecting,4962.42,13371.12,279,6681,19
2025-04-07,Pinterest Ads,Awareness,819.77,4239.66,562,4509,14
2025-04-07,Tiktok Ads,Video,3430.47,10312.65,480,7834,24
2025-04-07,Affiliate,Affiliation,1378.65,9572.65,366,3907,35
2025-04-07,Liveintent,Email,2242.78,11809.49,530,10072,16
2025-04-07,Criteo,Display Retargeting,5415.74,22899.64,304,7422,27
2025-04-07,Microsoft Ads,Search,885.12,5570.4,593,11704,27
2025-04-08,Facebook Ads,Retargeting,1385.23,4768.07,429,6095,31
2025-04-08,Google Ads,Brand Search,6913.97,43901.31,430,6674,38
2025-04-08,Snapchat Ads,Prospecting,169.98,661.67,472,7799,17
2025-04-08,Pinterest Ads,Awareness,2560.98,9117.37,266,12829,9
2025-04-08,Tiktok Ads,Video,8211.76,28770.16,298,5569,13
2025-04-08,Affiliate,Affiliation,3520.26,11663.68,534,11002,30
2025-04-08,Liveintent,Email,2619.94,13221.13,530,11244,47
2025-04-08,Criteo,Display Retargeting,1174.34,2491.18,325,5559,8
2025-04-08,Microsoft Ads,Search,933.76,3171.25,529,10692,20
2025-04-09,Facebook Ads,Retargeting,5217.13,20741.54,465,15179,31
2025-04-09,Google Ads,Brand Search,2061.9,12984.02,650,9133,55
2025-04-09,Snapchat Ads,Prospecting,2054.48,11053.89,313,8623,42
2025-04-09,Pinterest Ads,Awareness,316.88,1117.96,430,9879,16
2025-04-09,Tiktok Ads,Video,53.94,187.56,404,4507,18
2025-04-09,Affiliate,Affiliation,11138.21,33567.14,431,10802,19
2025-04-09,Liveintent,Email,1214.72,6145.62,586,7117,14
2025-04-09,Criteo,Display Retargeting,2363.31,18963.91,421,7635,22
2025-04-09,Microsoft Ads,Search,303.21,1091.32,293,7208,24
2025-04-10,Facebook Ads,Retargeting,2293.2,9232.37,584,10060,41
2025-04-10,Google Ads,Brand Search,7125.16,14026.39,716,6476,65
2025-04-10,Snapchat Ads,Prospecting,1652.96,3822.38,580,11895,36
2025-04-10,Pinterest Ads,Awareness,359.39,1435.75,448,15251,37
2025-04-10,Tiktok Ads,Video,2165.44,5241.87,182,5182,18
2025-04-10,Affiliate,Affiliation,2222.72,12404.43,293,4018,11
2025-04-10,Liveintent,Email,806.52,4284.89,381,4788,32
2025-04-10,Criteo,Display Retargeting,4098.27,17377.56,456,6734,43
2025-04-10,Microsoft Ads,Search,1704.32,12633.7,427,13313,27
2025-04-11,Facebook Ads,Retargeting,2919.98,27972.95,474,11212,37
2025-04-11,Google Ads,Brand Search,3718.56,12328.56,286,3290,15
2025-04-11,Snapchat Ads,Prospecting,264.14,1747.36,364,5243,12
2025-04-11,Pinterest Ads,Awareness,1096.4,5118.21,381,6511,25
2025-04-11,Tiktok Ads,Video,778.86,3176.63,361,2804,40
2025-04-11,Affiliate,Affiliation,7128.13,21773.26,389,5341,22
2025-04-11,Liveintent,Email,5262.69,12067.45,285,6075,16
2025-04-11,Criteo,Display Retargeting,3365.23,15785.76,525,11536,25
2025-04-11,Microsoft Ads,Search,1259.88,3695.1,495,8940,44
2025-04-12,Facebook Ads,Retargeting,612.59,4089.34,255,5830,14
2025-04-12,Google Ads,Brand Search,7006.51,41345.0,298,4157,16
2025-04-12,Snapchat Ads,Prospecting,2391.88,23242.96,625,5396,27
2025-04-12,Pinterest Ads,Awareness,1216.55,4246.43,435,3465,18
2025-04-12,Tiktok Ads,Video,3969.82,15953.79,607,6909,26
2025-04-12,Affiliate,Affiliation,190.3,757.9,293,3742,23
2025-04-12,Liveintent,Email,1676.33,11726.37,448,6332,56
2025-04-12,Criteo,Display Retargeting,2567.08,14024.11,365,14898,52
2025-04-12,Microsoft Ads,Search,624.86,2965.73,317,6544,14
2025-04-13,Facebook Ads,Retargeting,16827.17,85883.34,200,9494,10
2025-04-13,Google Ads,Brand Search,1028.04,3772.49,613,5891,36
2025-04-13,Snapchat Ads,Prospecting,680.01,2266.7,492,6175,31
2025-04-13,Pinterest Ads,Awareness,888.04,4110.29,567,8550,13
2025-04-13,Tiktok Ads,Video,4704.36,28307.54,478,13785,30
2025-04-13,Affiliate,Affiliation,1706.13,7776.88,372,9854,20
2025-04-13,Liveintent,Email,2662.68,11074.94,369,12418,24
2025-04-13,Criteo,Display Retargeting,133.49,394.81,674,11501,40
2025-04-13,Microsoft Ads,Search,148.73,458.0,740,4859,40
2025-04-14,Facebook Ads,Retargeting,1206.64,4775.2,574,6698,14
2025-04-14,Google Ads,Brand Search,4888.68,20305.36,419,9842,39
2025-04-14,Snapchat Ads,Prospecting,3747.46,24371.73,355,6159,20
2025-04-14,Pinterest Ads,Awareness,205.91,784.18,335,5037,14
2025-04-14,Tiktok Ads,Video,2113.36,5937.52,325,8862,18
2025-04-14,Affiliate,Affiliation,5628.37,42150.47,265,6870,15
2025-04-14,Liveintent,Email,1032.83,4936.65,282,7565,32
2025-04-14,Criteo,Display Retargeting,3841.22,14714.33,594,15663,37
2025-04-14,Microsoft Ads,Search,330.64,1441.67,384,6251,13
2025-04-15,Facebook Ads,Retargeting,5549.42,34789.42,441,3409,15
2025-04-15,Google Ads,Brand Search,3428.05,14897.44,301,3305,13
2025-04-15,Snapchat Ads,Prospecting,6382.87,39724.74,464,9581,26
2025-04-15,Pinterest Ads,Awareness,2990.26,19448.71,399,10399,21
2025-04-15,Tiktok Ads,Video,969.67,3056.53,498,4870,11
2025-04-15,Affiliate,Affiliation,5635.35,29872.03,247,6513,14
2025-04-15,Liveintent,Email,1008.63,2230.88,736,10899,52
2025-04-15,Criteo,Display Retargeting,1133.57,6264.61,332,8262,12
2025-04-15,Microsoft Ads,Search,2567.56,14254.14,521,7058,25
2025-04-16,Facebook Ads,Retargeting,2847.14,25384.61,462,7115,12
2025-04-16,Google Ads,Brand Search,13594.11,39206.89,584,17324,35
2025-04-16,Snapchat Ads,Prospecting,927.27,4683.48,598,11027,28
2025-04-16,Pinterest Ads,Awareness,4857.49,23038.13,357,4240,14
2025-04-16,Tiktok Ads,Video,5661.04,36735.64,522,8405,36
2025-04-16,Affiliate,Affiliation,248.17,825.57,395,10312,17
2025-04-16,Liveintent,Email,1425.12,7273.39,356,9237,22
2025-04-16,Criteo,Display Retargeting,1613.42,6014.56,555,10259,20
2025-04-16,Microsoft Ads,Search,1634.48,6186.94,529,10324,38
2025-04-17,Facebook Ads,Retargeting,6166.71,36806.16,281,3629,27
2025-04-17,Google Ads,Brand Search,2313.03,10257.87,388,3335,19
2025-04-17,Snapchat Ads,Prospecting,2846.98,12116.4,526,11566,30
2025-04-17,Pinterest Ads,Awareness,8227.04,31019.21,433,13380,28
2025-04-17,Tiktok Ads,Video,1218.16,6466.32,400,11627,24
2025-04-17,Affiliate,Affiliation,1513.79,18532.92,488,10084,16
2025-04-17,Liveintent,Email,1639.33,2660.07,446,6402,20
2025-04-17,Criteo,Display Retargeting,4612.34,14964.52,340,6687,13
2025-04-17,Microsoft Ads,Search,384.84,1431.88,547,6708,45
2025-04-18,Facebook Ads,Retargeting,6341.59,37296.79,299,5765,27
2025-04-18,Google Ads,Brand Search,601.28,3751.35,469,7595,48
2025-04-18,Snapchat Ads,Prospecting,1127.33,3369.59,386,4046,16
2025-04-18,Pinterest Ads,Awareness,3224.26,13591.82,467,8740,40
2025-04-18,Tiktok Ads,Video,1103.34,5200.32,495,9739,13
2025-04-18,Affiliate,Affiliation,2927.68,12476.78,347,4148,7
2025-04-18,Liveintent,Email,971.29,8302.89,301,4317,26
2025-04-18,Criteo,Display Retargeting,3177.41,22692.82,339,7321,35
2025-04-18,Microsoft Ads,Search,698.32,1547.91,312,10341,23
2025-04-19,Facebook Ads,Retargeting,369.51,2087.23,290,4682,13
2025-04-19,Google Ads,Brand Search,1858.07,5972.07,602,14259,36
2025-04-19,Snapchat Ads,Prospecting,3804.02,15423.26,578,7180,40
2025-04-19,Pinterest Ads,Awareness,823.26,5145.77,600,18959,13
2025-04-19,Tiktok Ads,Video,2294.5,12252.78,413,6679,22
2025-04-19,Affiliate,Affiliation,3474.24,15264.41,202,4861,24
2025-04-19,Liveintent,Email,349.35,1096.92,634,7897,41
2025-04-19,Criteo,Display Retargeting,5729.9,30277.99,448,5920,21
2025-04-19,Microsoft Ads,Search,10604.81,45137.55,563,13712,20
2025-04-20,Facebook Ads,Retargeting,402.13,2773.19,265,4086,15
2025-04-20,Google Ads,Brand Search,4045.72,13891.38,517,11351,41
2025-04-20,Snapchat Ads,Prospecting,3821.37,14564.19,598,6238,37
2025-04-20,Pinterest Ads,Awareness,2271.03,10796.58,337,6151,11
2025-04-20,Tiktok Ads,Video,5808.35,12432.55,223,5171,12
2025-04-20,Affiliate,Affiliation,2415.1,9269.29,503,6448,36
2025-04-20,Liveintent,Email,2245.49,7175.02,478,9108,21
2025-04-20,Criteo,Display Retargeting,19.66,157.23,459,7117,38
2025-04-20,Microsoft Ads,Search,3278.43,22826.24,575,1936,32
2025-04-21,Facebook Ads,Retargeting,2080.59,9943.65,431,6177,12
2025-04-21,Google Ads,Brand Search,89.17,543.69,258,2876,18
2025-04-21,Snapchat Ads,Prospecting,1133.04,4845.34,420,7085,19
2025-04-21,Pinterest Ads,Awareness,7891.73,44218.18,574,10101,41
2025-04-21,Tiktok Ads,Video,2196.58,7323.09,227,5958,13
2025-04-21,Affiliate,Affiliation,1312.19,8159.39,348,3337,15
2025-04-21,Liveintent,Email,6038.94,16110.95,505,10264,32
2025-04-21,Criteo,Display Retargeting,2684.44,13392.3,475,4599,22
2025-04-21,Microsoft Ads,Search,1633.3,6481.58,348,6845,28
2025-04-22,Facebook Ads,Retargeting,3829.52,16783.99,501,15456,34
2025-04-22,Google Ads,Brand Search,4427.52,17891.44,477,8525,50
2025-04-22,Snapchat Ads,Prospecting,1450.05,7814.66,404,8668,23
2025-04-22,Pinterest Ads,Awareness,1650.97,4975.8,644,5499,33
2025-04-22,Tiktok Ads,Video,772.74,3756.1,527,7649,38
2025-04-22,Affiliate,Affiliation,8070.71,49294.63,399,6451,20
2025-04-22,Liveintent,Email,2364.47,10771.59,366,4057,26
2025-04-22,Criteo,Display Retargeting,169.24,788.73,178,3453,12
2025-04-22,Microsoft Ads,Search,3936.09,13309.03,555,18013,35
2025-04-23,Facebook Ads,Retargeting,2540.65,13258.94,325,5119,12
2025-04-23,Google Ads,Brand Search,388.42,1213.14,339,6067,25
2025-04-23,Snapchat Ads,Prospecting,2706.25,17390.49,378,5081,20
2025-04-23,Pinterest Ads,Awareness,2140.39,13693.3,521,9718,33
2025-04-23,Tiktok Ads,Video,9690.47,36153.05,404,4756,25
2025-04-23,Affiliate,Affiliation,983.87,4906.63,600,12740,23
2025-04-23,Liveintent,Email,8677.97,22661.27,325,5267,28
2025-04-23,Criteo,Display Retargeting,3037.03,15126.27,349,6999,19
2025-04-23,Microsoft Ads,Search,195.8,1039.51,475,6470,24
2025-04-24,Facebook Ads,Retargeting,7739.28,44764.96,351,9039,3
2025-04-24,Google Ads,Brand Search,1590.84,8227.36,370,5376,15
2025-04-24,Snapchat Ads,Prospecting,1361.23,3256.24,290,13776,32
2025-04-24,Pinterest Ads,Awareness,1365.01,6793.66,187,5046,24
2025-04-24,Tiktok Ads,Video,5062.25,25808.32,504,8831,21
2025-04-24,Affiliate,Affiliation,1197.23,4960.4,227,3008,19
2025-04-24,Liveintent,Email,561.48,2413.94,313,10743,32
2025-04-24,Criteo,Display Retargeting,205.41,1028.39,370,4675,11
2025-04-24,Microsoft Ads,Search,1324.93,5212.04,333,4823,13
