Date,Platform,Campaign,Spend,Revenue,Clicks,Impressions,Conversions
2024-05-24,Facebook Ads,Retargeting,7414.93,35021.54,652,10519,29
2024-05-24,Google Ads,Brand Search,559.11,2957.0,711,8228,16
2024-05-24,Snapchat Ads,Prospecting,6057.0,24984.91,429,6125,22
2024-05-24,Pinterest Ads,Awareness,1774.6,10625.08,544,12135,40
2024-05-24,Tiktok Ads,Video,2358.91,12863.04,301,4731,22
2024-05-24,Affiliate,Affiliation,536.03,1775.18,471,8109,35
2024-05-24,Liveintent,Email,327.31,1052.99,304,4298,21
2024-05-24,Criteo,Display Retargeting,2612.33,18957.55,309,8714,25
2024-05-24,Microsoft Ads,Search,2691.3,7862.09,361,6276,28
2024-05-25,Facebook Ads,Retargeting,1750.53,10173.49,352,7523,15
2024-05-25,Google Ads,Brand Search,2950.57,20707.95,269,8758,17
2024-05-25,Snapchat Ads,Prospecting,3501.23,24074.08,468,5278,36
2024-05-25,Pinterest Ads,Awareness,442.0,2929.24,772,8111,19
2024-05-25,Tiktok Ads,Video,2444.18,17929.01,556,8099,18
2024-05-25,Affiliate,Affiliation,553.67,2202.97,303,3529,24
2024-05-25,Liveintent,Email,4632.14,22618.1,388,8695,23
2024-05-25,Criteo,Display Retargeting,4253.96,11276.31,456,10800,26
2024-05-25,Microsoft Ads,Search,9027.02,33939.06,474,7705,40
2024-05-26,Facebook Ads,Retargeting,428.93,1625.11,308,4793,28
2024-05-26,Google Ads,Brand Search,309.76,768.05,284,6651,11
2024-05-26,Snapchat Ads,Prospecting,1210.53,3163.35,526,10688,57
2024-05-26,Pinterest Ads,Awareness,1118.69,6242.41,234,5381,21
2024-05-26,Tiktok Ads,Video,1505.38,7891.57,477,4790,48
2024-05-26,Affiliate,Affiliation,13035.0,41579.85,720,7771,13
2024-05-26,Liveintent,Email,1341.59,6752.91,589,7226,27
2024-05-26,Criteo,Display Retargeting,1406.46,8588.52,291,2692,17
2024-05-26,Microsoft Ads,Search,7945.55,20385.5,522,7258,21
2024-05-27,Facebook Ads,Retargeting,2638.03,14565.86,410,4499,38
2024-05-27,Google Ads,Brand Search,5482.53,34493.47,544,12122,33
2024-05-27,Snapchat Ads,Prospecting,320.31,1435.46,532,11493,18
2024-05-27,Pinterest Ads,Awareness,3548.42,17009.6,343,5884,25
2024-05-27,Tiktok Ads,Video,184.45,238.63,349,12332,12
2024-05-27,Affiliate,Affiliation,323.23,1599.84,593,7714,34
2024-05-27,Liveintent,Email,10019.82,62416.85,294,6514,26
2024-05-27,Criteo,Display Retargeting,448.62,3916.91,311,3343,7
2024-05-27,Microsoft Ads,Search,3666.68,12667.06,172,3821,27
2024-05-28,Facebook Ads,Retargeting,1309.89,4245.08,308,3749,18
2024-05-28,Google Ads,Brand Search,909.88,5323.76,285,13597,27
2024-05-28,Snapchat Ads,Prospecting,5315.19,27486.33,466,6175,33
2024-05-28,Pinterest Ads,Awareness,54.85,305.12,476,7969,12
2024-05-28,Tiktok Ads,Video,2053.96,14795.11,247,2435,11
2024-05-28,Affiliate,Affiliation,5965.25,34562.98,395,8780,29
2024-05-28,Liveintent,Email,2003.1,12706.25,401,12212,30
2024-05-28,Criteo,Display Retargeting,6485.58,36784.25,280,6052,11
2024-05-28,Microsoft Ads,Search,166.41,608.65,724,14369,33
2024-05-29,Facebook Ads,Retargeting,2317.23,8048.92,169,5500,10
2024-05-29,Google Ads,Brand Search,1069.64,3648.74,488,12163,15
2024-05-29,Snapchat Ads,Prospecting,5159.55,14590.93,660,5307,36
2024-05-29,Pinterest Ads,Awareness,11293.26,80895.2,416,12941,23
2024-05-29,Tiktok Ads,Video,855.42,7052.82,354,2475,16
2024-05-29,Affiliate,Affiliation,3450.06,15392.94,523,6728,21
2024-05-29,Liveintent,Email,696.0,5054.21,649,9076,36
2024-05-29,Criteo,Display Retargeting,2622.13,7957.33,652,5901,33
2024-05-29,Microsoft Ads,Search,1779.29,14678.5,557,4685,48
2024-05-30,Facebook Ads,Retargeting,10128.27,36521.18,227,3990,15
2024-05-30,Google Ads,Brand Search,2862.86,11428.19,366,8313,22
2024-05-30,Snapchat Ads,Prospecting,872.39,4719.22,513,6798,26
2024-05-30,Pinterest Ads,Awareness,222.78,1661.77,325,13106,27
2024-05-30,Tiktok Ads,Video,433.46,2543.45,351,5755,10
2024-05-30,Affiliate,Affiliation,677.62,2452.4,390,8559,11
2024-05-30,Liveintent,Email,699.83,2558.96,326,6298,44
2024-05-30,Criteo,Display Retargeting,7092.15,21727.25,398,3775,33
2024-05-30,Microsoft Ads,Search,1936.05,13453.11,531,4620,24
2024-05-31,Facebook Ads,Retargeting,3265.58,14000.86,373,7706,16
2024-05-31,Google Ads,Brand Search,480.87,1997.04,322,7180,15
2024-05-31,Snapchat Ads,Prospecting,8995.58,49533.69,539,6033,28
2024-05-31,Pinterest Ads,Awareness,2773.21,19695.92,531,9714,45
2024-05-31,Tiktok Ads,Video,382.78,1437.81,225,3694,13
2024-05-31,Affiliate,Affiliation,4428.23,31610.78,527,8475,23
2024-05-31,Liveintent,Email,3797.14,15132.62,294,5017,29
2024-05-31,Criteo,Display Retargeting,305.62,1778.95,279,5941,29
2024-05-31,Microsoft Ads,Search,2623.33,7513.62,615,12501,57
2024-06-01,Facebook Ads,Retargeting,2112.98,6023.66,316,6772,22
2024-06-01,Google Ads,Brand Search,445.67,2110.92,434,3330,15
2024-06-01,Snapchat Ads,Prospecting,9509.84,39816.8,828,5174,25
2024-06-01,Pinterest Ads,Awareness,6430.9,22601.59,318,4356,12
2024-06-01,Tiktok Ads,Video,3562.44,12108.82,463,4867,36
2024-06-01,Affiliate,Affiliation,1867.9,10292.52,399,2966,13
2024-06-01,Liveintent,Email,1514.76,6888.87,295,3760,25
2024-06-01,Criteo,Display Retargeting,3423.79,13574.15,701,12920,40
2024-06-01,Microsoft Ads,Search,2853.57,12943.43,216,5076,19
2024-06-02,Facebook Ads,Retargeting,263.4,2419.27,504,8370,15
2024-06-02,Google Ads,Brand Search,4223.36,16488.18,431,7180,31
2024-06-02,Snapchat Ads,Prospecting,10215.58,34517.6,323,9351,13
2024-06-02,Pinterest Ads,Awareness,3768.96,15174.32,464,7072,16
2024-06-02,Tiktok Ads,Video,255.16,1066.02,192,4700,27
2024-06-02,Affiliate,Affiliation,6815.39,46313.71,370,9726,15
2024-06-02,Liveintent,Email,1206.21,5091.84,402,4414,29
2024-06-02,Criteo,Display Retargeting,1659.19,6227.93,747,15281,38
2024-06-02,Microsoft Ads,Search,730.23,4339.73,224,6006,15
2024-06-03,Facebook Ads,Retargeting,1440.05,8450.52,254,5571,12
2024-06-03,Google Ads,Brand Search,3900.53,29319.75,253,6940,18
2024-06-03,Snapchat Ads,Prospecting,2025.41,11374.1,475,13346,54
2024-06-03,Pinterest Ads,Awareness,559.12,3343.82,424,13698,12
2024-06-03,Tiktok Ads,Video,6509.37,26598.22,505,8632,18
2024-06-03,Affiliate,Affiliation,8171.55,16831.59,357,6183,9
2024-06-03,Liveintent,Email,6387.02,33147.58,312,1787,9
2024-06-03,Criteo,Display Retargeting,922.5,3800.28,361,4309,14
2024-06-03,Microsoft Ads,Search,1259.79,11111.2,525,2665,27
2024-06-04,Facebook Ads,Retargeting,12267.83,53855.98,409,3987,13
2024-06-04,Google Ads,Brand Search,4590.38,25835.22,562,3038,33
2024-06-04,Snapchat Ads,Prospecting,71.39,302.18,459,8645,31
2024-06-04,Pinterest Ads,Awareness,217.19,485.9,303,7164,26
2024-06-04,Tiktok Ads,Video,1733.93,5655.21,279,2995,13
2024-06-04,Affiliate,Affiliation,4761.61,26011.61,246,5920,14
2024-06-04,Liveintent,Email,2048.93,12229.35,411,8700,34
2024-06-04,Criteo,Display Retargeting,1745.87,9156.18,577,11362,33
2024-06-04,Microsoft Ads,Search,313.25,1690.62,614,11280,22
2024-06-05,Facebook Ads,Retargeting,3162.52,14072.54,630,4106,21
2024-06-05,Google Ads,Brand Search,6504.41,16077.47,677,8982,43
2024-06-05,Snapchat Ads,Prospecting,1771.9,5896.42,588,8228,23
2024-06-05,Pinterest Ads,Awareness,4112.37,18157.85,358,7635,19
2024-06-05,Tiktok Ads,Video,9851.29,52923.61,335,6370,23
2024-06-05,Affiliate,Affiliation,549.8,3054.95,443,3442,15
2024-06-05,Liveintent,Email,2401.98,9227.15,568,7570,23
2024-06-05,Criteo,Display Retargeting,817.32,4264.14,480,9941,19
2024-06-05,Microsoft Ads,Search,4191.45,22758.18,448,12166,19
2024-06-06,Facebook Ads,Retargeting,1999.48,12967.11,278,7471,19
2024-06-06,Google Ads,Brand Search,2101.01,8057.59,359,7924,9
2024-06-06,Snapchat Ads,Prospecting,3313.01,15940.41,636,5093,56
2024-06-06,Pinterest Ads,Awareness,1055.79,5839.69,424,6246,31
2024-06-06,Tiktok Ads,Video,4629.17,11083.17,549,10056,29
2024-06-06,Affiliate,Affiliation,1515.63,4511.29,389,6977,22
2024-06-06,Liveintent,Email,389.76,1818.42,608,7897,39
2024-06-06,Criteo,Display Retargeting,3541.44,16040.3,364,2476,7
2024-06-06,Microsoft Ads,Search,4081.56,21331.91,409,7673,32
2024-06-07,Facebook Ads,Retargeting,331.93,2545.37,423,2799,14
2024-06-07,Google Ads,Brand Search,3245.7,15683.2,432,8581,28
2024-06-07,Snapchat Ads,Prospecting,4298.98,19644.73,480,9883,32
2024-06-07,Pinterest Ads,Awareness,783.37,3594.35,437,15563,33
2024-06-07,Tiktok Ads,Video,6552.01,35032.34,289,5693,29
2024-06-07,Affiliate,Affiliation,267.0,1813.67,580,8906,38
2024-06-07,Liveintent,Email,427.89,2218.09,496,12676,37
2024-06-07,Criteo,Display Retargeting,374.88,1885.27,625,5433,40
2024-06-07,Microsoft Ads,Search,3714.07,31279.31,385,7392,9
2024-06-08,Facebook Ads,Retargeting,2327.55,10694.57,489,7265,38
2024-06-08,Google Ads,Brand Search,517.5,1140.05,356,7243,31
2024-06-08,Snapchat Ads,Prospecting,1471.68,9964.9,210,5239,9
2024-06-08,Pinterest Ads,Awareness,2258.67,15016.36,510,8624,13
2024-06-08,Tiktok Ads,Video,245.75,737.76,317,9212,29
2024-06-08,Affiliate,Affiliation,5858.45,17058.55,317,5429,30
2024-06-08,Liveintent,Email,4034.77,15755.48,533,8052,26
2024-06-08,Criteo,Display Retargeting,1991.8,7163.79,590,5620,40
2024-06-08,Microsoft Ads,Search,8579.23,45016.26,417,3967,33
2024-06-09,Facebook Ads,Retargeting,1049.61,5202.19,476,7086,16
2024-06-09,Google Ads,Brand Search,10244.42,50518.49,518,15419,32
2024-06-09,Snapchat Ads,Prospecting,2589.07,10454.04,192,3311,13
2024-06-09,Pinterest Ads,Awareness,2673.48,16459.18,633,6629,36
2024-06-09,Tiktok Ads,Video,267.14,1626.41,647,8943,27
2024-06-09,Affiliate,Affiliation,4823.48,17348.65,436,8325,16
2024-06-09,Liveintent,Email,1497.93,4888.42,363,2812,19
2024-06-09,Criteo,Display Retargeting,378.49,2474.29,288,5349,18
2024-06-09,Microsoft Ads,Search,27.95,111.28,740,10561,56
2024-06-10,Facebook Ads,Retargeting,2291.38,5289.16,543,10129,41
2024-06-10,Google Ads,Brand Search,2183.9,5527.14,640,12100,20
2024-06-10,Snapchat Ads,Prospecting,2605.67,22070.7,285,5254,27
2024-06-10,Pinterest Ads,Awareness,5076.26,13919.63,336,6805,24
2024-06-10,Tiktok Ads,Video,159.21,865.03,736,5465,20
2024-06-10,Affiliate,Affiliation,3878.44,12503.99,273,4780,18
2024-06-10,Liveintent,Email,433.27,1767.54,414,16542,38
2024-06-10,Criteo,Display Retargeting,5527.26,29235.92,335,4018,34
2024-06-10,Microsoft Ads,Search,3828.21,13541.27,315,2624,21
2024-06-11,Facebook Ads,Retargeting,3846.64,12281.51,429,7781,40
2024-06-11,Google Ads,Brand Search,4371.16,13357.81,671,5747,32
2024-06-11,Snapchat Ads,Prospecting,1476.93,5132.15,388,6349,25
2024-06-11,Pinterest Ads,Awareness,2617.49,12610.67,383,5762,29
2024-06-11,Tiktok Ads,Video,9307.62,26856.2,200,7167,8
2024-06-11,Affiliate,Affiliation,2814.01,10504.45,534,7525,31
2024-06-11,Liveintent,Email,1840.24,5358.31,452,4415,19
2024-06-11,Criteo,Display Retargeting,2220.15,11883.69,367,5814,6
2024-06-11,Microsoft Ads,Search,6385.6,28257.03,547,5065,21
2024-06-12,Facebook Ads,Retargeting,2070.3,8498.56,277,6923,14
2024-06-12,Google Ads,Brand Search,1229.92,5182.97,269,4475,16
2024-06-12,Snapchat Ads,Prospecting,7565.04,30717.93,392,5189,27
2024-06-12,Pinterest Ads,Awareness,8811.32,38504.5,508,11699,33
2024-06-12,Tiktok Ads,Video,418.96,3064.96,456,4933,19
2024-06-12,Affiliate,Affiliation,1269.38,4996.32,276,9712,10
2024-06-12,Liveintent,Email,1051.75,4748.9,370,6949,19
2024-06-12,Criteo,Display Retargeting,3729.05,4813.57,472,14950,28
2024-06-12,Microsoft Ads,Search,3278.96,11815.31,518,10548,28
2024-06-13,Facebook Ads,Retargeting,3042.5,14007.48,303,4805,25
2024-06-13,Google Ads,Brand Search,1693.25,12629.19,600,17530,16
2024-06-13,Snapchat Ads,Prospecting,3208.29,10652.46,432,9190,21
2024-06-13,Pinterest Ads,Awareness,1272.41,5007.66,528,12263,16
2024-06-13,Tiktok Ads,Video,4868.25,22935.67,351,4601,17
2024-06-13,Affiliate,Affiliation,2254.88,8913.3,492,13395,49
2024-06-13,Liveintent,Email,7045.57,22774.96,404,7142,25
2024-06-13,Criteo,Display Retargeting,3538.21,11595.83,259,4822,23
2024-06-13,Microsoft Ads,Search,451.71,1469.11,363,11862,53
2024-06-14,Facebook Ads,Retargeting,3691.02,15812.34,176,2562,23
2024-06-14,Google Ads,Brand Search,2077.3,6174.92,638,18111,31
2024-06-14,Snapchat Ads,Prospecting,6709.59,20305.21,457,11869,17
2024-06-14,Pinterest Ads,Awareness,217.89,1415.58,374,10965,30
2024-06-14,Tiktok Ads,Video,898.38,4196.73,516,5539,28
2024-06-14,Affiliate,Affiliation,10786.77,47404.63,519,11948,35
2024-06-14,Liveintent,Email,1274.33,3987.49,345,7368,16
2024-06-14,Criteo,Display Retargeting,5847.86,22863.56,399,7763,26
2024-06-14,Microsoft Ads,Search,1605.8,8091.62,523,6825,32
2024-06-15,Facebook Ads,Retargeting,3111.34,17767.87,397,5576,15
2024-06-15,Google Ads,Brand Search,4248.39,19569.44,437,8301,37
2024-06-15,Snapchat Ads,Prospecting,3640.91,10418.26,403,6535,34
2024-06-15,Pinterest Ads,Awareness,1184.2,3522.3,605,7647,17
2024-06-15,Tiktok Ads,Video,1158.08,3381.05,392,6962,13
2024-06-15,Affiliate,Affiliation,166.31,655.98,385,4811,29
2024-06-15,Liveintent,Email,1224.33,7777.34,435,9290,38
2024-06-15,Criteo,Display Retargeting,4037.45,14695.73,413,4364,42
2024-06-15,Microsoft Ads,Search,11667.2,51558.99,360,5048,31
2024-06-16,Facebook Ads,Retargeting,3918.58,24709.68,514,7272,13
2024-06-16,Google Ads,Brand Search,3961.21,22346.16,470,6468,29
2024-06-16,Snapchat Ads,Prospecting,3294.5,21423.39,368,4505,21
2024-06-16,Pinterest Ads,Awareness,2971.51,11293.83,420,6162,32
2024-06-16,Tiktok Ads,Video,796.45,3929.61,709,7499,20
2024-06-16,Affiliate,Affiliation,6461.84,20910.39,341,10522,31
2024-06-16,Liveintent,Email,2233.1,14384.11,268,5170,7
2024-06-16,Criteo,Display Retargeting,1917.64,12205.37,432,4659,21
2024-06-16,Microsoft Ads,Search,408.38,1035.8,429,3909,18
2024-06-17,Facebook Ads,Retargeting,2153.19,10843.03,442,8658,31
2024-06-17,Google Ads,Brand Search,2001.24,5689.97,691,8425,44
2024-06-17,Snapchat Ads,Prospecting,5830.83,22320.27,591,6010,39
2024-06-17,Pinterest Ads,Awareness,2482.26,8131.23,654,4906,45
2024-06-17,Tiktok Ads,Video,1417.86,6444.09,371,5439,16
2024-06-17,Affiliate,Affiliation,10736.47,56056.43,366,9877,16
2024-06-17,Liveintent,Email,388.24,1158.03,299,7580,10
2024-06-17,Criteo,Display Retargeting,1716.87,7399.15,258,5312,17
2024-06-17,Microsoft Ads,Search,130.02,612.49,299,6830,21
2024-06-18,Facebook Ads,Retargeting,2808.38,10681.98,455,6383,17
2024-06-18,Google Ads,Brand Search,4257.63,23112.9,504,8590,11
2024-06-18,Snapchat Ads,Prospecting,518.56,2509.91,308,8646,35
2024-06-18,Pinterest Ads,Awareness,4548.44,16120.61,250,5191,22
2024-06-18,Tiktok Ads,Video,931.17,3370.17,422,8108,28
2024-06-18,Affiliate,Affiliation,6001.56,19378.34,269,5490,16
2024-06-18,Liveintent,Email,3549.12,10616.13,624,8499,27
2024-06-18,Criteo,Display Retargeting,2458.41,9279.31,396,3229,9
2024-06-18,Microsoft Ads,Search,35.33,221.43,488,7252,35
2024-06-19,Facebook Ads,Retargeting,7959.35,29177.82,458,9071,23
2024-06-19,Google Ads,Brand Search,3525.31,10714.05,335,3651,11
2024-06-19,Snapchat Ads,Prospecting,737.46,4232.54,269,7755,13
2024-06-19,Pinterest Ads,Awareness,3790.56,24010.46,384,9933,31
2024-06-19,Tiktok Ads,Video,742.92,3814.39,441,10428,42
2024-06-19,Affiliate,Affiliation,4856.23,24540.43,543,8206,16
2024-06-19,Liveintent,Email,274.37,1395.56,353,9413,29
2024-06-19,Criteo,Display Retargeting,1765.52,13778.79,457,3771,12
2024-06-19,Microsoft Ads,Search,1729.07,5914.39,475,11506,24
2024-06-20,Facebook Ads,Retargeting,725.91,2222.09,367,4833,17
2024-06-20,Google Ads,Brand Search,1704.88,6773.1,684,8635,26
2024-06-20,Snapchat Ads,Prospecting,103.72,272.37,558,10950,37
2024-06-20,Pinterest Ads,Awareness,2703.46,22653.74,314,4453,12
2024-06-20,Tiktok Ads,Video,2238.09,6491.56,170,3962,26
2024-06-20,Affiliate,Affiliation,4938.33,14470.46,263,5609,15
2024-06-20,Liveintent,Email,2338.85,9266.36,376,6973,30
2024-06-20,Criteo,Display Retargeting,2015.49,10491.42,458,9219,13
2024-06-20,Microsoft Ads,Search,7139.53,35429.27,326,4875,11
2024-06-21,Facebook Ads,Retargeting,179.72,561.84,416,12073,34
2024-06-21,Google Ads,Brand Search,5521.65,32887.35,347,10574,18
2024-06-21,Snapchat Ads,Prospecting,4307.76,25075.51,191,4143,26
2024-06-21,Pinterest Ads,Awareness,3740.35,18741.46,439,6008,17
2024-06-21,Tiktok Ads,Video,2698.4,6738.25,415,7482,29
2024-06-21,Affiliate,Affiliation,7066.5,35260.31,494,4254,15
2024-06-21,Liveintent,Email,727.55,2090.07,572,4514,28
2024-06-21,Criteo,Display Retargeting,251.2,1171.33,355,6760,18
2024-06-21,Microsoft Ads,Search,931.43,5242.8,99,2774,13
2024-06-22,Facebook Ads,Retargeting,5168.52,17735.86,489,7417,35
2024-06-22,Google Ads,Brand Search,59.54,516.96,450,6001,17
2024-06-22,Snapchat Ads,Prospecting,1920.47,12734.86,337,9539,42
2024-06-22,Pinterest Ads,Awareness,18719.86,51081.27,434,6152,26
2024-06-22,Tiktok Ads,Video,3457.79,22037.91,332,2349,27
2024-06-22,Affiliate,Affiliation,1565.89,3258.82,531,4780,30
2024-06-22,Liveintent,Email,103.68,601.09,608,11199,30
2024-06-22,Criteo,Display Retargeting,3181.42,20596.38,267,2186,16
2024-06-22,Microsoft Ads,Search,2896.24,9887.77,314,9143,14
2024-06-23,Facebook Ads,Retargeting,293.41,1513.87,247,6396,21
2024-06-23,Google Ads,Brand Search,225.44,904.18,330,8721,13
2024-06-23,Snapchat Ads,Prospecting,8533.12,21775.81,588,6982,42
2024-06-23,Pinterest Ads,Awareness,2946.98,6891.47,387,4098,34
2024-06-23,Tiktok Ads,Video,4833.87,11798.24,318,5589,18
2024-06-23,Affiliate,Affiliation,2390.82,21304.87,716,5201,21
2024-06-23,Liveintent,Email,1749.64,8514.33,317,5351,14
2024-06-23,Criteo,Display Retargeting,1288.39,9677.51,402,4442,23
2024-06-23,Microsoft Ads,Search,1245.84,5569.46,440,10469,19
2024-06-24,Facebook Ads,Retargeting,1411.97,6704.43,254,3640,36
2024-06-24,Google Ads,Brand Search,1831.29,12551.17,316,4717,16
2024-06-24,Snapchat Ads,Prospecting,6863.93,20155.54,344,3378,17
2024-06-24,Pinterest Ads,Awareness,2995.51,10681.65,496,10888,47
2024-06-24,Tiktok Ads,Video,6800.91,31757.44,384,6261,12
2024-06-24,Affiliate,Affiliation,2050.82,9390.73,363,2436,18
2024-06-24,Liveintent,Email,2924.21,17447.76,240,9392,8
2024-06-24,Criteo,Display Retargeting,4516.95,12363.39,409,6327,24
2024-06-24,Microsoft Ads,Search,2766.22,21992.14,297,8200,25
2024-06-25,Facebook Ads,Retargeting,5574.86,18735.09,506,17170,25
2024-06-25,Google Ads,Brand Search,933.26,5555.83,556,10563,42
2024-06-25,Snapchat Ads,Prospecting,2893.35,9589.26,599,7869,26
2024-06-25,Pinterest Ads,Awareness,451.73,1659.8,270,4436,16
2024-06-25,Tiktok Ads,Video,1429.8,7948.86,621,4958,23
2024-06-25,Affiliate,Affiliation,2616.66,7231.29,479,6533,15
2024-06-25,Liveintent,Email,3458.61,15181.01,288,3881,20
2024-06-25,Criteo,Display Retargeting,14240.67,59300.23,410,11105,22
2024-06-25,Microsoft Ads,Search,3275.58,14564.98,396,6166,13
2024-06-26,Facebook Ads,Retargeting,8953.28,30086.57,556,4342,24
2024-06-26,Google Ads,Brand Search,4171.59,21571.76,554,7723,27
2024-06-26,Snapchat Ads,Prospecting,6540.95,20137.65,493,2707,14
2024-06-26,Pinterest Ads,Awareness,446.39,2061.49,385,4384,49
2024-06-26,Tiktok Ads,Video,2566.87,7857.62,560,6809,15
2024-06-26,Affiliate,Affiliation,2672.99,12880.98,363,5451,11
2024-06-26,Liveintent,Email,3771.56,12637.89,391,9323,26
2024-06-26,Criteo,Display Retargeting,341.9,1372.77,299,7841,22
2024-06-26,Microsoft Ads,Search,762.93,5588.6,553,6503,10
2024-06-27,Facebook Ads,Retargeting,1092.34,4999.44,348,5398,20
2024-06-27,Google Ads,Brand Search,10390.13,44095.09,351,6817,35
2024-06-27,Snapchat Ads,Prospecting,966.55,6969.85,477,9975,36
2024-06-27,Pinterest Ads,Awareness,1660.94,8903.11,262,2780,21
2024-06-27,Tiktok Ads,Video,741.21,3112.69,194,4269,27
2024-06-27,Affiliate,Affiliation,1875.36,8229.56,303,10340,29
2024-06-27,Liveintent,Email,1197.44,4140.19,400,11953,28
2024-06-27,Criteo,Display Retargeting,613.64,2270.15,506,11177,24
2024-06-27,Microsoft Ads,Search,2046.99,8026.04,419,11575,33
2024-06-28,Facebook Ads,Retargeting,34.33,151.16,376,10837,34
2024-06-28,Google Ads,Brand Search,54.33,268.83,449,7717,13
2024-06-28,Snapchat Ads,Prospecting,1713.56,5957.47,434,6717,20
2024-06-28,Pinterest Ads,Awareness,153.25,704.61,363,6689,17
2024-06-28,Tiktok Ads,Video,875.4,3687.53,513,7249,25
2024-06-28,Affiliate,Affiliation,3288.9,11385.67,480,2909,26
2024-06-28,Liveintent,Email,13203.29,45402.11,518,12690,28
2024-06-28,Criteo,Display Retargeting,6608.27,31863.13,262,6191,46
2024-06-28,Microsoft Ads,Search,4774.71,17213.5,584,6687,10
2024-06-29,Facebook Ads,Retargeting,1366.14,3138.43,291,4087,41
2024-06-29,Google Ads,Brand Search,8842.74,38803.84,321,4800,16
2024-06-29,Snapchat Ads,Prospecting,2049.23,10296.84,232,8972,10
2024-06-29,Pinterest Ads,Awareness,291.12,1402.65,293,5555,27
2024-06-29,Tiktok Ads,Video,3612.4,14511.04,773,10070,41
2024-06-29,Affiliate,Affiliation,483.1,1880.95,339,6018,21
2024-06-29,Liveintent,Email,2048.34,4511.08,347,5329,18
2024-06-29,Criteo,Display Retargeting,2307.14,10434.05,437,3449,21
2024-06-29,Microsoft Ads,Search,6333.05,35083.74,268,8433,14
2024-06-30,Facebook Ads,Retargeting,1369.65,7708.57,481,5298,24
2024-06-30,Google Ads,Brand Search,4047.43,10608.81,510,4459,38
2024-06-30,Snapchat Ads,Prospecting,11890.51,45816.7,342,7541,26
2024-06-30,Pinterest Ads,Awareness,337.35,1544.94,346,7437,25
2024-06-30,Tiktok Ads,Video,772.63,3320.6,492,14784,13
2024-06-30,Affiliate,Affiliation,884.14,6607.82,409,9139,12
2024-06-30,Liveintent,Email,737.84,6065.93,419,9283,13
2024-06-30,Criteo,Display Retargeting,1380.82,5691.73,247,4205,14
2024-06-30,Microsoft Ads,Search,6388.4,34281.86,581,12154,18
2024-07-01,Facebook Ads,Retargeting,3132.73,14022.56,347,2549,17
2024-07-01,Google Ads,Brand Search,2322.91,12839.46,521,7552,26
2024-07-01,Snapchat Ads,Prospecting,992.94,3255.82,355,4858,21
2024-07-01,Pinterest Ads,Awareness,4783.76,15903.74,203,7670,14
2024-07-01,Tiktok Ads,Video,8405.97,40530.01,683,8650,17
2024-07-01,Affiliate,Affiliation,5027.22,23786.74,306,7326,16
2024-07-01,Liveintent,Email,2.16,15.28,792,12985,24
2024-07-01,Criteo,Display Retargeting,2917.03,8945.01,391,8948,14
2024-07-01,Microsoft Ads,Search,63.39,720.01,761,9470,18
2024-07-02,Facebook Ads,Retargeting,1871.51,6410.55,211,2983,6
2024-07-02,Google Ads,Brand Search,254.77,1582.45,413,13680,20
2024-07-02,Snapchat Ads,Prospecting,5274.12,28674.57,414,6048,14
2024-07-02,Pinterest Ads,Awareness,8720.56,23669.91,356,4405,17
2024-07-02,Tiktok Ads,Video,420.3,4315.76,560,16371,30
2024-07-02,Affiliate,Affiliation,2938.15,8002.97,379,6105,25
2024-07-02,Liveintent,Email,4349.75,16114.88,328,8879,16
2024-07-02,Criteo,Display Retargeting,2743.51,8610.65,320,7865,12
2024-07-02,Microsoft Ads,Search,687.01,3793.08,406,6272,23
2024-07-03,Facebook Ads,Retargeting,2142.46,4609.18,487,6948,22
2024-07-03,Google Ads,Brand Search,3279.77,24293.37,532,9060,37
2024-07-03,Snapchat Ads,Prospecting,208.01,479.32,562,10281,33
2024-07-03,Pinterest Ads,Awareness,242.85,1311.22,303,7600,26
2024-07-03,Tiktok Ads,Video,1470.04,7999.35,442,9063,15
2024-07-03,Affiliate,Affiliation,8355.28,32549.46,302,5731,22
2024-07-03,Liveintent,Email,1774.65,16711.37,486,12430,26
2024-07-03,Criteo,Display Retargeting,3133.22,15433.04,439,10789,23
2024-07-03,Microsoft Ads,Search,1645.84,5930.55,636,8229,48
2024-07-04,Facebook Ads,Retargeting,2202.25,12640.46,331,7140,10
2024-07-04,Google Ads,Brand Search,33.65,115.2,387,3284,27
2024-07-04,Snapchat Ads,Prospecting,2224.91,9274.41,528,16552,23
2024-07-04,Pinterest Ads,Awareness,6114.81,23187.23,445,7364,40
2024-07-04,Tiktok Ads,Video,2688.09,13900.18,219,8295,19
2024-07-04,Affiliate,Affiliation,5292.87,15886.27,522,4744,30
2024-07-04,Liveintent,Email,3419.57,18912.29,228,7141,22
2024-07-04,Criteo,Display Retargeting,382.56,1872.29,213,4596,29
2024-07-04,Microsoft Ads,Search,4622.13,30066.72,496,9383,37
2024-07-05,Facebook Ads,Retargeting,452.32,1875.04,493,4921,19
2024-07-05,Google Ads,Brand Search,8601.09,20746.43,270,5248,16
2024-07-05,Snapchat Ads,Prospecting,1424.03,4360.58,469,13771,61
2024-07-05,Pinterest Ads,Awareness,85.17,335.43,400,6614,22
2024-07-05,Tiktok Ads,Video,4672.96,11917.07,340,3176,9
2024-07-05,Affiliate,Affiliation,1899.05,11531.03,403,9883,29
2024-07-05,Liveintent,Email,4484.42,20389.06,562,14974,52
2024-07-05,Criteo,Display Retargeting,4422.48,18259.6,396,5466,15
2024-07-05,Microsoft Ads,Search,450.99,1929.1,354,4585,37
2024-07-06,Facebook Ads,Retargeting,475.75,1883.72,619,12349,29
2024-07-06,Google Ads,Brand Search,1861.2,11118.0,370,11343,35
2024-07-06,Snapchat Ads,Prospecting,1895.42,6862.29,422,4515,25
2024-07-06,Pinterest Ads,Awareness,3102.53,18653.18,259,4623,26
2024-07-06,Tiktok Ads,Video,2945.18,10544.45,340,2394,32
2024-07-06,Affiliate,Affiliation,4975.3,34413.01,585,6662,38
2024-07-06,Liveintent,Email,4504.06,27945.15,291,4586,10
2024-07-06,Criteo,Display Retargeting,1788.0,8202.08,527,7880,41
2024-07-06,Microsoft Ads,Search,4047.22,18448.6,375,7664,28
2024-07-07,Facebook Ads,Retargeting,656.61,4417.8,585,5226,56
2024-07-07,Google Ads,Brand Search,668.26,3765.64,692,9776,55
2024-07-07,Snapchat Ads,Prospecting,4719.57,18885.2,773,5575,27
2024-07-07,Pinterest Ads,Awareness,777.15,7371.12,531,10079,31
2024-07-07,Tiktok Ads,Video,4973.53,12985.88,300,7696,23
2024-07-07,Affiliate,Affiliation,5444.94,15203.91,533,3364,31
2024-07-07,Liveintent,Email,6291.47,35272.32,573,5018,29
2024-07-07,Criteo,Display Retargeting,7620.21,22429.06,492,9135,20
2024-07-07,Microsoft Ads,Search,1759.23,5046.87,481,9319,21
2024-07-08,Facebook Ads,Retargeting,1788.01,10430.49,412,9606,37
2024-07-08,Google Ads,Brand Search,4223.22,20437.6,337,5167,9
2024-07-08,Snapchat Ads,Prospecting,1712.01,6454.62,385,8254,54
2024-07-08,Pinterest Ads,Awareness,3534.25,19150.34,498,10657,38
2024-07-08,Tiktok Ads,Video,5694.74,35062.93,419,12748,21
2024-07-08,Affiliate,Affiliation,5750.98,27513.44,366,10244,24
2024-07-08,Liveintent,Email,1938.83,8065.84,246,3272,7
2024-07-08,Criteo,Display Retargeting,837.97,2538.74,277,6466,8
2024-07-08,Microsoft Ads,Search,2140.61,9379.71,279,7082,28
2024-07-09,Facebook Ads,Retargeting,499.1,2924.9,321,6835,15
2024-07-09,Google Ads,Brand Search,7130.64,39985.0,656,11429,23
2024-07-09,Snapchat Ads,Prospecting,1996.34,7923.85,396,9209,42
2024-07-09,Pinterest Ads,Awareness,501.96,2689.2,492,11459,19
2024-07-09,Tiktok Ads,Video,105.53,418.32,281,8037,15
2024-07-09,Affiliate,Affiliation,5455.5,15414.76,306,4810,12
2024-07-09,Liveintent,Email,4393.68,19254.03,533,5213,18
2024-07-09,Criteo,Display Retargeting,1849.08,4885.78,287,5538,10
2024-07-09,Microsoft Ads,Search,330.04,1650.34,436,7036,41
2024-07-10,Facebook Ads,Retargeting,1912.5,6018.23,549,6879,23
2024-07-10,Google Ads,Brand Search,1120.57,3457.49,225,3792,11
2024-07-10,Snapchat Ads,Prospecting,4904.31,13510.29,316,2295,11
2024-07-10,Pinterest Ads,Awareness,2364.55,13596.31,334,5256,22
2024-07-10,Tiktok Ads,Video,1289.58,4697.39,336,10397,25
2024-07-10,Affiliate,Affiliation,623.8,2431.11,236,5624,13
2024-07-10,Liveintent,Email,10442.65,74903.37,280,6580,23
2024-07-10,Criteo,Display Retargeting,2271.61,6345.37,485,7842,30
2024-07-10,Microsoft Ads,Search,3315.12,25545.54,267,5115,27
2024-07-11,Facebook Ads,Retargeting,782.71,2853.29,563,6556,10
2024-07-11,Google Ads,Brand Search,2560.71,5092.46,430,5753,16
2024-07-11,Snapchat Ads,Prospecting,137.37,469.86,694,8465,46
2024-07-11,Pinterest Ads,Awareness,2842.2,17711.65,521,15340,32
2024-07-11,Tiktok Ads,Video,16038.84,84253.7,544,5101,17
2024-07-11,Affiliate,Affiliation,2249.97,10044.17,471,8854,28
2024-07-11,Liveintent,Email,133.42,892.62,259,2726,35
2024-07-11,Criteo,Display Retargeting,115.46,738.1,435,13184,18
2024-07-11,Microsoft Ads,Search,1687.23,7765.03,246,5610,22
2024-07-12,Facebook Ads,Retargeting,608.84,3062.38,519,5742,45
2024-07-12,Google Ads,Brand Search,43.07,460.69,308,2797,18
2024-07-12,Snapchat Ads,Prospecting,6218.06,22407.57,410,7421,30
2024-07-12,Pinterest Ads,Awareness,2685.69,6905.34,247,3141,9
2024-07-12,Tiktok Ads,Video,1446.63,3056.44,462,6916,21
2024-07-12,Affiliate,Affiliation,8722.77,35244.07,484,10170,37
2024-07-12,Liveintent,Email,459.33,1457.08,455,6865,31
2024-07-12,Criteo,Display Retargeting,12252.42,37623.84,471,10664,39
2024-07-12,Microsoft Ads,Search,1036.92,4959.73,438,7738,11
2024-07-13,Facebook Ads,Retargeting,4054.24,18401.21,376,5195,16
2024-07-13,Google Ads,Brand Search,1832.95,7227.97,886,5911,20
2024-07-13,Snapchat Ads,Prospecting,2829.11,10880.76,441,9799,32
2024-07-13,Pinterest Ads,Awareness,5456.61,33894.51,479,11689,21
2024-07-13,Tiktok Ads,Video,596.99,2617.6,328,4314,11
2024-07-13,Affiliate,Affiliation,7063.46,24175.22,286,6407,18
2024-07-13,Liveintent,Email,902.19,4563.51,725,10597,26
2024-07-13,Criteo,Display Retargeting,682.51,3840.66,500,8030,28
2024-07-13,Microsoft Ads,Search,842.81,3936.79,543,8141,35
2024-07-14,Facebook Ads,Retargeting,2328.91,11199.87,492,6156,34
2024-07-14,Google Ads,Brand Search,457.77,2378.43,310,6819,17
2024-07-14,Snapchat Ads,Prospecting,2891.44,10696.38,255,6257,20
2024-07-14,Pinterest Ads,Awareness,1816.29,20738.6,460,6470,20
2024-07-14,Tiktok Ads,Video,2593.14,20308.64,424,9878,38
2024-07-14,Affiliate,Affiliation,6158.59,25541.88,580,9264,38
2024-07-14,Liveintent,Email,2107.43,8487.36,271,6943,16
2024-07-14,Criteo,Display Retargeting,1289.92,5365.57,340,3262,20
2024-07-14,Microsoft Ads,Search,848.85,2734.4,326,10636,43
2024-07-15,Facebook Ads,Retargeting,595.0,3310.61,246,4775,16
2024-07-15,Google Ads,Brand Search,169.14,1011.98,332,7303,30
2024-07-15,Snapchat Ads,Prospecting,989.79,8383.03,448,9994,28
2024-07-15,Pinterest Ads,Awareness,1011.69,3586.13,420,7341,25
2024-07-15,Tiktok Ads,Video,10695.93,32551.81,436,6347,17
2024-07-15,Affiliate,Affiliation,2658.6,16124.2,251,4557,16
2024-07-15,Liveintent,Email,1706.62,7192.66,475,6092,15
2024-07-15,Criteo,Display Retargeting,3730.43,14440.12,620,3233,34
2024-07-15,Microsoft Ads,Search,478.36,2444.76,348,3341,35
2024-07-16,Facebook Ads,Retargeting,1631.31,4243.69,540,4096,20
2024-07-16,Google Ads,Brand Search,2726.63,6190.46,402,3142,10
2024-07-16,Snapchat Ads,Prospecting,1374.76,6642.8,656,7960,16
2024-07-16,Pinterest Ads,Awareness,1244.01,3993.84,579,9382,44
2024-07-16,Tiktok Ads,Video,12568.46,85705.16,332,4508,28
2024-07-16,Affiliate,Affiliation,4412.18,23425.14,473,6766,26
2024-07-16,Liveintent,Email,2672.47,12753.2,427,7729,28
2024-07-16,Criteo,Display Retargeting,2312.2,9212.4,429,6125,21
2024-07-16,Microsoft Ads,Search,1959.68,12749.55,410,7652,15
2024-07-17,Facebook Ads,Retargeting,319.19,2742.29,288,2697,25
2024-07-17,Google Ads,Brand Search,1841.99,8451.07,488,12187,33
2024-07-17,Snapchat Ads,Prospecting,132.57,503.44,368,6278,18
2024-07-17,Pinterest Ads,Awareness,1355.2,9635.44,231,5445,21
2024-07-17,Tiktok Ads,Video,2224.75,10256.16,362,8392,26
2024-07-17,Affiliate,Affiliation,821.96,3147.67,342,8778,21
2024-07-17,Liveintent,Email,8066.86,62357.39,435,12574,32
2024-07-17,Criteo,Display Retargeting,7415.83,33886.02,327,5751,33
2024-07-17,Microsoft Ads,Search,4727.74,12071.31,258,3169,28
2024-07-18,Facebook Ads,Retargeting,1197.78,7537.97,291,7170,21
2024-07-18,Google Ads,Brand Search,5360.63,17701.64,522,18374,30
2024-07-18,Snapchat Ads,Prospecting,282.79,1227.97,245,5446,10
2024-07-18,Pinterest Ads,Awareness,4408.24,16408.54,383,4347,33
2024-07-18,Tiktok Ads,Video,328.72,1152.68,326,2496,12
2024-07-18,Affiliate,Affiliation,3010.64,10709.9,272,2969,11
2024-07-18,Liveintent,Email,769.9,3036.29,310,6547,10
2024-07-18,Criteo,Display Retargeting,3410.15,26811.01,309,6274,23
2024-07-18,Microsoft Ads,Search,7607.93,25788.65,290,4760,21
2024-07-19,Facebook Ads,Retargeting,534.03,3240.17,308,5888,15
2024-07-19,Google Ads,Brand Search,1809.16,10782.23,231,3721,9
2024-07-19,Snapchat Ads,Prospecting,10224.85,22712.82,673,10448,26
2024-07-19,Pinterest Ads,Awareness,1501.27,10709.12,498,7374,36
2024-07-19,Tiktok Ads,Video,4919.09,37633.94,442,6141,21
2024-07-19,Affiliate,Affiliation,2907.82,8613.16,336,6929,28
2024-07-19,Liveintent,Email,1063.73,7609.88,528,11717,31
2024-07-19,Criteo,Display Retargeting,1111.55,4171.86,301,7058,23
2024-07-19,Microsoft Ads,Search,866.29,2567.22,421,7222,37
2024-07-20,Facebook Ads,Retargeting,3173.59,11105.35,354,5689,20
2024-07-20,Google Ads,Brand Search,1116.88,4652.34,396,6083,35
2024-07-20,Snapchat Ads,Prospecting,1475.05,8621.05,672,12150,48
2024-07-20,Pinterest Ads,Awareness,772.13,6600.72,195,4129,6
2024-07-20,Tiktok Ads,Video,2346.7,10317.45,433,8609,30
2024-07-20,Affiliate,Affiliation,4356.53,20977.19,351,10247,20
2024-07-20,Liveintent,Email,8551.76,30866.27,362,10296,25
2024-07-20,Criteo,Display Retargeting,1255.37,4506.42,360,5146,15
2024-07-20,Microsoft Ads,Search,3696.38,12935.25,675,13927,38
2024-07-21,Facebook Ads,Retargeting,2584.71,9155.08,280,5916,22
2024-07-21,Google Ads,Brand Search,1450.28,8184.91,593,5512,47
2024-07-21,Snapchat Ads,Prospecting,4750.81,33243.34,695,7686,16
2024-07-21,Pinterest Ads,Awareness,654.03,1935.22,200,6530,23
2024-07-21,Tiktok Ads,Video,226.61,925.71,745,9410,16
2024-07-21,Affiliate,Affiliation,3484.44,15285.87,345,7796,22
2024-07-21,Liveintent,Email,1358.1,6657.14,404,4995,20
2024-07-21,Criteo,Display Retargeting,4054.88,15965.64,350,7167,28
2024-07-21,Microsoft Ads,Search,3452.56,14193.75,371,5691,12
2024-07-22,Facebook Ads,Retargeting,158.04,923.73,512,9565,28
2024-07-22,Google Ads,Brand Search,3782.3,29227.13,347,2507,14
2024-07-22,Snapchat Ads,Prospecting,2047.36,7401.58,704,12896,28
2024-07-22,Pinterest Ads,Awareness,1904.05,8818.39,314,2950,14
2024-07-22,Tiktok Ads,Video,2980.69,10910.1,392,12090,43
2024-07-22,Affiliate,Affiliation,8522.49,39659.45,345,3745,37
2024-07-22,Liveintent,Email,50.49,275.78,597,11367,22
2024-07-22,Criteo,Display Retargeting,2773.49,10492.57,342,5856,25
2024-07-22,Microsoft Ads,Search,3495.14,15868.99,219,4157,20
2024-07-23,Facebook Ads,Retargeting,4254.78,20625.23,672,8314,13
2024-07-23,Google Ads,Brand Search,2990.4,21290.99,578,7917,23
2024-07-23,Snapchat Ads,Prospecting,488.24,1778.2,253,8499,22
2024-07-23,Pinterest Ads,Awareness,1264.25,4363.66,304,7396,29
2024-07-23,Tiktok Ads,Video,1318.55,6241.17,495,10815,34
2024-07-23,Affiliate,Affiliation,5481.36,19732.16,245,4045,22
2024-07-23,Liveintent,Email,1459.56,6193.16,214,3686,11
2024-07-23,Criteo,Display Retargeting,794.09,2999.62,335,4491,34
2024-07-23,Microsoft Ads,Search,10891.92,45394.79,499,8758,25
2024-07-24,Facebook Ads,Retargeting,12.42,57.98,555,7229,28
2024-07-24,Google Ads,Brand Search,6780.23,46830.55,273,4916,33
2024-07-24,Snapchat Ads,Prospecting,2212.43,9085.16,313,4195,10
2024-07-24,Pinterest Ads,Awareness,1888.42,7015.68,611,8036,18
2024-07-24,Tiktok Ads,Video,303.97,2885.89,322,4760,16
2024-07-24,Affiliate,Affiliation,32.14,93.29,376,9405,17
2024-07-24,Liveintent,Email,2282.39,10591.71,508,15560,31
2024-07-24,Criteo,Display Retargeting,2131.81,9970.96,529,9576,22
2024-07-24,Microsoft Ads,Search,2550.05,11667.07,507,10425,38
2024-07-25,Facebook Ads,Retargeting,309.3,2552.74,735,7989,37
2024-07-25,Google Ads,Brand Search,5827.23,12588.49,474,12874,26
2024-07-25,Snapchat Ads,Prospecting,4242.1,18195.36,616,8855,25
2024-07-25,Pinterest Ads,Awareness,2251.04,12349.75,606,7758,48
2024-07-25,Tiktok Ads,Video,5243.03,14981.91,461,6777,20
2024-07-25,Affiliate,Affiliation,5283.87,33210.21,618,9130,26
2024-07-25,Liveintent,Email,3240.02,14161.85,590,6476,18
2024-07-25,Criteo,Display Retargeting,249.95,1677.84,657,5443,29
2024-07-25,Microsoft Ads,Search,1361.95,11945.9,395,5006,21
2024-07-26,Facebook Ads,Retargeting,411.33,1117.39,434,7181,23
2024-07-26,Google Ads,Brand Search,1909.98,17065.67,648,7236,33
2024-07-26,Snapchat Ads,Prospecting,2718.96,12410.38,582,6443,60
2024-07-26,Pinterest Ads,Awareness,355.32,2092.67,199,5734,38
2024-07-26,Tiktok Ads,Video,2722.99,9119.11,574,10828,16
2024-07-26,Affiliate,Affiliation,545.13,2137.06,351,5498,20
2024-07-26,Liveintent,Email,8816.52,43487.15,487,8328,26
2024-07-26,Criteo,Display Retargeting,13264.68,53667.93,361,3382,15
2024-07-26,Microsoft Ads,Search,489.6,1831.2,437,5500,20
2024-07-27,Facebook Ads,Retargeting,15261.27,41777.11,461,6322,22
2024-07-27,Google Ads,Brand Search,1981.42,9083.55,518,15711,47
2024-07-27,Snapchat Ads,Prospecting,1530.72,4459.6,507,8370,18
2024-07-27,Pinterest Ads,Awareness,340.27,1679.91,274,7992,37
2024-07-27,Tiktok Ads,Video,2746.85,8357.63,456,9437,26
2024-07-27,Affiliate,Affiliation,4792.92,27343.96,352,2968,24
2024-07-27,Liveintent,Email,5082.85,21014.51,707,10862,17
2024-07-27,Criteo,Display Retargeting,209.96,536.27,637,6926,26
2024-07-27,Microsoft Ads,Search,331.19,782.22,451,7238,23
2024-07-28,Facebook Ads,Retargeting,1567.49,5960.89,359,6029,8
2024-07-28,Google Ads,Brand Search,1003.46,4248.64,305,8594,27
2024-07-28,Snapchat Ads,Prospecting,625.75,4753.26,463,12410,24
2024-07-28,Pinterest Ads,Awareness,943.3,5627.98,374,9345,28
2024-07-28,Tiktok Ads,Video,4399.7,15743.62,368,6488,23
2024-07-28,Affiliate,Affiliation,9091.45,47227.89,287,4477,12
2024-07-28,Liveintent,Email,1382.52,3474.34,271,2652,28
2024-07-28,Criteo,Display Retargeting,10530.29,38107.09,494,10810,37
2024-07-28,Microsoft Ads,Search,1058.78,3378.87,290,5426,22
2024-07-29,Facebook Ads,Retargeting,1188.35,4650.12,307,12077,30
2024-07-29,Google Ads,Brand Search,627.92,2282.19,266,5676,22
2024-07-29,Snapchat Ads,Prospecting,2765.82,12101.07,456,6663,21
2024-07-29,Pinterest Ads,Awareness,6692.71,46695.25,533,5045,21
2024-07-29,Tiktok Ads,Video,1960.34,10069.93,526,6016,26
2024-07-29,Affiliate,Affiliation,1291.36,2756.78,446,5559,28
2024-07-29,Liveintent,Email,3179.97,9363.76,390,4449,18
2024-07-29,Criteo,Display Retargeting,230.25,1350.31,226,6143,11
2024-07-29,Microsoft Ads,Search,4549.06,24152.58,385,9615,21
2024-07-30,Facebook Ads,Retargeting,2802.5,8942.42,650,11249,33
2024-07-30,Google Ads,Brand Search,2175.43,9543.37,525,7751,35
2024-07-30,Snapchat Ads,Prospecting,2811.84,14584.72,529,5693,45
2024-07-30,Pinterest Ads,Awareness,2834.27,13880.86,363,4711,25
2024-07-30,Tiktok Ads,Video,292.28,1526.97,483,5247,39
2024-07-30,Affiliate,Affiliation,2424.84,24806.59,402,4759,34
2024-07-30,Liveintent,Email,999.7,2744.33,716,5126,39
2024-07-30,Criteo,Display Retargeting,6116.24,30367.35,407,5441,32
2024-07-30,Microsoft Ads,Search,7683.17,27356.14,484,8023,24
2024-07-31,Facebook Ads,Retargeting,6790.83,27963.99,517,5023,32
2024-07-31,Google Ads,Brand Search,2805.39,20537.32,226,4771,20
2024-07-31,Snapchat Ads,Prospecting,3452.24,20655.9,365,5417,15
2024-07-31,Pinterest Ads,Awareness,435.72,3653.52,823,10053,30
2024-07-31,Tiktok Ads,Video,6056.38,21149.15,546,8577,41
2024-07-31,Affiliate,Affiliation,1431.02,7601.1,356,3068,28
2024-07-31,Liveintent,Email,3019.44,12821.76,527,5693,13
2024-07-31,Criteo,Display Retargeting,1440.44,5145.24,394,16796,28
2024-07-31,Microsoft Ads,Search,802.13,2443.94,880,15085,35
2024-08-01,Facebook Ads,Retargeting,4299.95,12034.94,374,6982,10
2024-08-01,Google Ads,Brand Search,302.82,1589.36,542,12319,26
2024-08-01,Snapchat Ads,Prospecting,6617.13,31089.13,427,6914,19
2024-08-01,Pinterest Ads,Awareness,1945.77,13237.97,533,7672,15
2024-08-01,Tiktok Ads,Video,0.9,3.73,501,4688,18
2024-08-01,Affiliate,Affiliation,3605.66,25190.81,296,3075,20
2024-08-01,Liveintent,Email,272.68,1190.3,699,12860,37
2024-08-01,Criteo,Display Retargeting,968.84,3657.54,222,3803,25
2024-08-01,Microsoft Ads,Search,7400.36,28655.23,353,5983,21
2024-08-02,Facebook Ads,Retargeting,407.72,3024.11,305,11044,39
2024-08-02,Google Ads,Brand Search,11133.95,53798.7,474,8004,40
2024-08-02,Snapchat Ads,Prospecting,22.42,111.95,311,9625,47
2024-08-02,Pinterest Ads,Awareness,2222.5,7711.94,309,4360,20
2024-08-02,Tiktok Ads,Video,8425.38,34416.72,333,5270,35
2024-08-02,Affiliate,Affiliation,1817.97,11581.2,613,10170,22
2024-08-02,Liveintent,Email,875.03,2506.98,350,5138,14
2024-08-02,Criteo,Display Retargeting,3326.09,12333.81,459,5140,26
2024-08-02,Microsoft Ads,Search,1753.48,9168.32,224,7700,14
2024-08-03,Facebook Ads,Retargeting,4551.28,13210.15,280,6420,20
2024-08-03,Google Ads,Brand Search,621.52,2228.64,375,7404,33
2024-08-03,Snapchat Ads,Prospecting,3152.06,16258.28,461,8955,36
2024-08-03,Pinterest Ads,Awareness,5163.57,24462.39,483,13801,25
2024-08-03,Tiktok Ads,Video,1127.57,5225.78,444,6210,29
2024-08-03,Affiliate,Affiliation,5324.84,23869.3,479,9766,22
2024-08-03,Liveintent,Email,1037.42,4301.96,287,6156,20
2024-08-03,Criteo,Display Retargeting,7535.21,26805.33,464,4911,41
2024-08-03,Microsoft Ads,Search,265.04,1031.96,238,10118,20
2024-08-04,Facebook Ads,Retargeting,5377.99,25755.7,329,7699,26
2024-08-04,Google Ads,Brand Search,2615.59,9125.7,371,6674,25
2024-08-04,Snapchat Ads,Prospecting,1559.88,6942.36,245,5139,10
2024-08-04,Pinterest Ads,Awareness,2173.5,13384.15,576,7294,17
2024-08-04,Tiktok Ads,Video,4839.35,18849.67,383,6552,33
2024-08-04,Affiliate,Affiliation,23.49,82.95,424,6847,18
2024-08-04,Liveintent,Email,799.57,2497.83,445,6893,37
2024-08-04,Criteo,Display Retargeting,5899.19,24560.76,316,8084,12
2024-08-04,Microsoft Ads,Search,4960.07,15958.75,617,8388,14
2024-08-05,Facebook Ads,Retargeting,6354.47,38520.32,286,15405,28
2024-08-05,Google Ads,Brand Search,2650.58,17654.7,244,3171,17
2024-08-05,Snapchat Ads,Prospecting,3785.07,20065.91,266,4110,16
2024-08-05,Pinterest Ads,Awareness,2346.34,10222.48,272,2899,23
2024-08-05,Tiktok Ads,Video,815.46,3601.79,264,2405,20
2024-08-05,Affiliate,Affiliation,230.67,707.41,483,13074,52
2024-08-05,Liveintent,Email,2768.39,14499.92,357,9825,17
2024-08-05,Criteo,Display Retargeting,2284.0,7412.92,291,5812,23
2024-08-05,Microsoft Ads,Search,106.69,249.98,345,4338,23
2024-08-06,Facebook Ads,Retargeting,1423.7,8724.78,352,8618,32
2024-08-06,Google Ads,Brand Search,12539.99,36074.52,551,16932,49
2024-08-06,Snapchat Ads,Prospecting,1818.22,14794.03,426,5214,11
2024-08-06,Pinterest Ads,Awareness,2021.52,7683.22,344,4838,25
2024-08-06,Tiktok Ads,Video,2405.97,16616.72,589,14240,29
2024-08-06,Affiliate,Affiliation,992.39,4259.25,336,6122,15
2024-08-06,Liveintent,Email,1510.73,5713.65,457,4934,26
2024-08-06,Criteo,Display Retargeting,1975.48,5856.82,507,7803,16
2024-08-06,Microsoft Ads,Search,168.77,1003.67,597,8640,39
2024-08-07,Facebook Ads,Retargeting,5138.38,15945.79,272,6177,15
2024-08-07,Google Ads,Brand Search,1631.84,5904.14,309,4540,19
2024-08-07,Snapchat Ads,Prospecting,5438.52,30297.37,649,6352,60
2024-08-07,Pinterest Ads,Awareness,7449.66,19696.59,450,9393,46
2024-08-07,Tiktok Ads,Video,823.89,1996.79,468,5184,28
2024-08-07,Affiliate,Affiliation,3293.49,16567.34,393,3729,13
2024-08-07,Liveintent,Email,1643.18,11221.63,356,7997,26
2024-08-07,Criteo,Display Retargeting,7628.64,29087.03,594,3970,24
2024-08-07,Microsoft Ads,Search,729.17,3846.69,395,9828,16
2024-08-08,Facebook Ads,Retargeting,3856.4,22311.41,494,9654,29
2024-08-08,Google Ads,Brand Search,4617.29,13929.87,682,7991,27
2024-08-08,Snapchat Ads,Prospecting,1347.95,8032.91,283,3643,25
2024-08-08,Pinterest Ads,Awareness,561.96,2958.32,588,12015,34
2024-08-08,Tiktok Ads,Video,3795.55,19604.2,382,10662,31
2024-08-08,Affiliate,Affiliation,7720.94,24550.76,280,4990,21
2024-08-08,Liveintent,Email,1522.47,5686.35,458,4491,19
2024-08-08,Criteo,Display Retargeting,3111.75,22309.09,444,7366,16
2024-08-08,Microsoft Ads,Search,1713.21,15012.84,291,6352,18
2024-08-09,Facebook Ads,Retargeting,6640.55,18899.68,382,4975,18
2024-08-09,Google Ads,Brand Search,1301.24,5844.7,460,7233,20
2024-08-09,Snapchat Ads,Prospecting,12121.22,53670.67,437,7814,12
2024-08-09,Pinterest Ads,Awareness,1432.65,8698.13,381,10876,15
2024-08-09,Tiktok Ads,Video,2418.81,9589.64,559,5152,41
2024-08-09,Affiliate,Affiliation,227.97,1398.8,442,7731,10
2024-08-09,Liveintent,Email,665.81,2849.58,401,8063,30
2024-08-09,Criteo,Display Retargeting,3298.91,13584.95,526,8514,15
2024-08-09,Microsoft Ads,Search,1339.54,7193.87,649,6576,51
2024-08-10,Facebook Ads,Retargeting,8698.14,25481.29,511,7455,42
2024-08-10,Google Ads,Brand Search,51.53,320.52,351,6638,15
2024-08-10,Snapchat Ads,Prospecting,1871.82,8534.5,270,3910,15
2024-08-10,Pinterest Ads,Awareness,2316.87,10117.63,529,15686,30
2024-08-10,Tiktok Ads,Video,101.87,588.63,447,8065,36
2024-08-10,Affiliate,Affiliation,586.89,2595.06,276,4541,22
2024-08-10,Liveintent,Email,2823.78,11909.73,319,5837,17
2024-08-10,Criteo,Display Retargeting,3384.68,18170.54,507,6726,11
2024-08-10,Microsoft Ads,Search,2874.36,12044.14,557,6039,32
2024-08-11,Facebook Ads,Retargeting,2274.66,9731.37,327,8466,23
2024-08-11,Google Ads,Brand Search,3273.54,17509.99,430,10041,36
2024-08-11,Snapchat Ads,Prospecting,33.61,175.87,517,8627,30
2024-08-11,Pinterest Ads,Awareness,2166.36,11201.28,306,4532,20
2024-08-11,Tiktok Ads,Video,11293.75,35881.48,333,4943,13
2024-08-11,Affiliate,Affiliation,2047.71,9483.87,752,7722,9
2024-08-11,Liveintent,Email,4107.54,16305.68,332,4761,11
2024-08-11,Criteo,Display Retargeting,1406.56,3912.26,404,4919,20
2024-08-11,Microsoft Ads,Search,2271.28,23073.65,563,13400,35
2024-08-12,Facebook Ads,Retargeting,3910.87,17662.08,301,5619,34
2024-08-12,Google Ads,Brand Search,2681.25,11099.09,341,7696,31
2024-08-12,Snapchat Ads,Prospecting,9278.59,54926.58,343,9007,19
2024-08-12,Pinterest Ads,Awareness,342.47,1270.19,548,13309,27
2024-08-12,Tiktok Ads,Video,40.62,206.67,164,2484,12
2024-08-12,Affiliate,Affiliation,2917.03,17243.52,523,7801,34
2024-08-12,Liveintent,Email,3790.32,18247.58,613,13190,56
2024-08-12,Criteo,Display Retargeting,258.13,1078.22,554,8932,14
2024-08-12,Microsoft Ads,Search,565.57,3579.02,587,10886,19
2024-08-13,Facebook Ads,Retargeting,122.99,615.7,408,5258,13
2024-08-13,Google Ads,Brand Search,2338.04,6683.95,429,4946,20
2024-08-13,Snapchat Ads,Prospecting,10697.86,70493.95,336,6749,16
2024-08-13,Pinterest Ads,Awareness,5343.03,9665.47,361,2867,15
2024-08-13,Tiktok Ads,Video,3100.66,11294.91,256,5359,24
2024-08-13,Affiliate,Affiliation,3195.48,12180.32,502,9763,28
2024-08-13,Liveintent,Email,10.95,32.14,688,14109,31
2024-08-13,Criteo,Display Retargeting,2051.05,8346.94,450,6316,16
2024-08-13,Microsoft Ads,Search,7832.76,29474.61,450,9170,36
2024-08-14,Facebook Ads,Retargeting,5295.27,34198.12,367,7993,11
2024-08-14,Google Ads,Brand Search,2662.12,17640.31,325,3875,9
2024-08-14,Snapchat Ads,Prospecting,35.25,144.65,249,3721,23
2024-08-14,Pinterest Ads,Awareness,3754.04,21155.57,340,5111,34
2024-08-14,Tiktok Ads,Video,2412.17,8008.64,342,6018,15
2024-08-14,Affiliate,Affiliation,3248.78,18340.35,573,9257,24
2024-08-14,Liveintent,Email,866.8,5072.46,453,7828,24
2024-08-14,Criteo,Display Retargeting,1075.25,4553.77,287,4147,21
2024-08-14,Microsoft Ads,Search,791.01,3317.3,530,7593,18
2024-08-15,Facebook Ads,Retargeting,210.89,894.11,357,4269,10
2024-08-15,Google Ads,Brand Search,724.87,4840.8,445,10164,35
2024-08-15,Snapchat Ads,Prospecting,597.26,3703.72,697,6007,54
2024-08-15,Pinterest Ads,Awareness,1929.5,10184.88,557,5114,16
2024-08-15,Tiktok Ads,Video,5724.34,15721.28,298,6332,34
2024-08-15,Affiliate,Affiliation,2378.79,10438.39,220,6383,20
2024-08-15,Liveintent,Email,252.5,1192.26,463,5959,22
2024-08-15,Criteo,Display Retargeting,8996.04,43770.33,288,6991,10
2024-08-15,Microsoft Ads,Search,11110.52,37969.08,409,10288,17
2024-08-16,Facebook Ads,Retargeting,4682.57,17360.26,716,5233,26
2024-08-16,Google Ads,Brand Search,13321.71,44312.79,533,4851,15
2024-08-16,Snapchat Ads,Prospecting,2535.39,12460.24,394,6291,18
2024-08-16,Pinterest Ads,Awareness,9192.29,35693.48,337,7614,23
2024-08-16,Tiktok Ads,Video,241.02,1085.43,251,9217,12
2024-08-16,Affiliate,Affiliation,1256.22,5024.21,522,7064,17
2024-08-16,Liveintent,Email,802.62,3258.91,301,3728,20
2024-08-16,Criteo,Display Retargeting,582.68,2664.14,274,5560,22
2024-08-16,Microsoft Ads,Search,328.5,1945.87,496,11439,38
2024-08-17,Facebook Ads,Retargeting,3002.08,16350.72,423,2771,29
2024-08-17,Google Ads,Brand Search,4793.54,13732.27,506,7783,47
2024-08-17,Snapchat Ads,Prospecting,2694.13,10619.01,300,3842,20
2024-08-17,Pinterest Ads,Awareness,422.18,2064.65,312,2959,12
2024-08-17,Tiktok Ads,Video,7788.37,18099.74,429,2874,27
2024-08-17,Affiliate,Affiliation,3171.88,16298.46,284,8069,27
2024-08-17,Liveintent,Email,1371.83,9472.75,359,5022,24
2024-08-17,Criteo,Display Retargeting,2639.81,26664.48,306,6353,10
2024-08-17,Microsoft Ads,Search,1623.6,4776.46,366,7545,18
2024-08-18,Facebook Ads,Retargeting,1535.53,7285.02,459,7660,49
2024-08-18,Google Ads,Brand Search,7259.9,55379.35,618,7203,47
2024-08-18,Snapchat Ads,Prospecting,1053.67,6751.07,296,5837,26
2024-08-18,Pinterest Ads,Awareness,2800.3,12846.35,297,5357,9
2024-08-18,Tiktok Ads,Video,8705.26,33893.91,338,12138,19
2024-08-18,Affiliate,Affiliation,3021.95,26075.57,333,3943,20
2024-08-18,Liveintent,Email,194.87,1069.02,390,6053,7
2024-08-18,Criteo,Display Retargeting,595.03,1804.84,367,4802,20
2024-08-18,Microsoft Ads,Search,36.11,95.22,158,5725,6
2024-08-19,Facebook Ads,Retargeting,2768.1,16754.92,636,7800,18
2024-08-19,Google Ads,Brand Search,1715.15,10814.16,532,9366,23
2024-08-19,Snapchat Ads,Prospecting,411.18,1780.09,742,8127,20
2024-08-19,Pinterest Ads,Awareness,10062.22,45805.62,728,9682,33
2024-08-19,Tiktok Ads,Video,2125.61,11702.03,452,3700,15
2024-08-19,Affiliate,Affiliation,846.96,4341.71,333,8241,28
2024-08-19,Liveintent,Email,1887.72,9769.0,406,5339,21
2024-08-19,Criteo,Display Retargeting,2911.16,18596.89,290,4142,12
2024-08-19,Microsoft Ads,Search,357.75,1383.56,563,6876,19
2024-08-20,Facebook Ads,Retargeting,1184.54,4376.67,338,10317,37
2024-08-20,Google Ads,Brand Search,10575.26,47320.5,152,4070,23
2024-08-20,Snapchat Ads,Prospecting,3133.32,10591.96,270,6931,32
2024-08-20,Pinterest Ads,Awareness,3364.97,21245.44,423,10628,31
2024-08-20,Tiktok Ads,Video,2039.52,11837.39,215,4071,20
2024-08-20,Affiliate,Affiliation,196.47,677.04,383,9851,28
2024-08-20,Liveintent,Email,872.83,3480.87,378,5078,34
2024-08-20,Criteo,Display Retargeting,2382.53,14636.62,335,9941,15
2024-08-20,Microsoft Ads,Search,1130.91,7136.53,252,6312,22
2024-08-21,Facebook Ads,Retargeting,86.44,589.35,757,9777,59
2024-08-21,Google Ads,Brand Search,5427.06,20587.02,426,6961,16
2024-08-21,Snapchat Ads,Prospecting,5586.04,40300.65,274,5599,9
2024-08-21,Pinterest Ads,Awareness,3093.24,18504.36,378,4193,9
2024-08-21,Tiktok Ads,Video,4015.99,11028.68,363,4645,15
2024-08-21,Affiliate,Affiliation,447.74,1830.87,590,13668,57
2024-08-21,Liveintent,Email,7507.13,29204.2,441,4766,15
2024-08-21,Criteo,Display Retargeting,274.48,2176.18,309,3684,21
2024-08-21,Microsoft Ads,Search,5428.26,25182.55,249,12162,30
2024-08-22,Facebook Ads,Retargeting,12100.12,69696.78,336,7949,23
2024-08-22,Google Ads,Brand Search,2887.87,7333.58,406,6799,14
2024-08-22,Snapchat Ads,Prospecting,7399.45,43585.81,559,6297,33
2024-08-22,Pinterest Ads,Awareness,1085.61,8417.61,417,6162,8
2024-08-22,Tiktok Ads,Video,722.92,3154.58,277,5788,10
2024-08-22,Affiliate,Affiliation,1082.34,5397.87,445,9874,17
2024-08-22,Liveintent,Email,1395.17,9522.52,358,7673,18
2024-08-22,Criteo,Display Retargeting,183.15,766.78,355,7256,36
2024-08-22,Microsoft Ads,Search,2389.03,11889.39,647,7830,21
2024-08-23,Facebook Ads,Retargeting,4877.72,26335.21,347,4573,20
2024-08-23,Google Ads,Brand Search,262.06,1674.19,453,7094,47
2024-08-23,Snapchat Ads,Prospecting,2587.89,10381.57,462,5113,60
2024-08-23,Pinterest Ads,Awareness,4062.99,7809.91,554,8774,19
2024-08-23,Tiktok Ads,Video,3066.47,18238.04,279,6647,18
2024-08-23,Affiliate,Affiliation,3127.64,23440.23,389,7255,5
2024-08-23,Liveintent,Email,832.35,2832.66,657,10244,38
2024-08-23,Criteo,Display Retargeting,6206.16,26674.37,430,9136,21
2024-08-23,Microsoft Ads,Search,1730.37,6542.98,508,12027,57
2024-08-24,Facebook Ads,Retargeting,408.82,2115.1,421,10017,17
2024-08-24,Google Ads,Brand Search,1688.82,9571.0,585,10117,15
2024-08-24,Snapchat Ads,Prospecting,3564.87,15081.58,552,16377,34
2024-08-24,Pinterest Ads,Awareness,944.13,3552.8,399,6904,22
2024-08-24,Tiktok Ads,Video,4220.24,8400.59,308,7543,26
2024-08-24,Affiliate,Affiliation,4187.1,16988.17,486,11260,12
2024-08-24,Liveintent,Email,579.97,3026.12,196,4632,11
2024-08-24,Criteo,Display Retargeting,2633.48,8178.02,334,3915,25
2024-08-24,Microsoft Ads,Search,6093.76,12285.18,235,3748,47
2024-08-25,Facebook Ads,Retargeting,3825.05,13938.37,319,4537,22
2024-08-25,Google Ads,Brand Search,59.41,325.54,358,3966,26
2024-08-25,Snapchat Ads,Prospecting,18.03,110.92,490,2338,9
2024-08-25,Pinterest Ads,Awareness,2446.69,10785.91,418,8193,38
2024-08-25,Tiktok Ads,Video,13855.93,52201.38,405,6317,28
2024-08-25,Affiliate,Affiliation,1547.84,4833.24,416,7567,12
2024-08-25,Liveintent,Email,6583.94,23816.86,522,8367,38
2024-08-25,Criteo,Display Retargeting,1175.75,5097.49,635,6589,26
2024-08-25,Microsoft Ads,Search,1546.11,6112.54,267,6259,20
2024-08-26,Facebook Ads,Retargeting,10288.06,51967.44,577,12364,48
2024-08-26,Google Ads,Brand Search,8216.84,32625.74,510,7602,48
2024-08-26,Snapchat Ads,Prospecting,407.2,3116.6,327,3335,17
2024-08-26,Pinterest Ads,Awareness,2433.08,13985.4,263,3657,15
2024-08-26,Tiktok Ads,Video,139.45,510.88,317,3203,34
2024-08-26,Affiliate,Affiliation,2845.99,11745.47,462,4392,14
2024-08-26,Liveintent,Email,7066.42,22633.72,390,2824,25
2024-08-26,Criteo,Display Retargeting,544.04,1582.17,580,7744,35
2024-08-26,Microsoft Ads,Search,1897.37,5673.16,317,4051,27
2024-08-27,Facebook Ads,Retargeting,854.77,3377.52,502,4183,32
2024-08-27,Google Ads,Brand Search,4440.21,26170.05,591,6423,12
2024-08-27,Snapchat Ads,Prospecting,6846.93,31081.32,373,4092,23
2024-08-27,Pinterest Ads,Awareness,64.45,278.7,498,3659,24
2024-08-27,Tiktok Ads,Video,2199.64,11223.54,529,12298,43
2024-08-27,Affiliate,Affiliation,683.28,4465.51,549,10421,22
2024-08-27,Liveintent,Email,596.42,4921.79,527,10171,26
2024-08-27,Criteo,Display Retargeting,2078.21,7545.93,397,4213,27
2024-08-27,Microsoft Ads,Search,4617.29,16463.02,531,11327,28
2024-08-28,Facebook Ads,Retargeting,4992.8,42342.32,594,5816,22
2024-08-28,Google Ads,Brand Search,2211.53,8447.44,402,4273,28
2024-08-28,Snapchat Ads,Prospecting,1419.69,4794.42,345,7599,12
2024-08-28,Pinterest Ads,Awareness,4540.99,18625.92,454,2233,25
2024-08-28,Tiktok Ads,Video,910.12,5959.02,269,10194,19
2024-08-28,Affiliate,Affiliation,2603.64,12415.29,573,10711,34
2024-08-28,Liveintent,Email,1269.03,5367.05,457,4114,18
2024-08-28,Criteo,Display Retargeting,2263.9,7135.59,383,4410,19
2024-08-28,Microsoft Ads,Search,931.95,4320.6,243,4832,14
2024-08-29,Facebook Ads,Retargeting,701.28,4320.05,609,15802,32
2024-08-29,Google Ads,Brand Search,10887.5,58941.8,819,11041,10
2024-08-29,Snapchat Ads,Prospecting,662.62,2341.14,490,8256,33
2024-08-29,Pinterest Ads,Awareness,2332.53,12516.41,313,2435,21
2024-08-29,Tiktok Ads,Video,1075.21,2588.0,462,8246,27
2024-08-29,Affiliate,Affiliation,179.77,688.8,651,7479,41
2024-08-29,Liveintent,Email,147.71,558.15,321,5039,14
2024-08-29,Criteo,Display Retargeting,883.56,4830.12,197,7464,29
2024-08-29,Microsoft Ads,Search,7748.28,46716.24,435,6166,47
2024-08-30,Facebook Ads,Retargeting,1327.12,4050.29,291,6420,17
2024-08-30,Google Ads,Brand Search,13085.9,31667.74,507,5707,16
2024-08-30,Snapchat Ads,Prospecting,2755.83,17806.18,401,10709,14
2024-08-30,Pinterest Ads,Awareness,1102.86,4948.99,325,8936,32
2024-08-30,Tiktok Ads,Video,3260.48,18231.59,394,13362,23
2024-08-30,Affiliate,Affiliation,2739.18,11647.48,500,11336,23
2024-08-30,Liveintent,Email,4558.95,11833.23,206,5998,19
2024-08-30,Criteo,Display Retargeting,602.77,5104.31,278,12041,24
2024-08-30,Microsoft Ads,Search,1489.83,6458.25,366,7171,24
2024-08-31,Facebook Ads,Retargeting,5903.43,22505.92,360,6029,26
2024-08-31,Google Ads,Brand Search,8510.39,36892.68,519,6982,12
2024-08-31,Snapchat Ads,Prospecting,6218.69,17614.76,558,9032,34
2024-08-31,Pinterest Ads,Awareness,1573.74,5381.84,544,14897,19
2024-08-31,Tiktok Ads,Video,5073.05,20080.66,134,3875,32
2024-08-31,Affiliate,Affiliation,1697.13,8020.19,462,7047,26
2024-08-31,Liveintent,Email,2207.42,6886.59,242,6137,10
2024-08-31,Criteo,Display Retargeting,725.83,2628.9,570,11868,24
2024-08-31,Microsoft Ads,Search,2297.14,14319.77,651,8476,17
2024-09-01,Facebook Ads,Retargeting,804.89,3450.12,310,3330,14
2024-09-01,Google Ads,Brand Search,1484.52,5753.45,295,8672,39
2024-09-01,Snapchat Ads,Prospecting,7073.71,36029.07,429,9123,12
2024-09-01,Pinterest Ads,Awareness,1056.44,3864.21,299,8688,27
2024-09-01,Tiktok Ads,Video,287.21,1337.36,364,9973,33
2024-09-01,Affiliate,Affiliation,338.81,834.83,478,4793,35
2024-09-01,Liveintent,Email,11952.45,51855.72,274,7307,33
2024-09-01,Criteo,Display Retargeting,2741.08,17356.04,347,9293,33
2024-09-01,Microsoft Ads,Search,1853.19,13710.97,377,10423,38
2024-09-02,Facebook Ads,Retargeting,4419.12,26829.88,347,7784,20
2024-09-02,Google Ads,Brand Search,4312.15,32070.88,583,11793,26
2024-09-02,Snapchat Ads,Prospecting,1480.4,4648.47,377,3686,13
2024-09-02,Pinterest Ads,Awareness,2461.87,16618.88,377,4744,24
2024-09-02,Tiktok Ads,Video,5360.65,23055.99,278,5913,12
2024-09-02,Affiliate,Affiliation,2817.31,13395.81,425,7628,16
2024-09-02,Liveintent,Email,554.0,2324.88,667,9491,50
2024-09-02,Criteo,Display Retargeting,7498.59,31528.98,634,18363,40
2024-09-02,Microsoft Ads,Search,1277.72,6051.83,471,8670,20
2024-09-03,Facebook Ads,Retargeting,2889.94,10902.64,441,6612,19
2024-09-03,Google Ads,Brand Search,3133.86,21826.96,435,10143,16
2024-09-03,Snapchat Ads,Prospecting,268.42,1472.91,324,3065,13
2024-09-03,Pinterest Ads,Awareness,918.2,3158.74,440,14067,48
2024-09-03,Tiktok Ads,Video,10570.17,60514.3,255,7170,17
2024-09-03,Affiliate,Affiliation,0.07,0.44,443,4048,27
2024-09-03,Liveintent,Email,3974.81,16749.86,350,5358,37
2024-09-03,Criteo,Display Retargeting,5474.8,17411.78,400,8753,13
2024-09-03,Microsoft Ads,Search,577.34,1460.17,320,6052,47
2024-09-04,Facebook Ads,Retargeting,4294.62,36982.56,261,4508,31
2024-09-04,Google Ads,Brand Search,710.23,2230.11,422,6042,27
2024-09-04,Snapchat Ads,Prospecting,830.58,3437.25,440,7031,42
2024-09-04,Pinterest Ads,Awareness,640.88,3192.96,312,2955,21
2024-09-04,Tiktok Ads,Video,374.06,3124.26,688,10998,31
2024-09-04,Affiliate,Affiliation,3.28,17.05,451,5741,36
2024-09-04,Liveintent,Email,2412.05,8384.16,593,9967,46
2024-09-04,Criteo,Display Retargeting,7046.78,35386.39,708,8436,21
2024-09-04,Microsoft Ads,Search,680.51,2222.44,447,4063,26
2024-09-05,Facebook Ads,Retargeting,3302.45,13364.31,294,4044,47
2024-09-05,Google Ads,Brand Search,4490.94,23824.72,264,4609,17
2024-09-05,Snapchat Ads,Prospecting,6227.15,39934.78,405,8741,14
2024-09-05,Pinterest Ads,Awareness,2118.67,9639.54,389,4049,16
2024-09-05,Tiktok Ads,Video,1243.98,4727.84,626,9429,17
2024-09-05,Affiliate,Affiliation,1342.49,8668.93,452,6496,22
2024-09-05,Liveintent,Email,4398.67,17865.18,293,10883,21
2024-09-05,Criteo,Display Retargeting,5913.53,25770.95,369,7925,16
2024-09-05,Microsoft Ads,Search,564.09,3983.1,202,7066,8
2024-09-06,Facebook Ads,Retargeting,596.98,5123.77,457,6958,16
2024-09-06,Google Ads,Brand Search,3752.08,29114.54,333,8988,33
2024-09-06,Snapchat Ads,Prospecting,1974.14,11416.39,388,5075,15
2024-09-06,Pinterest Ads,Awareness,6279.66,41581.03,321,6227,37
2024-09-06,Tiktok Ads,Video,2435.49,16607.72,490,14960,35
2024-09-06,Affiliate,Affiliation,858.5,5541.07,221,3422,21
2024-09-06,Liveintent,Email,1276.16,6357.9,175,3482,16
2024-09-06,Criteo,Display Retargeting,2349.16,12104.07,842,7495,59
2024-09-06,Microsoft Ads,Search,105.58,501.94,556,12415,49
2024-09-07,Facebook Ads,Retargeting,2626.11,16867.63,442,6004,36
2024-09-07,Google Ads,Brand Search,4950.79,10832.09,546,2942,23
2024-09-07,Snapchat Ads,Prospecting,505.03,1988.04,530,9384,20
2024-09-07,Pinterest Ads,Awareness,4512.18,21186.7,491,10005,28
2024-09-07,Tiktok Ads,Video,2180.94,11186.4,172,6433,26
2024-09-07,Affiliate,Affiliation,11776.94,46377.93,577,4396,42
2024-09-07,Liveintent,Email,145.85,494.55,344,5043,24
2024-09-07,Criteo,Display Retargeting,908.98,3994.38,335,5164,19
2024-09-07,Microsoft Ads,Search,3477.45,12739.26,395,7933,20
2024-09-08,Facebook Ads,Retargeting,800.5,4810.57,363,6324,28
2024-09-08,Google Ads,Brand Search,3443.18,22145.93,265,5691,17
2024-09-08,Snapchat Ads,Prospecting,3855.06,16719.67,319,6199,24
2024-09-08,Pinterest Ads,Awareness,397.02,2078.67,266,4116,17
2024-09-08,Tiktok Ads,Video,2079.78,9319.99,422,11631,20
2024-09-08,Affiliate,Affiliation,2539.55,8910.68,337,5790,15
2024-09-08,Liveintent,Email,1633.84,4775.86,464,4073,38
2024-09-08,Criteo,Display Retargeting,9938.79,33151.43,457,7813,41
2024-09-08,Microsoft Ads,Search,3597.75,21555.73,426,5297,21
2024-09-09,Facebook Ads,Retargeting,2912.32,11185.44,390,4851,15
2024-09-09,Google Ads,Brand Search,3448.81,10641.65,346,3854,8
2024-09-09,Snapchat Ads,Prospecting,1418.2,4739.99,504,7936,43
2024-09-09,Pinterest Ads,Awareness,4638.16,20545.67,674,12747,15
2024-09-09,Tiktok Ads,Video,3216.12,12100.23,362,12035,33
2024-09-09,Affiliate,Affiliation,3077.29,21359.06,359,4305,26
2024-09-09,Liveintent,Email,3643.43,28456.33,411,7798,28
2024-09-09,Criteo,Display Retargeting,707.34,3623.78,338,4932,12
2024-09-09,Microsoft Ads,Search,2922.51,13017.57,494,7622,22
2024-09-10,Facebook Ads,Retargeting,440.57,1375.94,243,4066,18
2024-09-10,Google Ads,Brand Search,562.43,2930.59,277,2551,20
2024-09-10,Snapchat Ads,Prospecting,554.59,2312.2,380,10346,16
2024-09-10,Pinterest Ads,Awareness,7419.83,35496.79,337,9758,33
2024-09-10,Tiktok Ads,Video,3728.37,16151.97,256,5721,17
2024-09-10,Affiliate,Affiliation,2915.89,7471.09,450,7750,35
2024-09-10,Liveintent,Email,2661.99,8975.63,232,5747,17
2024-09-10,Criteo,Display Retargeting,1331.46,6115.87,459,7986,41
2024-09-10,Microsoft Ads,Search,5408.77,30715.44,379,6890,27
2024-09-11,Facebook Ads,Retargeting,2556.7,10544.08,774,5935,19
2024-09-11,Google Ads,Brand Search,2115.84,11899.22,733,12924,32
2024-09-11,Snapchat Ads,Prospecting,674.01,1792.0,413,4697,33
2024-09-11,Pinterest Ads,Awareness,4418.56,23219.55,322,3805,25
2024-09-11,Tiktok Ads,Video,6062.23,29891.65,343,7081,16
2024-09-11,Affiliate,Affiliation,1871.61,9642.25,387,9694,18
2024-09-11,Liveintent,Email,113.51,467.64,308,2980,16
2024-09-11,Criteo,Display Retargeting,9508.88,31819.83,285,4126,18
2024-09-11,Microsoft Ads,Search,53.69,118.64,394,5151,14
2024-09-12,Facebook Ads,Retargeting,1593.86,10960.32,255,2200,20
2024-09-12,Google Ads,Brand Search,6857.14,40050.02,291,3569,28
2024-09-12,Snapchat Ads,Prospecting,975.16,3808.72,302,3270,34
2024-09-12,Pinterest Ads,Awareness,519.29,2879.36,329,5478,52
2024-09-12,Tiktok Ads,Video,1711.84,18632.63,374,7247,33
2024-09-12,Affiliate,Affiliation,2875.1,17170.82,325,5228,22
2024-09-12,Liveintent,Email,867.62,8679.9,274,3599,22
2024-09-12,Criteo,Display Retargeting,7117.53,31287.14,250,5212,6
2024-09-12,Microsoft Ads,Search,77.69,332.74,288,3925,31
2024-09-13,Facebook Ads,Retargeting,2363.16,10909.1,293,4615,20
2024-09-13,Google Ads,Brand Search,4604.48,18733.87,551,17294,44
2024-09-13,Snapchat Ads,Prospecting,6363.18,28495.63,400,11116,20
2024-09-13,Pinterest Ads,Awareness,859.58,2814.44,184,6730,10
2024-09-13,Tiktok Ads,Video,6703.71,26989.67,424,7502,21
2024-09-13,Affiliate,Affiliation,2214.53,12756.83,484,8945,21
2024-09-13,Liveintent,Email,1680.32,6300.7,558,14281,47
2024-09-13,Criteo,Display Retargeting,491.16,2227.33,364,9961,32
2024-09-13,Microsoft Ads,Search,5834.77,21617.81,474,7207,23
2024-09-14,Facebook Ads,Retargeting,854.05,3146.53,301,7080,24
2024-09-14,Google Ads,Brand Search,1148.09,6152.73,343,7989,14
2024-09-14,Snapchat Ads,Prospecting,1465.37,6021.47,535,10990,35
2024-09-14,Pinterest Ads,Awareness,5982.86,25296.68,704,8238,23
2024-09-14,Tiktok Ads,Video,4876.73,23989.49,292,6516,14
2024-09-14,Affiliate,Affiliation,8427.36,27149.96,338,10101,29
2024-09-14,Liveintent,Email,1207.69,8224.61,282,5906,20
2024-09-14,Criteo,Display Retargeting,4236.75,24200.23,334,3212,12
2024-09-14,Microsoft Ads,Search,3056.35,8993.55,670,6654,25
2024-09-15,Facebook Ads,Retargeting,6039.67,51911.97,509,11460,21
2024-09-15,Google Ads,Brand Search,9834.31,40503.74,266,6654,16
2024-09-15,Snapchat Ads,Prospecting,25.71,169.99,208,5639,14
2024-09-15,Pinterest Ads,Awareness,4912.81,20816.41,645,12680,39
2024-09-15,Tiktok Ads,Video,198.55,1125.94,207,5934,11
2024-09-15,Affiliate,Affiliation,3452.58,28906.69,575,10154,23
2024-09-15,Liveintent,Email,1183.92,6221.13,482,9812,31
2024-09-15,Criteo,Display Retargeting,1640.21,9404.48,261,7619,18
2024-09-15,Microsoft Ads,Search,1078.41,9774.73,432,6956,15
2024-09-16,Facebook Ads,Retargeting,3463.27,22486.59,336,2403,40
2024-09-16,Google Ads,Brand Search,1319.44,4981.66,620,6243,41
2024-09-16,Snapchat Ads,Prospecting,4917.78,17839.48,376,6323,32
2024-09-16,Pinterest Ads,Awareness,1408.66,9399.54,606,6265,36
2024-09-16,Tiktok Ads,Video,298.02,963.21,566,19979,27
2024-09-16,Affiliate,Affiliation,5573.86,26013.11,641,7422,20
2024-09-16,Liveintent,Email,1025.68,6404.97,474,10516,22
2024-09-16,Criteo,Display Retargeting,2305.1,10608.61,492,8298,37
2024-09-16,Microsoft Ads,Search,5303.01,21418.06,343,4993,27
2024-09-17,Facebook Ads,Retargeting,1323.52,2796.38,511,7502,24
2024-09-17,Google Ads,Brand Search,201.52,747.49,528,13729,30
2024-09-17,Snapchat Ads,Prospecting,1082.68,6097.59,323,5730,19
2024-09-17,Pinterest Ads,Awareness,8200.14,21440.49,431,10723,13
2024-09-17,Tiktok Ads,Video,4130.18,11002.72,306,9274,23
2024-09-17,Affiliate,Affiliation,4752.36,14500.34,339,6265,40
2024-09-17,Liveintent,Email,4704.49,11655.41,491,10897,21
2024-09-17,Criteo,Display Retargeting,670.32,2317.8,349,9357,22
2024-09-17,Microsoft Ads,Search,1520.99,5640.56,599,11249,49
2024-09-18,Facebook Ads,Retargeting,3438.58,16454.01,388,5516,26
2024-09-18,Google Ads,Brand Search,224.01,1360.0,289,4587,10
2024-09-18,Snapchat Ads,Prospecting,1185.83,4616.26,601,11987,22
2024-09-18,Pinterest Ads,Awareness,836.51,5070.76,638,8136,39
2024-09-18,Tiktok Ads,Video,2008.65,14114.26,438,4609,28
2024-09-18,Affiliate,Affiliation,11172.13,82457.97,532,9854,17
2024-09-18,Liveintent,Email,201.8,734.94,558,17490,17
2024-09-18,Criteo,Display Retargeting,2470.76,11357.81,439,10134,11
2024-09-18,Microsoft Ads,Search,536.18,2781.69,489,9073,28
2024-09-19,Facebook Ads,Retargeting,9468.05,73473.23,318,3855,22
2024-09-19,Google Ads,Brand Search,412.3,1615.17,490,4083,40
2024-09-19,Snapchat Ads,Prospecting,1826.77,8908.92,521,5870,36
2024-09-19,Pinterest Ads,Awareness,4467.25,20497.44,487,3964,33
2024-09-19,Tiktok Ads,Video,4509.37,17719.57,212,3149,23
2024-09-19,Affiliate,Affiliation,1792.12,8655.96,517,10973,24
2024-09-19,Liveintent,Email,1432.14,8402.43,458,4855,34
2024-09-19,Criteo,Display Retargeting,1907.67,8559.52,379,2849,19
2024-09-19,Microsoft Ads,Search,762.02,3896.44,361,3584,20
2024-09-20,Facebook Ads,Retargeting,874.11,3563.81,514,8782,29
2024-09-20,Google Ads,Brand Search,2585.49,8411.83,291,4626,12
2024-09-20,Snapchat Ads,Prospecting,905.56,4463.87,301,8035,31
2024-09-20,Pinterest Ads,Awareness,1482.34,3146.48,399,10873,12
2024-09-20,Tiktok Ads,Video,2530.64,12370.09,483,10310,31
2024-09-20,Affiliate,Affiliation,12072.33,55042.14,482,5126,32
2024-09-20,Liveintent,Email,2974.11,15138.02,314,7720,19
2024-09-20,Criteo,Display Retargeting,245.56,874.82,332,8881,23
2024-09-20,Microsoft Ads,Search,317.92,1450.29,634,9418,19
2024-09-21,Facebook Ads,Retargeting,9288.0,34106.91,373,2361,17
2024-09-21,Google Ads,Brand Search,1123.45,6101.53,693,6886,24
2024-09-21,Snapchat Ads,Prospecting,244.54,1296.62,294,8153,23
2024-09-21,Pinterest Ads,Awareness,3542.11,14847.96,527,5823,28
2024-09-21,Tiktok Ads,Video,2228.04,16904.55,298,7562,16
2024-09-21,Affiliate,Affiliation,2842.07,12145.23,201,5657,12
2024-09-21,Liveintent,Email,939.24,4074.85,287,7410,16
2024-09-21,Criteo,Display Retargeting,42.11,202.53,574,7395,19
2024-09-21,Microsoft Ads,Search,9161.38,31113.71,901,9446,40
2024-09-22,Facebook Ads,Retargeting,589.77,3442.16,375,6703,23
2024-09-22,Google Ads,Brand Search,2224.53,17740.32,395,5196,26
2024-09-22,Snapchat Ads,Prospecting,3562.73,18727.46,600,11906,25
2024-09-22,Pinterest Ads,Awareness,2416.24,16098.49,325,13372,42
2024-09-22,Tiktok Ads,Video,1201.92,7651.23,273,5174,27
2024-09-22,Affiliate,Affiliation,674.59,3403.1,315,4329,30
2024-09-22,Liveintent,Email,2584.6,11257.83,277,5926,13
2024-09-22,Criteo,Display Retargeting,7010.52,33533.9,487,8204,18
2024-09-22,Microsoft Ads,Search,8117.01,37296.92,346,4041,19
2024-09-23,Facebook Ads,Retargeting,238.25,1679.21,329,1882,17
2024-09-23,Google Ads,Brand Search,620.19,2027.57,580,6641,22
2024-09-23,Snapchat Ads,Prospecting,11916.2,37599.78,407,6590,22
2024-09-23,Pinterest Ads,Awareness,3538.42,14855.89,291,4092,9
2024-09-23,Tiktok Ads,Video,8090.27,20133.27,412,9086,31
2024-09-23,Affiliate,Affiliation,968.92,3320.41,391,5370,28
2024-09-23,Liveintent,Email,1482.92,12446.81,425,6498,16
2024-09-23,Criteo,Display Retargeting,2898.56,17053.13,594,5445,28
2024-09-23,Microsoft Ads,Search,3350.26,12287.65,547,9272,25
2024-09-24,Facebook Ads,Retargeting,1675.82,9532.24,532,15283,20
2024-09-24,Google Ads,Brand Search,52.95,284.73,460,6065,17
2024-09-24,Snapchat Ads,Prospecting,3655.74,19526.54,783,17028,45
2024-09-24,Pinterest Ads,Awareness,1333.66,3751.74,290,6034,16
2024-09-24,Tiktok Ads,Video,2060.78,10796.92,406,4581,17
2024-09-24,Affiliate,Affiliation,12243.41,56823.05,371,2544,17
2024-09-24,Liveintent,Email,1718.42,8534.03,296,4442,14
2024-09-24,Criteo,Display Retargeting,6225.13,32783.38,440,8967,19
2024-09-24,Microsoft Ads,Search,480.05,3175.25,465,5238,18
2024-09-25,Facebook Ads,Retargeting,2910.04,18537.96,381,7499,31
2024-09-25,Google Ads,Brand Search,11228.24,46704.52,281,6183,30
2024-09-25,Snapchat Ads,Prospecting,269.86,1817.69,671,5789,54
2024-09-25,Pinterest Ads,Awareness,23.72,98.78,473,6692,36
2024-09-25,Tiktok Ads,Video,1522.1,7898.34,322,6391,20
2024-09-25,Affiliate,Affiliation,166.23,1540.56,320,5541,35
2024-09-25,Liveintent,Email,3203.1,21553.14,219,2628,21
2024-09-25,Criteo,Display Retargeting,5384.71,36614.45,503,10341,35
2024-09-25,Microsoft Ads,Search,1750.15,9321.87,332,8936,11
2024-09-26,Facebook Ads,Retargeting,1263.03,3579.14,350,6070,25
2024-09-26,Google Ads,Brand Search,3099.86,9752.94,446,5202,23
2024-09-26,Snapchat Ads,Prospecting,3529.8,23583.19,504,8047,37
2024-09-26,Pinterest Ads,Awareness,37.96,115.44,507,7803,31
2024-09-26,Tiktok Ads,Video,3056.28,14405.46,437,5684,12
2024-09-26,Affiliate,Affiliation,4641.47,19022.13,386,9309,34
2024-09-26,Liveintent,Email,4278.54,17760.46,325,7512,20
2024-09-26,Criteo,Display Retargeting,728.68,4257.35,525,12730,26
2024-09-26,Microsoft Ads,Search,4857.15,20897.88,220,1658,17
2024-09-27,Facebook Ads,Retargeting,606.65,1538.1,322,8049,17
2024-09-27,Google Ads,Brand Search,1551.27,6768.8,227,2724,14
2024-09-27,Snapchat Ads,Prospecting,15384.63,37508.65,410,5048,11
2024-09-27,Pinterest Ads,Awareness,6602.33,34133.87,280,3894,11
2024-09-27,Tiktok Ads,Video,102.58,419.72,438,2936,17
2024-09-27,Affiliate,Affiliation,1950.64,7950.34,347,6583,25
2024-09-27,Liveintent,Email,1729.46,4410.43,573,6060,14
2024-09-27,Criteo,Display Retargeting,2037.31,5109.49,339,6024,32
2024-09-27,Microsoft Ads,Search,1412.29,6118.82,291,3066,11
2024-09-28,Facebook Ads,Retargeting,133.63,718.91,733,4075,42
2024-09-28,Google Ads,Brand Search,1439.72,10326.14,508,5617,28
2024-09-28,Snapchat Ads,Prospecting,2976.14,16996.74,413,10473,13
2024-09-28,Pinterest Ads,Awareness,2783.89,11346.74,560,7244,35
2024-09-28,Tiktok Ads,Video,3265.28,9788.84,445,7506,24
2024-09-28,Affiliate,Affiliation,167.49,1076.25,510,17174,24
2024-09-28,Liveintent,Email,8682.0,37490.84,552,9247,18
2024-09-28,Criteo,Display Retargeting,6277.37,17794.02,345,3894,19
2024-09-28,Microsoft Ads,Search,4799.61,28191.58,415,6313,7
2024-09-29,Facebook Ads,Retargeting,3576.91,14892.81,333,5214,25
2024-09-29,Google Ads,Brand Search,5367.55,30178.16,516,14195,21
2024-09-29,Snapchat Ads,Prospecting,2423.42,9836.75,264,6751,12
2024-09-29,Pinterest Ads,Awareness,526.64,2551.04,319,2698,12
2024-09-29,Tiktok Ads,Video,1500.95,10573.38,539,15542,43
2024-09-29,Affiliate,Affiliation,4443.89,17397.43,374,5444,18
2024-09-29,Liveintent,Email,2371.4,14068.71,549,4038,35
2024-09-29,Criteo,Display Retargeting,1225.13,7577.88,626,9378,44
2024-09-29,Microsoft Ads,Search,239.46,733.35,347,11624,14
2024-09-30,Facebook Ads,Retargeting,1020.68,5117.15,702,6970,58
2024-09-30,Google Ads,Brand Search,5724.48,14940.82,495,5041,12
2024-09-30,Snapchat Ads,Prospecting,2577.11,10117.7,633,6657,22
2024-09-30,Pinterest Ads,Awareness,1644.84,7368.83,403,4655,22
2024-09-30,Tiktok Ads,Video,848.37,3082.14,410,4878,15
2024-09-30,Affiliate,Affiliation,1257.46,4752.22,360,3853,21
2024-09-30,Liveintent,Email,4891.02,32989.23,224,3682,18
2024-09-30,Criteo,Display Retargeting,2187.95,13884.32,279,6852,14
2024-09-30,Microsoft Ads,Search,4376.15,21477.74,500,10169,45
2024-10-01,Facebook Ads,Retargeting,1239.84,6507.09,373,6175,16
2024-10-01,Google Ads,Brand Search,2121.28,9950.6,362,7276,17
2024-10-01,Snapchat Ads,Prospecting,1150.03,4118.88,606,7812,30
2024-10-01,Pinterest Ads,Awareness,2848.63,19490.6,312,8650,34
2024-10-01,Tiktok Ads,Video,1382.57,10347.74,304,8902,42
2024-10-01,Affiliate,Affiliation,1580.87,10037.0,193,9143,16
2024-10-01,Liveintent,Email,2854.64,9983.92,224,2965,10
2024-10-01,Criteo,Display Retargeting,7172.94,22510.07,355,7999,14
2024-10-01,Microsoft Ads,Search,178.52,465.28,706,11238,33
2024-10-02,Facebook Ads,Retargeting,6118.64,29023.33,802,9015,32
2024-10-02,Google Ads,Brand Search,829.38,5226.19,618,13916,18
2024-10-02,Snapchat Ads,Prospecting,1859.33,8797.31,242,5226,7
2024-10-02,Pinterest Ads,Awareness,98.24,278.6,634,19590,31
2024-10-02,Tiktok Ads,Video,899.29,4537.61,154,5901,28
2024-10-02,Affiliate,Affiliation,1951.53,13693.47,435,10129,29
2024-10-02,Liveintent,Email,262.38,537.13,273,6089,12
2024-10-02,Criteo,Display Retargeting,2303.63,9314.52,323,10596,14
2024-10-02,Microsoft Ads,Search,8233.7,33815.08,416,6979,18
2024-10-03,Facebook Ads,Retargeting,839.14,4058.32,447,7761,38
2024-10-03,Google Ads,Brand Search,11077.75,51388.05,278,6363,28
2024-10-03,Snapchat Ads,Prospecting,2982.89,10899.88,221,7433,15
2024-10-03,Pinterest Ads,Awareness,5309.9,24140.08,420,5666,23
2024-10-03,Tiktok Ads,Video,1710.23,6101.85,373,11553,29
2024-10-03,Affiliate,Affiliation,1301.38,6124.61,322,4124,22
2024-10-03,Liveintent,Email,903.89,4470.63,360,5659,32
2024-10-03,Criteo,Display Retargeting,357.0,2095.96,430,11374,24
2024-10-03,Microsoft Ads,Search,949.36,7192.22,604,11607,36
2024-10-04,Facebook Ads,Retargeting,2854.57,13305.12,337,6197,21
2024-10-04,Google Ads,Brand Search,8986.46,35161.16,485,11702,20
2024-10-04,Snapchat Ads,Prospecting,5254.64,31213.81,573,7001,21
2024-10-04,Pinterest Ads,Awareness,5217.37,12738.29,607,10242,25
2024-10-04,Tiktok Ads,Video,405.85,1912.31,586,5447,40
2024-10-04,Affiliate,Affiliation,1062.13,5386.0,543,6251,20
2024-10-04,Liveintent,Email,1505.49,4305.41,207,4678,17
2024-10-04,Criteo,Display Retargeting,688.42,6848.96,433,6166,26
2024-10-04,Microsoft Ads,Search,2661.62,17708.24,381,7155,29
2024-10-05,Facebook Ads,Retargeting,1301.77,5905.49,293,6606,22
2024-10-05,Google Ads,Brand Search,825.69,3839.69,458,5822,21
2024-10-05,Snapchat Ads,Prospecting,775.79,3011.86,246,7693,33
2024-10-05,Pinterest Ads,Awareness,2882.09,25943.22,468,6764,48
2024-10-05,Tiktok Ads,Video,3294.21,19998.36,374,3897,30
2024-10-05,Affiliate,Affiliation,858.17,3964.26,427,4037,31
2024-10-05,Liveintent,Email,7014.98,27213.53,361,7099,22
2024-10-05,Criteo,Display Retargeting,10865.12,27252.14,555,15047,22
2024-10-05,Microsoft Ads,Search,990.57,5403.87,419,14124,39
2024-10-06,Facebook Ads,Retargeting,1034.29,5944.87,372,5838,18
2024-10-06,Google Ads,Brand Search,2640.17,9110.11,294,11013,22
2024-10-06,Snapchat Ads,Prospecting,6023.07,48396.35,460,13264,29
2024-10-06,Pinterest Ads,Awareness,6822.84,39854.86,463,9265,19
2024-10-06,Tiktok Ads,Video,348.33,1709.66,405,5941,34
2024-10-06,Affiliate,Affiliation,1542.88,7350.79,374,8528,16
2024-10-06,Liveintent,Email,2575.24,10320.31,330,4845,13
2024-10-06,Criteo,Display Retargeting,2155.66,8918.22,470,3844,21
2024-10-06,Microsoft Ads,Search,500.21,2862.26,505,11202,30
2024-10-07,Facebook Ads,Retargeting,5857.96,24511.48,559,6473,16
2024-10-07,Google Ads,Brand Search,3310.42,10739.97,359,5095,38
2024-10-07,Snapchat Ads,Prospecting,4340.36,21080.17,342,6996,22
2024-10-07,Pinterest Ads,Awareness,4845.29,26606.54,437,8040,24
2024-10-07,Tiktok Ads,Video,3346.35,12758.46,387,4103,26
2024-10-07,Affiliate,Affiliation,1951.26,6046.67,235,2553,15
2024-10-07,Liveintent,Email,2532.67,9168.51,483,8339,30
2024-10-07,Criteo,Display Retargeting,336.83,1212.92,384,6961,31
2024-10-07,Microsoft Ads,Search,3274.59,12250.02,302,6922,18
2024-10-08,Facebook Ads,Retargeting,1084.9,2416.05,634,11953,26
2024-10-08,Google Ads,Brand Search,5987.41,24920.97,344,9244,42
2024-10-08,Snapchat Ads,Prospecting,1290.97,5644.1,545,7234,21
2024-10-08,Pinterest Ads,Awareness,625.25,3027.7,782,13014,15
2024-10-08,Tiktok Ads,Video,905.07,4080.63,269,3799,18
2024-10-08,Affiliate,Affiliation,12.54,57.82,733,7719,41
2024-10-08,Liveintent,Email,5845.49,26123.1,551,9439,28
2024-10-08,Criteo,Display Retargeting,5662.31,33956.37,503,5448,29
2024-10-08,Microsoft Ads,Search,4088.73,9199.48,584,11727,40
2024-10-09,Facebook Ads,Retargeting,1554.34,3152.38,431,6784,17
2024-10-09,Google Ads,Brand Search,849.33,3762.95,473,8431,33
2024-10-09,Snapchat Ads,Prospecting,119.38,497.62,451,9481,16
2024-10-09,Pinterest Ads,Awareness,1145.87,7084.97,355,6389,29
2024-10-09,Tiktok Ads,Video,26846.22,71430.15,453,12592,42
2024-10-09,Affiliate,Affiliation,2154.58,7281.61,232,7618,20
2024-10-09,Liveintent,Email,2827.6,16229.94,429,15360,50
2024-10-09,Criteo,Display Retargeting,751.96,6179.61,492,8220,22
2024-10-09,Microsoft Ads,Search,2105.98,9871.84,472,5910,30
2024-10-10,Facebook Ads,Retargeting,2808.65,9527.06,259,3996,30
2024-10-10,Google Ads,Brand Search,3644.9,19453.79,487,6829,18
2024-10-10,Snapchat Ads,Prospecting,789.88,6140.09,368,5816,21
2024-10-10,Pinterest Ads,Awareness,246.91,1345.69,580,10894,48
2024-10-10,Tiktok Ads,Video,1207.86,8784.68,374,4214,20
2024-10-10,Affiliate,Affiliation,861.49,4528.14,297,5334,35
2024-10-10,Liveintent,Email,780.96,3631.97,302,4592,12
2024-10-10,Criteo,Display Retargeting,12706.73,51626.36,264,5339,19
2024-10-10,Microsoft Ads,Search,3025.08,12804.1,377,11561,28
2024-10-11,Facebook Ads,Retargeting,4313.06,20398.18,363,3658,20
2024-10-11,Google Ads,Brand Search,1665.13,7173.8,408,5087,15
2024-10-11,Snapchat Ads,Prospecting,2316.75,6637.3,176,5632,17
2024-10-11,Pinterest Ads,Awareness,4309.13,16049.62,345,15030,22
2024-10-11,Tiktok Ads,Video,6687.08,30357.88,396,5232,17
2024-10-11,Affiliate,Affiliation,5787.24,25103.37,382,8302,12
2024-10-11,Liveintent,Email,941.68,5665.22,510,6122,19
2024-10-11,Criteo,Display Retargeting,2999.2,14247.14,644,12873,34
2024-10-11,Microsoft Ads,Search,1978.32,7781.87,327,4767,13
2024-10-12,Facebook Ads,Retargeting,8255.76,32372.98,444,6649,34
2024-10-12,Google Ads,Brand Search,2232.52,13134.3,451,5277,32
2024-10-12,Snapchat Ads,Prospecting,3027.47,13495.35,388,3341,19
2024-10-12,Pinterest Ads,Awareness,586.61,1548.77,343,6439,11
2024-10-12,Tiktok Ads,Video,2933.04,21873.16,579,9294,27
2024-10-12,Affiliate,Affiliation,382.35,2804.56,293,6034,20
2024-10-12,Liveintent,Email,1398.78,5394.93,348,8097,25
2024-10-12,Criteo,Display Retargeting,719.37,1394.47,392,6214,22
2024-10-12,Microsoft Ads,Search,3015.14,21579.31,228,3023,11
2024-10-13,Facebook Ads,Retargeting,1121.58,2789.11,327,8040,28
2024-10-13,Google Ads,Brand Search,2166.96,10642.81,288,5886,9
2024-10-13,Snapchat Ads,Prospecting,11600.29,46112.03,690,11661,30
2024-10-13,Pinterest Ads,Awareness,1109.71,3536.51,385,9208,15
2024-10-13,Tiktok Ads,Video,3316.38,16149.59,307,9260,26
2024-10-13,Affiliate,Affiliation,2546.47,11843.29,442,12054,46
2024-10-13,Liveintent,Email,75.37,484.31,529,6952,30
2024-10-13,Criteo,Display Retargeting,5605.02,22056.12,412,3577,29
2024-10-13,Microsoft Ads,Search,413.38,1348.76,195,11130,19
2024-10-14,Facebook Ads,Retargeting,2302.63,9424.81,457,5550,19
2024-10-14,Google Ads,Brand Search,2628.66,20853.22,511,5068,12
2024-10-14,Snapchat Ads,Prospecting,4357.21,19180.87,632,5760,34
2024-10-14,Pinterest Ads,Awareness,2819.27,19632.18,625,7622,27
2024-10-14,Tiktok Ads,Video,878.41,4808.31,603,4493,31
2024-10-14,Affiliate,Affiliation,35.95,139.55,441,4558,37
2024-10-14,Liveintent,Email,6306.29,15812.7,694,6655,53
2024-10-14,Criteo,Display Retargeting,3452.04,11019.67,261,2673,21
2024-10-14,Microsoft Ads,Search,5479.9,42401.15,434,5137,25
2024-10-15,Facebook Ads,Retargeting,1671.66,21103.97,569,6121,27
2024-10-15,Google Ads,Brand Search,4242.31,16019.93,344,4168,22
2024-10-15,Snapchat Ads,Prospecting,901.52,6246.99,490,9511,33
2024-10-15,Pinterest Ads,Awareness,797.68,5891.78,212,3923,14
2024-10-15,Tiktok Ads,Video,3249.43,19735.83,376,4743,42
2024-10-15,Affiliate,Affiliation,1517.41,5275.07,341,6154,24
2024-10-15,Liveintent,Email,419.01,1433.92,263,7277,26
2024-10-15,Criteo,Display Retargeting,5374.16,17482.87,639,10277,23
2024-10-15,Microsoft Ads,Search,4621.15,13921.23,326,6909,16
2024-10-16,Facebook Ads,Retargeting,2941.81,8725.06,554,8115,32
2024-10-16,Google Ads,Brand Search,358.2,1413.81,226,3955,18
2024-10-16,Snapchat Ads,Prospecting,981.59,7364.41,318,3621,13
2024-10-16,Pinterest Ads,Awareness,4893.42,26706.92,401,5572,21
2024-10-16,Tiktok Ads,Video,8659.78,31338.84,540,15661,33
2024-10-16,Affiliate,Affiliation,866.32,3814.99,713,10579,20
2024-10-16,Liveintent,Email,310.67,1383.84,293,4700,14
2024-10-16,Criteo,Display Retargeting,11344.88,21520.74,488,4639,27
2024-10-16,Microsoft Ads,Search,1803.9,5992.24,333,3522,9
2024-10-17,Facebook Ads,Retargeting,1165.12,7047.94,485,4846,28
2024-10-17,Google Ads,Brand Search,5622.89,41911.87,540,8593,31
2024-10-17,Snapchat Ads,Prospecting,122.57,508.71,493,4560,21
2024-10-17,Pinterest Ads,Awareness,1948.07,15596.97,482,5659,18
2024-10-17,Tiktok Ads,Video,98.88,642.29,558,6732,25
2024-10-17,Affiliate,Affiliation,1069.3,3730.91,506,13837,38
2024-10-17,Liveintent,Email,2450.64,10693.97,393,9302,8
2024-10-17,Criteo,Display Retargeting,1121.1,4206.36,518,10440,38
2024-10-17,Microsoft Ads,Search,14927.22,58109.57,318,4013,6
2024-10-18,Facebook Ads,Retargeting,3602.83,13728.48,403,5268,27
2024-10-18,Google Ads,Brand Search,1940.85,11809.86,511,4641,35
2024-10-18,Snapchat Ads,Prospecting,1017.79,5290.84,258,4220,11
2024-10-18,Pinterest Ads,Awareness,2358.51,8442.87,503,17103,27
2024-10-18,Tiktok Ads,Video,2133.64,14171.77,665,9563,64
2024-10-18,Affiliate,Affiliation,408.17,1397.3,702,6099,53
2024-10-18,Liveintent,Email,2712.93,12409.07,375,3855,13
2024-10-18,Criteo,Display Retargeting,2787.49,13591.33,577,8485,47
2024-10-18,Microsoft Ads,Search,6542.99,26522.57,190,7484,10
2024-10-19,Facebook Ads,Retargeting,3333.56,22629.9,350,7889,20
2024-10-19,Google Ads,Brand Search,3863.28,24954.54,249,7193,31
2024-10-19,Snapchat Ads,Prospecting,31.61,138.46,345,7251,23
2024-10-19,Pinterest Ads,Awareness,950.71,3635.99,360,2385,17
2024-10-19,Tiktok Ads,Video,3873.54,21904.6,460,7685,13
2024-10-19,Affiliate,Affiliation,3276.6,10858.2,520,9469,31
2024-10-19,Liveintent,Email,19.48,83.87,264,3430,22
2024-10-19,Criteo,Display Retargeting,7722.28,19888.9,640,6149,44
2024-10-19,Microsoft Ads,Search,5839.55,27577.37,287,3286,24
2024-10-20,Facebook Ads,Retargeting,1863.61,12435.95,479,11718,42
2024-10-20,Google Ads,Brand Search,172.29,961.02,645,5722,23
2024-10-20,Snapchat Ads,Prospecting,5284.15,27351.5,323,8774,25
2024-10-20,Pinterest Ads,Awareness,2514.47,11216.36,414,9625,20
2024-10-20,Tiktok Ads,Video,4958.61,22205.04,333,6896,13
2024-10-20,Affiliate,Affiliation,4473.92,21116.35,555,6622,15
2024-10-20,Liveintent,Email,4526.8,23284.98,364,5703,32
2024-10-20,Criteo,Display Retargeting,1716.13,11498.81,434,16615,12
2024-10-20,Microsoft Ads,Search,337.74,2252.11,567,5698,22
2024-10-21,Facebook Ads,Retargeting,2468.08,9976.89,782,10430,64
2024-10-21,Google Ads,Brand Search,2712.46,12465.09,567,4400,40
2024-10-21,Snapchat Ads,Prospecting,3024.95,14557.08,292,8563,38
2024-10-21,Pinterest Ads,Awareness,395.89,2161.2,249,3987,20
2024-10-21,Tiktok Ads,Video,295.18,2155.82,457,6156,20
2024-10-21,Affiliate,Affiliation,5567.07,26642.0,309,4303,13
2024-10-21,Liveintent,Email,4104.77,20670.14,208,3142,18
2024-10-21,Criteo,Display Retargeting,5808.92,25951.99,246,3635,6
2024-10-21,Microsoft Ads,Search,3135.18,9557.65,244,3509,8
2024-10-22,Facebook Ads,Retargeting,3520.51,14850.63,483,12066,36
2024-10-22,Google Ads,Brand Search,3414.61,17066.21,326,4276,21
2024-10-22,Snapchat Ads,Prospecting,6659.17,30159.24,450,2801,23
2024-10-22,Pinterest Ads,Awareness,2553.48,12348.25,226,2385,12
2024-10-22,Tiktok Ads,Video,3524.53,13517.14,258,3341,22
2024-10-22,Affiliate,Affiliation,896.37,3798.58,264,10577,18
2024-10-22,Liveintent,Email,2770.13,12341.64,374,4317,20
2024-10-22,Criteo,Display Retargeting,6415.24,20273.31,606,9534,44
2024-10-22,Microsoft Ads,Search,926.72,6033.57,438,10093,27
2024-10-23,Facebook Ads,Retargeting,1341.77,5533.42,204,4265,24
2024-10-23,Google Ads,Brand Search,2083.39,9382.23,287,3256,25
2024-10-23,Snapchat Ads,Prospecting,1773.93,7983.87,580,8054,49
2024-10-23,Pinterest Ads,Awareness,1235.15,3871.74,360,3256,15
2024-10-23,Tiktok Ads,Video,2611.18,12867.0,351,12832,37
2024-10-23,Affiliate,Affiliation,11281.49,36894.82,438,4214,14
2024-10-23,Liveintent,Email,4342.95,13502.26,661,8851,42
2024-10-23,Criteo,Display Retargeting,1291.09,4440.83,601,7284,9
2024-10-23,Microsoft Ads,Search,391.9,1535.91,289,9767,49
2024-10-24,Facebook Ads,Retargeting,2400.08,14154.04,542,9289,18
2024-10-24,Google Ads,Brand Search,1012.55,5277.46,303,8386,30
2024-10-24,Snapchat Ads,Prospecting,3414.31,13073.02,496,5047,20
2024-10-24,Pinterest Ads,Awareness,2223.08,11001.0,344,4685,13
2024-10-24,Tiktok Ads,Video,3797.76,15478.27,325,6693,11
2024-10-24,Affiliate,Affiliation,627.48,2160.97,565,14015,25
2024-10-24,Liveintent,Email,2697.89,6792.11,488,5688,30
2024-10-24,Criteo,Display Retargeting,815.1,2478.35,586,6361,23
2024-10-24,Microsoft Ads,Search,8425.37,22422.35,329,6451,27
2024-10-25,Facebook Ads,Retargeting,4627.35,21372.09,420,8051,39
2024-10-25,Google Ads,Brand Search,1374.25,9214.74,576,7915,16
2024-10-25,Snapchat Ads,Prospecting,1865.54,6488.43,280,5321,15
2024-10-25,Pinterest Ads,Awareness,1112.28,3315.6,275,5523,16
2024-10-25,Tiktok Ads,Video,3895.25,28197.38,304,8556,20
2024-10-25,Affiliate,Affiliation,1292.18,8666.25,229,5501,16
2024-10-25,Liveintent,Email,4608.89,19766.21,368,3389,16
2024-10-25,Criteo,Display Retargeting,1417.05,7487.17,465,5386,41
2024-10-25,Microsoft Ads,Search,4739.23,18040.11,425,7658,27
2024-10-26,Facebook Ads,Retargeting,10098.86,34177.9,339,7056,13
2024-10-26,Google Ads,Brand Search,5938.43,35420.74,319,6587,23
2024-10-26,Snapchat Ads,Prospecting,9053.27,25709.93,377,13935,18
2024-10-26,Pinterest Ads,Awareness,738.66,1931.8,481,8394,8
2024-10-26,Tiktok Ads,Video,430.33,1842.43,213,2376,11
2024-10-26,Affiliate,Affiliation,5129.21,14735.57,530,7839,29
2024-10-26,Liveintent,Email,1984.63,8835.3,470,8134,69
2024-10-26,Criteo,Display Retargeting,2744.0,11901.07,288,7439,9
2024-10-26,Microsoft Ads,Search,80.53,703.96,391,7976,51
2024-10-27,Facebook Ads,Retargeting,1368.55,2624.71,725,6123,31
2024-10-27,Google Ads,Brand Search,128.87,408.06,363,5175,13
2024-10-27,Snapchat Ads,Prospecting,4551.17,25959.13,285,4813,28
2024-10-27,Pinterest Ads,Awareness,1111.52,5390.38,386,5452,21
2024-10-27,Tiktok Ads,Video,2508.35,14348.08,520,8915,19
2024-10-27,Affiliate,Affiliation,151.89,556.6,498,6689,18
2024-10-27,Liveintent,Email,3428.08,14031.71,283,4127,31
2024-10-27,Criteo,Display Retargeting,1311.3,6900.58,293,7943,25
2024-10-27,Microsoft Ads,Search,9673.0,34728.94,362,8689,29
2024-10-28,Facebook Ads,Retargeting,6481.36,25599.06,353,6102,25
2024-10-28,Google Ads,Brand Search,592.12,3561.01,461,6172,14
2024-10-28,Snapchat Ads,Prospecting,3784.94,21929.28,561,14627,36
2024-10-28,Pinterest Ads,Awareness,13511.47,57930.5,342,6803,27
2024-10-28,Tiktok Ads,Video,2975.73,23475.76,60,5878,22
2024-10-28,Affiliate,Affiliation,2074.09,15225.98,419,5132,37
2024-10-28,Liveintent,Email,595.92,2165.54,605,6710,21
2024-10-28,Criteo,Display Retargeting,1896.32,7278.08,408,6436,14
2024-10-28,Microsoft Ads,Search,115.82,736.2,425,10595,27
2024-10-29,Facebook Ads,Retargeting,131.62,556.65,243,4010,15
2024-10-29,Google Ads,Brand Search,11802.71,34271.09,247,4733,14
2024-10-29,Snapchat Ads,Prospecting,428.47,2099.84,362,3050,24
2024-10-29,Pinterest Ads,Awareness,1021.44,7286.18,470,6489,24
2024-10-29,Tiktok Ads,Video,1676.68,10265.15,518,6882,22
2024-10-29,Affiliate,Affiliation,2366.13,10266.03,717,5815,37
2024-10-29,Liveintent,Email,8013.51,45966.75,262,3538,8
2024-10-29,Criteo,Display Retargeting,379.23,1544.96,310,4057,13
2024-10-29,Microsoft Ads,Search,63.21,258.43,413,8552,31
2024-10-30,Facebook Ads,Retargeting,2833.25,12337.72,743,6159,49
2024-10-30,Google Ads,Brand Search,704.53,3889.27,451,5783,19
2024-10-30,Snapchat Ads,Prospecting,90.65,551.6,692,8498,45
2024-10-30,Pinterest Ads,Awareness,3344.51,11063.49,605,6083,24
2024-10-30,Tiktok Ads,Video,8646.81,48235.84,475,11594,28
2024-10-30,Affiliate,Affiliation,4669.23,20649.69,679,4960,32
2024-10-30,Liveintent,Email,3063.8,6804.41,506,11392,13
2024-10-30,Criteo,Display Retargeting,7483.92,30608.72,374,9518,19
2024-10-30,Microsoft Ads,Search,1404.18,12246.88,478,11155,41
2024-10-31,Facebook Ads,Retargeting,34.85,171.25,543,6035,21
2024-10-31,Google Ads,Brand Search,4402.3,20434.46,344,5415,12
2024-10-31,Snapchat Ads,Prospecting,3020.22,9697.97,356,4389,19
2024-10-31,Pinterest Ads,Awareness,4545.49,28100.32,320,5561,16
2024-10-31,Tiktok Ads,Video,103.97,520.48,426,10272,30
2024-10-31,Affiliate,Affiliation,2822.21,19115.38,578,7378,27
2024-10-31,Liveintent,Email,2052.04,14406.14,265,6065,31
2024-10-31,Criteo,Display Retargeting,2062.43,10642.45,618,9822,49
2024-10-31,Microsoft Ads,Search,2412.59,11274.35,413,8776,21
2024-11-01,Facebook Ads,Retargeting,2498.13,12552.02,417,7991,38
2024-11-01,Google Ads,Brand Search,2013.28,9492.46,308,3922,14
2024-11-01,Snapchat Ads,Prospecting,2141.97,7904.25,317,3738,20
2024-11-01,Pinterest Ads,Awareness,8690.55,54939.07,599,15535,37
2024-11-01,Tiktok Ads,Video,2924.79,11545.65,278,4333,13
2024-11-01,Affiliate,Affiliation,1155.5,5587.51,417,9775,43
2024-11-01,Liveintent,Email,2659.01,14138.4,198,4188,10
2024-11-01,Criteo,Display Retargeting,970.95,3143.2,189,6209,16
2024-11-01,Microsoft Ads,Search,439.97,2320.68,380,9876,50
2024-11-02,Facebook Ads,Retargeting,1276.95,5288.36,535,8813,18
2024-11-02,Google Ads,Brand Search,3813.1,13354.54,288,3264,9
2024-11-02,Snapchat Ads,Prospecting,3301.65,16953.36,601,5758,29
2024-11-02,Pinterest Ads,Awareness,431.31,2559.72,521,11124,40
2024-11-02,Tiktok Ads,Video,829.08,2990.68,491,11734,13
2024-11-02,Affiliate,Affiliation,347.83,1375.27,647,8621,24
2024-11-02,Liveintent,Email,8349.83,38923.18,293,4069,24
2024-11-02,Criteo,Display Retargeting,5886.35,17882.17,217,5687,28
2024-11-02,Microsoft Ads,Search,1339.62,7903.87,389,4367,18
2024-11-03,Facebook Ads,Retargeting,3795.72,16060.73,316,7787,16
2024-11-03,Google Ads,Brand Search,3675.08,11113.11,335,4191,12
2024-11-03,Snapchat Ads,Prospecting,1858.61,8219.96,385,7211,9
2024-11-03,Pinterest Ads,Awareness,144.82,638.66,349,8825,19
2024-11-03,Tiktok Ads,Video,1422.32,5596.83,366,6572,13
2024-11-03,Affiliate,Affiliation,2884.12,9118.64,473,8748,25
2024-11-03,Liveintent,Email,2702.41,11837.06,277,6565,19
2024-11-03,Criteo,Display Retargeting,1493.09,4246.7,707,9564,13
2024-11-03,Microsoft Ads,Search,5318.09,26480.34,524,4629,44
2024-11-04,Facebook Ads,Retargeting,714.25,2595.69,511,12440,17
2024-11-04,Google Ads,Brand Search,2658.85,10846.3,289,5376,21
2024-11-04,Snapchat Ads,Prospecting,2442.06,11142.02,241,4263,16
2024-11-04,Pinterest Ads,Awareness,4394.87,23398.93,375,7611,51
2024-11-04,Tiktok Ads,Video,3787.29,16399.89,276,7210,18
2024-11-04,Affiliate,Affiliation,1394.33,6420.65,408,6076,28
2024-11-04,Liveintent,Email,635.13,2207.66,474,4536,38
2024-11-04,Criteo,Display Retargeting,2903.93,16890.25,297,6069,24
2024-11-04,Microsoft Ads,Search,3334.48,17277.72,548,7505,41
2024-11-05,Facebook Ads,Retargeting,790.57,3270.45,422,6241,7
2024-11-05,Google Ads,Brand Search,3826.55,12604.69,328,3304,26
2024-11-05,Snapchat Ads,Prospecting,2319.37,8141.09,317,7561,36
2024-11-05,Pinterest Ads,Awareness,2816.44,13531.68,325,6177,22
2024-11-05,Tiktok Ads,Video,6671.46,23451.67,795,7798,44
2024-11-05,Affiliate,Affiliation,659.22,3860.53,247,5061,12
2024-11-05,Liveintent,Email,66.66,295.63,641,7429,37
2024-11-05,Criteo,Display Retargeting,6543.38,26178.09,472,10341,27
2024-11-05,Microsoft Ads,Search,3313.76,20130.4,800,13077,26
2024-11-06,Facebook Ads,Retargeting,3029.96,16970.34,486,8169,53
2024-11-06,Google Ads,Brand Search,3582.42,21461.38,431,7857,37
2024-11-06,Snapchat Ads,Prospecting,3278.03,21213.3,300,7639,23
2024-11-06,Pinterest Ads,Awareness,7125.4,35568.66,300,3276,22
2024-11-06,Tiktok Ads,Video,1705.1,8386.64,363,8635,31
2024-11-06,Affiliate,Affiliation,964.1,6001.91,469,4069,27
2024-11-06,Liveintent,Email,1124.72,6670.76,504,10672,11
2024-11-06,Criteo,Display Retargeting,394.75,1857.29,323,7028,22
2024-11-06,Microsoft Ads,Search,1726.59,12901.47,352,6565,43
2024-11-07,Facebook Ads,Retargeting,1589.47,6244.93,368,10258,35
2024-11-07,Google Ads,Brand Search,14285.18,79567.41,275,5264,14
2024-11-07,Snapchat Ads,Prospecting,4507.29,26121.38,374,7351,15
2024-11-07,Pinterest Ads,Awareness,5114.81,21797.01,554,4254,40
2024-11-07,Tiktok Ads,Video,2472.41,10403.64,297,8896,21
2024-11-07,Affiliate,Affiliation,230.93,1528.37,641,8769,35
2024-11-07,Liveintent,Email,168.4,528.41,535,4970,24
2024-11-07,Criteo,Display Retargeting,2181.85,10349.15,230,3702,17
2024-11-07,Microsoft Ads,Search,459.64,2084.96,344,6193,14
2024-11-08,Facebook Ads,Retargeting,2140.56,7451.51,513,5112,15
2024-11-08,Google Ads,Brand Search,5266.3,14148.23,331,3074,19
2024-11-08,Snapchat Ads,Prospecting,4200.2,15456.76,483,7977,23
2024-11-08,Pinterest Ads,Awareness,1834.57,11425.77,511,13221,28
2024-11-08,Tiktok Ads,Video,467.24,2117.03,461,9455,26
2024-11-08,Affiliate,Affiliation,3016.71,16419.62,453,6154,32
2024-11-08,Liveintent,Email,3207.14,19310.55,424,8123,22
2024-11-08,Criteo,Display Retargeting,347.52,2157.12,700,11328,49
2024-11-08,Microsoft Ads,Search,2817.74,11685.9,407,4399,21
2024-11-09,Facebook Ads,Retargeting,815.7,2543.52,599,5005,20
2024-11-09,Google Ads,Brand Search,3204.94,7860.33,507,10265,28
2024-11-09,Snapchat Ads,Prospecting,13337.48,62035.1,718,7866,32
2024-11-09,Pinterest Ads,Awareness,40.79,200.52,531,12688,44
2024-11-09,Tiktok Ads,Video,3043.87,20450.41,290,4743,11
2024-11-09,Affiliate,Affiliation,2174.54,8828.27,249,6527,20
2024-11-09,Liveintent,Email,5198.53,16542.07,525,4766,53
2024-11-09,Criteo,Display Retargeting,1339.85,4272.35,677,9930,46
2024-11-09,Microsoft Ads,Search,3709.87,23658.53,407,4251,8
2024-11-10,Facebook Ads,Retargeting,216.35,929.73,250,2768,6
2024-11-10,Google Ads,Brand Search,1281.84,5308.42,204,4381,12
2024-11-10,Snapchat Ads,Prospecting,180.58,733.36,410,3676,26
2024-11-10,Pinterest Ads,Awareness,11873.38,33424.78,123,5824,8
2024-11-10,Tiktok Ads,Video,3815.92,13632.9,400,6263,14
2024-11-10,Affiliate,Affiliation,7343.06,16825.69,447,8328,13
2024-11-10,Liveintent,Email,9016.63,30328.56,300,5412,20
2024-11-10,Criteo,Display Retargeting,185.82,572.33,370,5875,21
2024-11-10,Microsoft Ads,Search,1076.17,6028.0,250,5857,22
2024-11-11,Facebook Ads,Retargeting,343.07,1646.36,211,5892,9
2024-11-11,Google Ads,Brand Search,1137.21,4943.58,401,6653,25
2024-11-11,Snapchat Ads,Prospecting,1141.17,4292.09,397,8038,21
2024-11-11,Pinterest Ads,Awareness,1468.13,10030.57,444,8446,12
2024-11-11,Tiktok Ads,Video,973.05,8129.11,251,7638,18
2024-11-11,Affiliate,Affiliation,459.51,2231.85,546,14558,23
2024-11-11,Liveintent,Email,960.57,3732.23,397,6033,11
2024-11-11,Criteo,Display Retargeting,923.1,2522.74,424,11156,25
2024-11-11,Microsoft Ads,Search,13063.14,42165.13,458,6752,20
2024-11-12,Facebook Ads,Retargeting,1684.61,17972.87,548,14582,48
2024-11-12,Google Ads,Brand Search,13781.63,53536.06,277,4716,12
2024-11-12,Snapchat Ads,Prospecting,1555.39,7300.34,328,12497,17
2024-11-12,Pinterest Ads,Awareness,796.38,2383.36,423,15049,32
2024-11-12,Tiktok Ads,Video,3339.18,21213.1,231,5007,12
2024-11-12,Affiliate,Affiliation,994.32,3969.39,465,12400,19
2024-11-12,Liveintent,Email,1188.05,4543.39,201,2873,11
2024-11-12,Criteo,Display Retargeting,852.06,1987.09,305,4580,12
2024-11-12,Microsoft Ads,Search,304.83,394.6,278,5370,26
2024-11-13,Facebook Ads,Retargeting,1529.65,8137.32,439,11648,23
2024-11-13,Google Ads,Brand Search,1913.83,14606.96,322,11560,21
2024-11-13,Snapchat Ads,Prospecting,5392.5,28577.58,409,7314,16
2024-11-13,Pinterest Ads,Awareness,238.22,1807.32,323,10986,23
2024-11-13,Tiktok Ads,Video,1100.26,3571.18,532,9357,40
2024-11-13,Affiliate,Affiliation,9336.14,26169.85,457,5430,32
2024-11-13,Liveintent,Email,876.87,4614.07,371,12478,41
2024-11-13,Criteo,Display Retargeting,1640.2,7795.1,325,8484,33
2024-11-13,Microsoft Ads,Search,9111.26,31230.64,372,3107,5
2024-11-14,Facebook Ads,Retargeting,995.0,2304.33,366,6052,19
2024-11-14,Google Ads,Brand Search,393.83,1670.73,366,3026,23
2024-11-14,Snapchat Ads,Prospecting,3635.79,17763.05,674,10123,26
2024-11-14,Pinterest Ads,Awareness,1458.96,8972.94,764,19304,14
2024-11-14,Tiktok Ads,Video,5656.94,22180.46,272,7595,23
2024-11-14,Affiliate,Affiliation,8091.95,38910.91,363,5257,22
2024-11-14,Liveintent,Email,740.58,5173.98,377,18163,33
2024-11-14,Criteo,Display Retargeting,5737.32,28555.71,654,9796,37
2024-11-14,Microsoft Ads,Search,4695.0,11805.88,337,6065,26
2024-11-15,Facebook Ads,Retargeting,1134.77,4250.84,556,14078,19
2024-11-15,Google Ads,Brand Search,5102.7,24430.51,422,6362,18
2024-11-15,Snapchat Ads,Prospecting,2365.74,8101.22,500,9745,35
2024-11-15,Pinterest Ads,Awareness,2952.58,17817.9,480,6902,38
2024-11-15,Tiktok Ads,Video,608.81,2312.92,454,9730,33
2024-11-15,Affiliate,Affiliation,4144.72,17552.86,628,6598,25
2024-11-15,Liveintent,Email,2351.94,7536.07,379,8359,18
2024-11-15,Criteo,Display Retargeting,10720.68,73616.56,475,9852,17
2024-11-15,Microsoft Ads,Search,409.93,2590.11,718,8232,22
2024-11-16,Facebook Ads,Retargeting,875.51,3433.43,235,3380,22
2024-11-16,Google Ads,Brand Search,1601.76,5194.95,676,5151,30
2024-11-16,Snapchat Ads,Prospecting,2713.64,17054.16,365,2846,17
2024-11-16,Pinterest Ads,Awareness,2032.66,6274.55,219,3968,11
2024-11-16,Tiktok Ads,Video,2492.65,14546.01,379,6916,20
2024-11-16,Affiliate,Affiliation,3844.1,10846.15,304,2933,10
2024-11-16,Liveintent,Email,4434.93,38663.31,442,7361,11
2024-11-16,Criteo,Display Retargeting,963.08,5591.94,228,5645,10
2024-11-16,Microsoft Ads,Search,1853.62,9735.6,420,7906,24
2024-11-17,Facebook Ads,Retargeting,3969.26,13826.96,225,2520,16
2024-11-17,Google Ads,Brand Search,10593.53,52771.09,574,9210,41
2024-11-17,Snapchat Ads,Prospecting,5436.57,16852.08,361,7001,21
2024-11-17,Pinterest Ads,Awareness,947.45,5491.89,369,3680,33
2024-11-17,Tiktok Ads,Video,347.35,1351.77,347,9724,26
2024-11-17,Affiliate,Affiliation,1959.23,3287.29,254,8891,38
2024-11-17,Liveintent,Email,1211.35,5501.37,461,14567,24
2024-11-17,Criteo,Display Retargeting,1193.32,5368.29,471,5918,47
2024-11-17,Microsoft Ads,Search,1080.18,6267.44,276,3046,15
2024-11-18,Facebook Ads,Retargeting,6319.62,25642.13,297,6849,30
2024-11-18,Google Ads,Brand Search,1658.22,6568.03,207,4977,11
2024-11-18,Snapchat Ads,Prospecting,7994.7,21265.52,792,7509,45
2024-11-18,Pinterest Ads,Awareness,2505.66,6894.67,317,2537,12
2024-11-18,Tiktok Ads,Video,1346.15,4766.72,408,3636,21
2024-11-18,Affiliate,Affiliation,2642.79,7560.52,434,8134,29
2024-11-18,Liveintent,Email,3336.19,23663.45,451,4052,29
2024-11-18,Criteo,Display Retargeting,494.02,1834.75,539,12036,34
2024-11-18,Microsoft Ads,Search,826.68,4605.24,318,6836,15
2024-11-19,Facebook Ads,Retargeting,8613.94,48911.88,324,4678,20
2024-11-19,Google Ads,Brand Search,986.07,4107.89,606,4695,35
2024-11-19,Snapchat Ads,Prospecting,3152.37,17201.41,313,2641,17
2024-11-19,Pinterest Ads,Awareness,2696.1,7480.85,347,4693,13
2024-11-19,Tiktok Ads,Video,2087.23,11834.9,334,8765,29
2024-11-19,Affiliate,Affiliation,3775.57,16858.03,219,5118,14
2024-11-19,Liveintent,Email,1267.43,5223.04,522,9671,18
2024-11-19,Criteo,Display Retargeting,3660.47,14067.32,425,7290,35
2024-11-19,Microsoft Ads,Search,1417.39,8266.18,509,7578,28
2024-11-20,Facebook Ads,Retargeting,5539.78,26765.08,413,3949,42
2024-11-20,Google Ads,Brand Search,898.82,4541.17,574,6136,17
2024-11-20,Snapchat Ads,Prospecting,6574.48,21002.17,275,4615,24
2024-11-20,Pinterest Ads,Awareness,1091.84,4813.27,485,6638,13
2024-11-20,Tiktok Ads,Video,2230.1,6938.94,287,3972,10
2024-11-20,Affiliate,Affiliation,1523.2,8363.15,521,9753,19
2024-11-20,Liveintent,Email,1017.54,4055.52,458,4515,32
2024-11-20,Criteo,Display Retargeting,10731.18,35208.62,264,5114,21
2024-11-20,Microsoft Ads,Search,1399.26,6762.97,280,7547,19
2024-11-21,Facebook Ads,Retargeting,7882.67,23161.36,327,3980,13
2024-11-21,Google Ads,Brand Search,12230.96,45269.52,532,8246,23
2024-11-21,Snapchat Ads,Prospecting,2951.06,8982.79,455,13786,33
2024-11-21,Pinterest Ads,Awareness,331.5,1255.84,386,5014,29
2024-11-21,Tiktok Ads,Video,1088.16,8763.91,479,10988,32
2024-11-21,Affiliate,Affiliation,3952.63,22127.79,453,6379,26
2024-11-21,Liveintent,Email,1365.95,5808.66,419,11650,34
2024-11-21,Criteo,Display Retargeting,328.71,1053.37,596,6752,44
2024-11-21,Microsoft Ads,Search,2073.64,11163.03,160,6132,9
2024-11-22,Facebook Ads,Retargeting,3436.76,24027.18,491,7749,34
2024-11-22,Google Ads,Brand Search,3000.62,15729.0,165,5247,15
2024-11-22,Snapchat Ads,Prospecting,625.9,2231.67,260,4334,13
2024-11-22,Pinterest Ads,Awareness,2370.93,12656.61,299,7239,19
2024-11-22,Tiktok Ads,Video,781.61,2405.95,453,5605,26
2024-11-22,Affiliate,Affiliation,684.73,2790.96,407,9717,36
2024-11-22,Liveintent,Email,5635.89,35603.33,445,12564,45
2024-11-22,Criteo,Display Retargeting,1096.96,4179.88,245,4337,19
2024-11-22,Microsoft Ads,Search,1234.59,4046.16,310,5361,9
2024-11-23,Facebook Ads,Retargeting,1.96,9.29,530,6499,26
2024-11-23,Google Ads,Brand Search,7518.25,15496.6,265,2916,17
2024-11-23,Snapchat Ads,Prospecting,3429.61,29774.39,286,6540,21
2024-11-23,Pinterest Ads,Awareness,3432.86,15231.48,332,8120,28
2024-11-23,Tiktok Ads,Video,4213.8,15475.73,454,5902,24
2024-11-23,Affiliate,Affiliation,516.46,2058.09,260,5772,21
2024-11-23,Liveintent,Email,1744.17,8952.12,442,7637,28
2024-11-23,Criteo,Display Retargeting,1711.54,5605.73,502,4592,24
2024-11-23,Microsoft Ads,Search,278.39,1491.23,401,10876,25
2024-11-24,Facebook Ads,Retargeting,1314.85,10172.5,401,5031,20
2024-11-24,Google Ads,Brand Search,4448.37,24537.7,377,4166,10
2024-11-24,Snapchat Ads,Prospecting,210.25,686.5,326,6771,19
2024-11-24,Pinterest Ads,Awareness,1464.04,4406.06,408,9977,27
2024-11-24,Tiktok Ads,Video,502.22,4159.83,313,3294,16
2024-11-24,Affiliate,Affiliation,763.96,4969.33,296,6672,14
2024-11-24,Liveintent,Email,7038.99,30451.82,584,7431,29
2024-11-24,Criteo,Display Retargeting,1895.9,7885.33,371,5477,16
2024-11-24,Microsoft Ads,Search,2119.78,10769.85,299,4639,13
2024-11-25,Facebook Ads,Retargeting,2274.0,20241.11,483,10968,18
2024-11-25,Google Ads,Brand Search,432.21,1653.66,258,6052,14
2024-11-25,Snapchat Ads,Prospecting,1770.02,5464.39,454,13284,26
2024-11-25,Pinterest Ads,Awareness,1151.25,5082.1,287,6319,46
2024-11-25,Tiktok Ads,Video,2047.78,10192.52,418,10056,26
2024-11-25,Affiliate,Affiliation,14001.07,58211.49,453,7206,52
2024-11-25,Liveintent,Email,2858.0,13467.37,392,8902,15
2024-11-25,Criteo,Display Retargeting,994.56,6465.44,499,8732,17
2024-11-25,Microsoft Ads,Search,4911.7,15439.99,664,10158,22
2024-11-26,Facebook Ads,Retargeting,798.61,4167.84,363,9142,26
2024-11-26,Google Ads,Brand Search,95.0,624.06,424,16933,33
2024-11-26,Snapchat Ads,Prospecting,750.92,5457.94,319,4825,14
2024-11-26,Pinterest Ads,Awareness,1635.73,6266.71,487,4892,20
2024-11-26,Tiktok Ads,Video,3287.29,14724.02,624,7658,20
2024-11-26,Affiliate,Affiliation,1729.25,8372.42,544,4915,13
2024-11-26,Liveintent,Email,7717.94,45511.78,568,5325,44
2024-11-26,Criteo,Display Retargeting,3086.24,17242.65,388,6189,38
2024-11-26,Microsoft Ads,Search,2095.21,4984.04,507,10315,22
2024-11-27,Facebook Ads,Retargeting,428.78,1941.54,428,10695,32
2024-11-27,Google Ads,Brand Search,220.56,1343.09,467,6567,21
2024-11-27,Snapchat Ads,Prospecting,4940.98,18409.95,383,8763,16
2024-11-27,Pinterest Ads,Awareness,4628.83,13826.18,305,3789,20
2024-11-27,Tiktok Ads,Video,11293.99,59884.4,327,3335,8
2024-11-27,Affiliate,Affiliation,1338.95,6013.96,521,9744,42
2024-11-27,Liveintent,Email,253.29,1026.29,275,5100,16
2024-11-27,Criteo,Display Retargeting,3613.8,17418.91,352,4195,11
2024-11-27,Microsoft Ads,Search,1816.25,8064.67,356,6026,34
2024-11-28,Facebook Ads,Retargeting,240.18,1435.1,219,5417,23
2024-11-28,Google Ads,Brand Search,5764.5,41099.6,435,11223,46
2024-11-28,Snapchat Ads,Prospecting,742.71,1464.27,473,11792,38
2024-11-28,Pinterest Ads,Awareness,5366.9,15942.38,453,13060,24
2024-11-28,Tiktok Ads,Video,2089.47,3650.77,468,10922,50
2024-11-28,Affiliate,Affiliation,820.76,3825.4,449,4733,18
2024-11-28,Liveintent,Email,3796.88,12676.44,253,4403,13
2024-11-28,Criteo,Display Retargeting,6392.81,37112.88,451,8479,23
2024-11-28,Microsoft Ads,Search,3176.21,9916.13,339,3172,18
2024-11-29,Facebook Ads,Retargeting,5573.04,27930.28,443,8109,23
2024-11-29,Google Ads,Brand Search,394.92,1837.98,313,3276,33
2024-11-29,Snapchat Ads,Prospecting,3936.89,19174.29,403,10278,46
2024-11-29,Pinterest Ads,Awareness,1071.49,6414.73,170,6470,14
2024-11-29,Tiktok Ads,Video,3031.71,16962.2,647,6337,36
2024-11-29,Affiliate,Affiliation,2966.58,12567.51,436,12080,35
2024-11-29,Liveintent,Email,6962.84,36797.39,558,9226,21
2024-11-29,Criteo,Display Retargeting,1350.6,6278.07,345,7878,29
2024-11-29,Microsoft Ads,Search,251.07,692.72,295,4717,11
2024-11-30,Facebook Ads,Retargeting,60.41,168.21,414,5749,32
2024-11-30,Google Ads,Brand Search,6087.65,17036.15,557,3473,31
2024-11-30,Snapchat Ads,Prospecting,2239.81,8784.84,359,5771,42
2024-11-30,Pinterest Ads,Awareness,3383.93,11017.94,193,3909,18
2024-11-30,Tiktok Ads,Video,687.06,3937.51,397,8918,25
2024-11-30,Affiliate,Affiliation,1122.24,5047.59,493,17721,33
2024-11-30,Liveintent,Email,90.99,229.74,439,7618,36
2024-11-30,Criteo,Display Retargeting,7354.69,26197.91,558,15307,40
2024-11-30,Microsoft Ads,Search,2676.53,20536.58,223,6312,16
2024-12-01,Facebook Ads,Retargeting,2615.26,23922.07,652,7240,19
2024-12-01,Google Ads,Brand Search,677.2,2954.67,724,7195,50
2024-12-01,Snapchat Ads,Prospecting,1828.57,10657.59,563,13531,31
2024-12-01,Pinterest Ads,Awareness,848.22,9619.08,707,12961,43
2024-12-01,Tiktok Ads,Video,708.12,3173.82,223,4365,5
2024-12-01,Affiliate,Affiliation,3666.33,19321.23,366,7313,25
2024-12-01,Liveintent,Email,3997.48,34635.59,373,6359,17
2024-12-01,Criteo,Display Retargeting,2191.53,23088.01,521,7456,46
2024-12-01,Microsoft Ads,Search,3013.91,8944.38,318,5291,27
2024-12-02,Facebook Ads,Retargeting,750.62,4020.67,589,12038,12
2024-12-02,Google Ads,Brand Search,646.0,3639.36,426,9647,33
2024-12-02,Snapchat Ads,Prospecting,7135.75,46440.43,504,4481,16
2024-12-02,Pinterest Ads,Awareness,23.96,92.01,268,8049,9
2024-12-02,Tiktok Ads,Video,2337.3,11006.57,611,10120,38
2024-12-02,Affiliate,Affiliation,2219.85,11197.04,415,11602,37
2024-12-02,Liveintent,Email,2274.36,10254.61,538,9367,56
2024-12-02,Criteo,Display Retargeting,7018.45,47131.99,291,7118,13
2024-12-02,Microsoft Ads,Search,1223.23,4986.17,386,7906,29
2024-12-03,Facebook Ads,Retargeting,1259.32,6625.18,503,5374,27
2024-12-03,Google Ads,Brand Search,285.35,1346.69,715,10189,49
2024-12-03,Snapchat Ads,Prospecting,2593.3,10621.95,408,10361,25
2024-12-03,Pinterest Ads,Awareness,1691.48,5659.64,423,6686,12
2024-12-03,Tiktok Ads,Video,1698.83,11569.77,376,7934,19
2024-12-03,Affiliate,Affiliation,9401.96,33872.59,227,4072,20
2024-12-03,Liveintent,Email,9747.08,79156.88,671,8503,34
2024-12-03,Criteo,Display Retargeting,704.83,4567.93,281,7868,27
2024-12-03,Microsoft Ads,Search,2622.11,12399.42,594,10196,27
2024-12-04,Facebook Ads,Retargeting,9927.0,57002.95,593,10755,61
2024-12-04,Google Ads,Brand Search,272.98,756.67,253,4249,9
2024-12-04,Snapchat Ads,Prospecting,342.88,1768.91,424,7747,25
2024-12-04,Pinterest Ads,Awareness,989.19,2931.45,178,6339,16
2024-12-04,Tiktok Ads,Video,4325.59,17361.68,487,4036,22
2024-12-04,Affiliate,Affiliation,456.64,2909.46,521,11040,18
2024-12-04,Liveintent,Email,11687.31,42113.59,369,8315,25
2024-12-04,Criteo,Display Retargeting,1196.77,9469.85,401,8597,31
2024-12-04,Microsoft Ads,Search,2890.0,10599.03,527,5340,47
2024-12-05,Facebook Ads,Retargeting,722.46,2131.13,545,5820,19
2024-12-05,Google Ads,Brand Search,1402.18,4933.8,382,7509,36
2024-12-05,Snapchat Ads,Prospecting,3218.31,8179.32,665,17253,29
2024-12-05,Pinterest Ads,Awareness,4053.86,17944.83,519,5680,29
2024-12-05,Tiktok Ads,Video,2891.92,20538.46,637,10287,42
2024-12-05,Affiliate,Affiliation,1970.18,10913.03,612,5373,25
2024-12-05,Liveintent,Email,6425.29,16539.94,256,3014,8
2024-12-05,Criteo,Display Retargeting,5757.79,23486.02,500,8414,56
2024-12-05,Microsoft Ads,Search,3209.86,11988.33,317,4059,13
2024-12-06,Facebook Ads,Retargeting,158.23,745.5,405,6752,40
2024-12-06,Google Ads,Brand Search,22.54,100.13,324,7205,16
2024-12-06,Snapchat Ads,Prospecting,697.27,4289.19,319,10383,42
2024-12-06,Pinterest Ads,Awareness,3282.55,11579.55,760,12075,24
2024-12-06,Tiktok Ads,Video,1726.12,6124.67,415,8270,17
2024-12-06,Affiliate,Affiliation,1813.43,3762.73,542,6184,54
2024-12-06,Liveintent,Email,5769.77,32099.68,487,12764,33
2024-12-06,Criteo,Display Retargeting,6932.98,25854.43,370,12335,40
2024-12-06,Microsoft Ads,Search,8146.61,34077.1,341,4765,20
2024-12-07,Facebook Ads,Retargeting,1973.22,7781.97,226,2190,13
2024-12-07,Google Ads,Brand Search,7454.7,27905.08,526,8805,61
2024-12-07,Snapchat Ads,Prospecting,2124.98,4937.7,615,5561,46
2024-12-07,Pinterest Ads,Awareness,1161.38,4732.11,351,12877,15
2024-12-07,Tiktok Ads,Video,1458.89,7687.61,323,9415,14
2024-12-07,Affiliate,Affiliation,2556.69,11150.45,581,11813,25
2024-12-07,Liveintent,Email,2500.24,21297.06,395,5545,27
2024-12-07,Criteo,Display Retargeting,11257.72,47336.92,599,5512,23
2024-12-07,Microsoft Ads,Search,741.14,3769.71,377,7561,17
2024-12-08,Facebook Ads,Retargeting,7702.4,31231.8,450,13758,25
2024-12-08,Google Ads,Brand Search,4624.72,29441.13,305,2146,13
2024-12-08,Snapchat Ads,Prospecting,2222.86,7927.29,315,6476,5
2024-12-08,Pinterest Ads,Awareness,3379.5,19476.11,399,5392,24
2024-12-08,Tiktok Ads,Video,1906.33,10147.72,520,7416,14
2024-12-08,Affiliate,Affiliation,3570.15,19566.01,289,7606,13
2024-12-08,Liveintent,Email,3865.43,11090.11,214,4926,12
2024-12-08,Criteo,Display Retargeting,834.79,5930.24,427,5416,19
2024-12-08,Microsoft Ads,Search,809.54,2670.28,407,11440,36
2024-12-09,Facebook Ads,Retargeting,1121.95,5536.18,339,11714,12
2024-12-09,Google Ads,Brand Search,3725.67,30177.5,495,9138,36
2024-12-09,Snapchat Ads,Prospecting,708.53,4354.74,404,3965,31
2024-12-09,Pinterest Ads,Awareness,3279.22,6686.41,392,7221,22
2024-12-09,Tiktok Ads,Video,1500.14,9907.61,485,12561,18
2024-12-09,Affiliate,Affiliation,4126.54,23497.48,405,12155,24
2024-12-09,Liveintent,Email,3637.37,19696.58,510,7354,49
2024-12-09,Criteo,Display Retargeting,1339.44,7345.15,466,2538,17
2024-12-09,Microsoft Ads,Search,2380.76,9343.71,401,4638,12
2024-12-10,Facebook Ads,Retargeting,5535.3,26609.51,412,5328,21
2024-12-10,Google Ads,Brand Search,1347.05,8488.6,324,5637,23
2024-12-10,Snapchat Ads,Prospecting,1569.41,4805.99,225,6376,15
2024-12-10,Pinterest Ads,Awareness,30.75,102.14,420,5241,18
2024-12-10,Tiktok Ads,Video,7733.85,31334.7,654,12010,51
2024-12-10,Affiliate,Affiliation,5810.36,28038.15,492,13064,21
2024-12-10,Liveintent,Email,406.17,1405.59,319,3842,15
2024-12-10,Criteo,Display Retargeting,2982.98,10567.09,317,7510,16
2024-12-10,Microsoft Ads,Search,2053.81,10735.96,287,3771,22
2024-12-11,Facebook Ads,Retargeting,478.88,1084.96,388,8580,30
2024-12-11,Google Ads,Brand Search,13266.87,36964.04,251,6534,11
2024-12-11,Snapchat Ads,Prospecting,659.99,3713.67,767,4094,39
2024-12-11,Pinterest Ads,Awareness,174.31,624.24,277,6290,39
2024-12-11,Tiktok Ads,Video,3326.74,18113.63,423,9020,9
2024-12-11,Affiliate,Affiliation,4602.65,21680.73,228,7826,27
2024-12-11,Liveintent,Email,124.64,212.58,372,5828,23
2024-12-11,Criteo,Display Retargeting,3556.68,14292.25,361,7749,20
2024-12-11,Microsoft Ads,Search,2975.82,11132.28,358,10161,25
2024-12-12,Facebook Ads,Retargeting,238.37,965.46,449,10207,24
2024-12-12,Google Ads,Brand Search,400.6,2338.87,350,5720,29
2024-12-12,Snapchat Ads,Prospecting,1805.7,7424.69,423,4034,27
2024-12-12,Pinterest Ads,Awareness,553.02,2968.95,378,5543,21
2024-12-12,Tiktok Ads,Video,4507.2,15422.93,302,3920,19
2024-12-12,Affiliate,Affiliation,3825.9,13150.25,247,4625,7
2024-12-12,Liveintent,Email,7808.23,30005.44,631,8444,46
2024-12-12,Criteo,Display Retargeting,717.06,3173.62,544,6292,39
2024-12-12,Microsoft Ads,Search,6682.15,25374.96,599,7354,32
2024-12-13,Facebook Ads,Retargeting,2881.31,13578.18,344,5921,22
2024-12-13,Google Ads,Brand Search,2560.89,12230.78,262,3124,17
2024-12-13,Snapchat Ads,Prospecting,268.48,1382.73,624,5235,31
2024-12-13,Pinterest Ads,Awareness,441.57,2164.66,604,12110,32
2024-12-13,Tiktok Ads,Video,6808.38,39357.0,307,8445,17
2024-12-13,Affiliate,Affiliation,3118.49,14018.57,481,7355,24
2024-12-13,Liveintent,Email,1315.29,5443.78,517,5700,25
2024-12-13,Criteo,Display Retargeting,3266.99,25084.16,276,3565,26
2024-12-13,Microsoft Ads,Search,1264.98,10274.36,661,6005,41
2024-12-14,Facebook Ads,Retargeting,2513.47,12780.46,497,5260,23
2024-12-14,Google Ads,Brand Search,1162.37,6709.32,418,8058,9
2024-12-14,Snapchat Ads,Prospecting,4697.85,21321.07,188,3909,17
2024-12-14,Pinterest Ads,Awareness,6663.73,31593.94,383,5921,13
2024-12-14,Tiktok Ads,Video,1801.95,5165.66,623,10625,25
2024-12-14,Affiliate,Affiliation,839.88,4157.81,600,13795,35
2024-12-14,Liveintent,Email,1096.56,6633.93,516,6057,15
2024-12-14,Criteo,Display Retargeting,5279.34,18992.83,709,13192,29
2024-12-14,Microsoft Ads,Search,804.54,4760.53,633,10425,29
2024-12-15,Facebook Ads,Retargeting,769.23,2574.68,678,10151,23
2024-12-15,Google Ads,Brand Search,263.33,965.52,445,5875,11
2024-12-15,Snapchat Ads,Prospecting,2298.82,14827.95,332,6414,26
2024-12-15,Pinterest Ads,Awareness,2348.47,6245.17,417,13375,16
2024-12-15,Tiktok Ads,Video,5802.91,26900.35,500,11144,32
2024-12-15,Affiliate,Affiliation,799.79,3674.0,250,3845,30
2024-12-15,Liveintent,Email,1421.79,8457.08,656,6761,43
2024-12-15,Criteo,Display Retargeting,5847.28,29101.01,465,6174,18
2024-12-15,Microsoft Ads,Search,5984.84,22392.66,288,5816,19
2024-12-16,Facebook Ads,Retargeting,1563.78,6958.31,605,8853,24
2024-12-16,Google Ads,Brand Search,1495.18,9445.83,292,6506,15
2024-12-16,Snapchat Ads,Prospecting,510.78,3523.24,524,6972,34
2024-12-16,Pinterest Ads,Awareness,8259.13,39316.29,520,12765,45
2024-12-16,Tiktok Ads,Video,332.32,1639.32,459,8145,42
2024-12-16,Affiliate,Affiliation,10653.3,21162.75,373,4162,27
2024-12-16,Liveintent,Email,3213.4,14115.38,638,7738,49
2024-12-16,Criteo,Display Retargeting,1985.68,12426.06,571,4215,36
2024-12-16,Microsoft Ads,Search,117.95,452.97,387,11280,23
2024-12-17,Facebook Ads,Retargeting,1536.71,10180.59,213,2326,18
2024-12-17,Google Ads,Brand Search,1970.53,5613.26,500,7758,19
2024-12-17,Snapchat Ads,Prospecting,520.54,2077.51,517,4527,36
2024-12-17,Pinterest Ads,Awareness,3367.95,9005.76,432,9181,28
2024-12-17,Tiktok Ads,Video,11306.39,35867.7,645,10774,41
2024-12-17,Affiliate,Affiliation,1555.93,9610.88,371,12966,18
2024-12-17,Liveintent,Email,3544.73,19297.79,757,6809,43
2024-12-17,Criteo,Display Retargeting,156.51,1189.33,471,8342,32
2024-12-17,Microsoft Ads,Search,1674.44,5266.36,412,5345,20
2024-12-18,Facebook Ads,Retargeting,540.6,1693.97,434,16914,30
2024-12-18,Google Ads,Brand Search,2624.05,8181.36,292,8895,13
2024-12-18,Snapchat Ads,Prospecting,10317.08,51550.49,245,4125,13
2024-12-18,Pinterest Ads,Awareness,2709.28,16413.24,447,7100,20
2024-12-18,Tiktok Ads,Video,239.21,1066.67,494,5301,29
2024-12-18,Affiliate,Affiliation,1741.2,6257.11,545,12623,34
2024-12-18,Liveintent,Email,2149.46,10450.41,382,9436,33
2024-12-18,Criteo,Display Retargeting,1874.43,3796.78,281,4634,15
2024-12-18,Microsoft Ads,Search,4472.76,23909.37,589,8948,27
2024-12-19,Facebook Ads,Retargeting,6243.25,23226.91,337,10057,33
2024-12-19,Google Ads,Brand Search,3969.93,14247.09,257,3401,27
2024-12-19,Snapchat Ads,Prospecting,1650.01,10036.14,577,7171,12
2024-12-19,Pinterest Ads,Awareness,1143.71,4358.58,414,5053,36
2024-12-19,Tiktok Ads,Video,459.5,3033.62,363,9065,15
2024-12-19,Affiliate,Affiliation,1899.3,8652.89,334,8712,17
2024-12-19,Liveintent,Email,1772.12,12149.99,376,10223,29
2024-12-19,Criteo,Display Retargeting,6298.7,25739.56,94,8481,30
2024-12-19,Microsoft Ads,Search,4442.99,28693.26,724,15239,21
2024-12-20,Facebook Ads,Retargeting,263.76,1442.03,515,9899,25
2024-12-20,Google Ads,Brand Search,2295.59,8564.84,281,5532,13
2024-12-20,Snapchat Ads,Prospecting,876.74,4710.89,446,9030,49
2024-12-20,Pinterest Ads,Awareness,599.8,2573.8,268,4088,20
2024-12-20,Tiktok Ads,Video,10156.42,31801.31,670,9914,37
2024-12-20,Affiliate,Affiliation,76.37,871.75,738,7830,43
2024-12-20,Liveintent,Email,2983.59,8976.13,244,4505,13
2024-12-20,Criteo,Display Retargeting,887.13,4690.68,636,9307,27
2024-12-20,Microsoft Ads,Search,10672.62,33290.5,363,2350,16
2024-12-21,Facebook Ads,Retargeting,1871.35,8177.09,417,8174,34
2024-12-21,Google Ads,Brand Search,485.26,2453.88,322,6475,15
2024-12-21,Snapchat Ads,Prospecting,1034.44,6512.69,321,5298,20
2024-12-21,Pinterest Ads,Awareness,2423.21,11246.04,506,6157,45
2024-12-21,Tiktok Ads,Video,7884.51,25019.34,467,14777,21
2024-12-21,Affiliate,Affiliation,384.33,1862.14,426,11105,13
2024-12-21,Liveintent,Email,3773.99,15607.5,436,5258,17
2024-12-21,Criteo,Display Retargeting,5160.76,28639.26,267,2815,11
2024-12-21,Microsoft Ads,Search,5134.21,25512.99,304,6256,18
2024-12-22,Facebook Ads,Retargeting,2665.59,17312.19,250,3597,23
2024-12-22,Google Ads,Brand Search,2622.36,11406.7,247,2799,27
2024-12-22,Snapchat Ads,Prospecting,1796.92,5717.59,485,10077,29
2024-12-22,Pinterest Ads,Awareness,3672.18,18753.22,420,4059,12
2024-12-22,Tiktok Ads,Video,2035.46,6311.23,384,4932,10
2024-12-22,Affiliate,Affiliation,2985.94,15285.48,484,11514,36
2024-12-22,Liveintent,Email,1184.31,5350.03,366,4690,49
2024-12-22,Criteo,Display Retargeting,4552.7,10217.21,722,8069,29
2024-12-22,Microsoft Ads,Search,5205.68,24744.6,197,4208,16
2024-12-23,Facebook Ads,Retargeting,491.31,925.94,572,17614,27
2024-12-23,Google Ads,Brand Search,6367.95,23791.53,418,5134,29
2024-12-23,Snapchat Ads,Prospecting,1563.51,7667.8,276,3714,20
2024-12-23,Pinterest Ads,Awareness,4077.18,28031.66,311,8281,11
2024-12-23,Tiktok Ads,Video,1389.17,6258.34,550,12261,43
2024-12-23,Affiliate,Affiliation,792.03,7094.34,500,11817,37
2024-12-23,Liveintent,Email,6504.92,28055.53,459,7302,28
2024-12-23,Criteo,Display Retargeting,634.7,4073.94,404,7960,27
2024-12-23,Microsoft Ads,Search,5178.58,27713.26,250,5833,20
2024-12-24,Facebook Ads,Retargeting,2256.07,10460.75,283,13610,23
2024-12-24,Google Ads,Brand Search,2134.68,15609.39,671,8618,56
2024-12-24,Snapchat Ads,Prospecting,793.43,5261.83,338,5780,43
2024-12-24,Pinterest Ads,Awareness,2779.04,11864.85,455,10481,24
2024-12-24,Tiktok Ads,Video,1417.29,4455.43,290,3723,20
2024-12-24,Affiliate,Affiliation,103.95,471.17,469,7080,28
2024-12-24,Liveintent,Email,1156.47,5407.55,237,4044,7
2024-12-24,Criteo,Display Retargeting,18.97,57.09,577,6732,41
2024-12-24,Microsoft Ads,Search,13261.57,60775.13,373,10506,15
2024-12-25,Facebook Ads,Retargeting,5942.5,26285.84,295,8321,13
2024-12-25,Google Ads,Brand Search,962.18,2737.75,342,9099,30
2024-12-25,Snapchat Ads,Prospecting,2217.04,13326.04,679,11625,20
2024-12-25,Pinterest Ads,Awareness,916.29,4399.99,286,6226,34
2024-12-25,Tiktok Ads,Video,1419.72,9934.12,615,4138,17
2024-12-25,Affiliate,Affiliation,3085.34,17802.03,756,9857,46
2024-12-25,Liveintent,Email,5004.15,27826.77,430,8486,15
2024-12-25,Criteo,Display Retargeting,1177.41,6555.14,341,9232,14
2024-12-25,Microsoft Ads,Search,3426.93,7580.89,501,9448,14
2024-12-26,Facebook Ads,Retargeting,1034.82,6575.8,352,8878,24
2024-12-26,Google Ads,Brand Search,9752.74,58161.09,452,8206,30
2024-12-26,Snapchat Ads,Prospecting,95.22,410.2,567,10875,34
2024-12-26,Pinterest Ads,Awareness,2032.64,10203.57,241,5724,19
2024-12-26,Tiktok Ads,Video,2830.08,15716.76,346,4083,18
2024-12-26,Affiliate,Affiliation,3105.4,13554.35,295,6521,23
2024-12-26,Liveintent,Email,348.27,1271.03,539,4104,13
2024-12-26,Criteo,Display Retargeting,6273.05,33930.46,377,9208,48
2024-12-26,Microsoft Ads,Search,560.39,2448.14,337,5122,20
2024-12-27,Facebook Ads,Retargeting,6479.32,26080.46,249,6206,17
2024-12-27,Google Ads,Brand Search,1443.93,5709.84,156,2966,8
2024-12-27,Snapchat Ads,Prospecting,2241.94,7500.0,603,11885,39
2024-12-27,Pinterest Ads,Awareness,5135.34,18851.85,708,6337,44
2024-12-27,Tiktok Ads,Video,2732.56,14278.66,711,12073,13
2024-12-27,Affiliate,Affiliation,1151.49,5073.01,255,7668,33
2024-12-27,Liveintent,Email,1131.46,3436.78,631,7367,34
2024-12-27,Criteo,Display Retargeting,2636.81,20907.68,259,5615,12
2024-12-27,Microsoft Ads,Search,8817.73,29246.58,458,6561,24
2024-12-28,Facebook Ads,Retargeting,9246.23,43477.88,280,7115,10
2024-12-28,Google Ads,Brand Search,369.13,1702.18,593,12704,43
2024-12-28,Snapchat Ads,Prospecting,1980.37,11931.46,248,2795,17
2024-12-28,Pinterest Ads,Awareness,339.3,2038.49,198,7093,11
2024-12-28,Tiktok Ads,Video,68.92,214.23,349,8677,19
2024-12-28,Affiliate,Affiliation,5350.15,21908.13,447,13442,17
2024-12-28,Liveintent,Email,2717.98,22987.36,335,12511,33
2024-12-28,Criteo,Display Retargeting,772.74,4972.93,573,6727,18
2024-12-28,Microsoft Ads,Search,1371.89,7354.76,537,13049,24
2024-12-29,Facebook Ads,Retargeting,43.92,292.13,274,4862,24
2024-12-29,Google Ads,Brand Search,3515.02,21678.92,238,5779,25
2024-12-29,Snapchat Ads,Prospecting,9379.58,42287.63,453,7486,24
2024-12-29,Pinterest Ads,Awareness,368.99,1862.06,316,2892,30
2024-12-29,Tiktok Ads,Video,361.94,2805.69,526,10455,41
2024-12-29,Affiliate,Affiliation,3621.33,21033.09,597,7993,30
2024-12-29,Liveintent,Email,5759.96,23299.78,614,14266,28
2024-12-29,Criteo,Display Retargeting,1310.88,5694.5,244,3579,17
2024-12-29,Microsoft Ads,Search,110.99,610.49,455,10256,28
2024-12-30,Facebook Ads,Retargeting,268.12,1072.57,369,11284,25
2024-12-30,Google Ads,Brand Search,5046.65,21568.89,487,11417,11
2024-12-30,Snapchat Ads,Prospecting,3966.9,16128.0,585,6901,30
2024-12-30,Pinterest Ads,Awareness,143.15,793.72,489,9826,30
2024-12-30,Tiktok Ads,Video,4794.16,22649.2,588,10904,23
2024-12-30,Affiliate,Affiliation,44.38,265.27,663,11890,22
2024-12-30,Liveintent,Email,8298.5,30641.88,495,4863,35
2024-12-30,Criteo,Display Retargeting,1972.96,5789.61,510,9363,21
2024-12-30,Microsoft Ads,Search,184.65,956.86,346,7128,16
2024-12-31,Facebook Ads,Retargeting,1768.38,8559.17,374,5135,43
2024-12-31,Google Ads,Brand Search,1097.15,4333.37,293,2850,35
2024-12-31,Snapchat Ads,Prospecting,8130.67,32033.12,373,11390,21
2024-12-31,Pinterest Ads,Awareness,1459.87,7104.16,438,7818,29
2024-12-31,Tiktok Ads,Video,864.58,2825.77,616,14897,58
2024-12-31,Affiliate,Affiliation,3479.96,16116.78,702,10356,51
2024-12-31,Liveintent,Email,444.95,1775.62,505,6538,15
2024-12-31,Criteo,Display Retargeting,4239.4,18420.29,436,4516,30
2024-12-31,Microsoft Ads,Search,1029.3,3654.71,254,5060,10
2025-01-01,Facebook Ads,Retargeting,1541.63,9707.3,445,7015,22
2025-01-01,Google Ads,Brand Search,163.77,721.71,467,6436,17
2025-01-01,Snapchat Ads,Prospecting,1383.06,7485.97,344,11139,9
2025-01-01,Pinterest Ads,Awareness,7220.97,26564.44,383,6097,23
2025-01-01,Tiktok Ads,Video,6276.2,30449.64,583,15978,51
2025-01-01,Affiliate,Affiliation,794.16,3028.04,401,4797,13
2025-01-01,Liveintent,Email,1158.7,5250.29,581,4037,51
2025-01-01,Criteo,Display Retargeting,4618.61,23830.54,368,2394,22
2025-01-01,Microsoft Ads,Search,10258.98,33646.36,388,11958,29
2025-01-02,Facebook Ads,Retargeting,559.68,2739.06,492,13232,25
2025-01-02,Google Ads,Brand Search,2805.68,16226.78,562,15147,19
2025-01-02,Snapchat Ads,Prospecting,2297.76,7756.29,518,4243,16
2025-01-02,Pinterest Ads,Awareness,12275.39,51786.66,699,7414,48
2025-01-02,Tiktok Ads,Video,721.44,2013.98,555,13251,37
2025-01-02,Affiliate,Affiliation,1561.86,5715.2,504,3337,28
2025-01-02,Liveintent,Email,11024.03,54212.05,446,7296,30
2025-01-02,Criteo,Display Retargeting,334.46,1704.54,288,5435,17
2025-01-02,Microsoft Ads,Search,3154.17,13368.55,254,6525,11
2025-01-03,Facebook Ads,Retargeting,3070.58,12458.31,359,3516,23
2025-01-03,Google Ads,Brand Search,1468.93,7778.73,783,9456,17
2025-01-03,Snapchat Ads,Prospecting,2835.24,14241.09,220,4994,16
2025-01-03,Pinterest Ads,Awareness,3793.71,12671.38,360,9727,26
2025-01-03,Tiktok Ads,Video,655.83,2925.11,346,4865,10
2025-01-03,Affiliate,Affiliation,4313.46,23418.3,259,4767,26
2025-01-03,Liveintent,Email,9083.94,29309.66,293,5943,19
2025-01-03,Criteo,Display Retargeting,6127.91,38801.55,243,5312,9
2025-01-03,Microsoft Ads,Search,845.48,3085.89,488,5142,25
2025-01-04,Facebook Ads,Retargeting,998.12,5794.66,315,7848,18
2025-01-04,Google Ads,Brand Search,1913.42,9743.3,339,8006,40
2025-01-04,Snapchat Ads,Prospecting,1222.06,12272.39,355,9571,23
2025-01-04,Pinterest Ads,Awareness,3559.29,14374.04,281,3788,21
2025-01-04,Tiktok Ads,Video,5963.25,43266.41,295,5308,23
2025-01-04,Affiliate,Affiliation,261.46,1606.26,428,8245,25
2025-01-04,Liveintent,Email,178.92,708.42,322,5535,13
2025-01-04,Criteo,Display Retargeting,2301.02,14288.58,555,4348,24
2025-01-04,Microsoft Ads,Search,6883.5,46031.53,262,5522,27
2025-01-05,Facebook Ads,Retargeting,607.82,3308.45,393,14122,24
2025-01-05,Google Ads,Brand Search,2629.6,23993.44,566,8072,25
2025-01-05,Snapchat Ads,Prospecting,1091.29,3515.65,245,4454,7
2025-01-05,Pinterest Ads,Awareness,5793.02,23413.86,341,7167,13
2025-01-05,Tiktok Ads,Video,7816.23,21835.9,364,4420,31
2025-01-05,Affiliate,Affiliation,1537.85,5000.56,447,8179,36
2025-01-05,Liveintent,Email,837.16,2714.38,431,8078,14
2025-01-05,Criteo,Display Retargeting,2018.13,5222.29,452,4178,29
2025-01-05,Microsoft Ads,Search,1051.35,4114.73,281,3730,15
2025-01-06,Facebook Ads,Retargeting,2458.44,17815.31,409,5630,33
2025-01-06,Google Ads,Brand Search,3964.55,24942.82,402,8622,32
2025-01-06,Snapchat Ads,Prospecting,4160.34,17343.37,623,9263,44
2025-01-06,Pinterest Ads,Awareness,4327.65,32677.82,425,7518,37
2025-01-06,Tiktok Ads,Video,1794.39,7936.81,315,5337,15
2025-01-06,Affiliate,Affiliation,377.36,2184.21,548,6569,25
2025-01-06,Liveintent,Email,3750.83,19618.23,338,4070,24
2025-01-06,Criteo,Display Retargeting,1308.44,8789.02,595,16791,27
2025-01-06,Microsoft Ads,Search,4570.9,11083.5,471,6832,37
2025-01-07,Facebook Ads,Retargeting,388.61,2398.69,438,9699,40
2025-01-07,Google Ads,Brand Search,103.57,403.48,591,4591,43
2025-01-07,Snapchat Ads,Prospecting,8644.68,29437.76,778,12255,40
2025-01-07,Pinterest Ads,Awareness,245.84,1091.95,320,5123,6
2025-01-07,Tiktok Ads,Video,8074.3,37290.31,483,3446,36
2025-01-07,Affiliate,Affiliation,4380.42,31656.91,475,3923,16
2025-01-07,Liveintent,Email,2225.28,6592.65,442,2765,24
2025-01-07,Criteo,Display Retargeting,1637.2,9495.62,509,8008,45
2025-01-07,Microsoft Ads,Search,1398.43,4920.83,250,6313,14
2025-01-08,Facebook Ads,Retargeting,5784.3,23855.77,360,4960,35
2025-01-08,Google Ads,Brand Search,1213.86,7210.85,388,9679,27
2025-01-08,Snapchat Ads,Prospecting,2520.29,12848.84,484,9258,33
2025-01-08,Pinterest Ads,Awareness,3922.16,25526.99,316,10024,14
2025-01-08,Tiktok Ads,Video,2276.19,8892.62,309,8301,19
2025-01-08,Affiliate,Affiliation,1552.03,7294.56,314,3738,24
2025-01-08,Liveintent,Email,1207.67,3887.04,530,6160,30
2025-01-08,Criteo,Display Retargeting,3348.52,15533.98,652,6005,28
2025-01-08,Microsoft Ads,Search,5114.74,47945.5,261,3605,14
2025-01-09,Facebook Ads,Retargeting,563.92,2826.59,641,7577,21
2025-01-09,Google Ads,Brand Search,7926.32,29312.99,321,5800,30
2025-01-09,Snapchat Ads,Prospecting,2957.16,15252.93,449,5074,10
2025-01-09,Pinterest Ads,Awareness,5673.72,30629.85,349,8085,14
2025-01-09,Tiktok Ads,Video,1526.54,14560.94,472,16066,29
2025-01-09,Affiliate,Affiliation,3501.45,15528.17,519,6275,20
2025-01-09,Liveintent,Email,50.02,286.03,439,3901,29
2025-01-09,Criteo,Display Retargeting,4460.82,44103.01,232,5316,23
2025-01-09,Microsoft Ads,Search,153.31,404.19,277,4404,18
2025-01-10,Facebook Ads,Retargeting,2988.33,25311.15,282,8634,10
2025-01-10,Google Ads,Brand Search,10400.86,47751.49,477,7707,44
2025-01-10,Snapchat Ads,Prospecting,920.29,4036.31,567,7258,33
2025-01-10,Pinterest Ads,Awareness,378.37,2033.43,285,6311,15
2025-01-10,Tiktok Ads,Video,3549.33,13772.02,253,7880,22
2025-01-10,Affiliate,Affiliation,471.57,2977.74,248,4976,20
2025-01-10,Liveintent,Email,4832.8,24027.11,590,8049,13
2025-01-10,Criteo,Display Retargeting,257.35,733.88,160,5709,13
2025-01-10,Microsoft Ads,Search,207.41,607.36,403,4915,18
2025-01-11,Facebook Ads,Retargeting,6918.74,34425.97,534,9329,41
2025-01-11,Google Ads,Brand Search,2178.23,11623.73,268,1960,6
2025-01-11,Snapchat Ads,Prospecting,3165.23,24820.26,695,11055,23
2025-01-11,Pinterest Ads,Awareness,440.81,3997.7,206,4227,19
2025-01-11,Tiktok Ads,Video,2023.63,7468.52,327,7729,9
2025-01-11,Affiliate,Affiliation,1722.04,7305.79,319,5411,40
2025-01-11,Liveintent,Email,2543.68,5479.56,548,5133,34
2025-01-11,Criteo,Display Retargeting,2431.02,7177.92,316,7698,27
2025-01-11,Microsoft Ads,Search,2274.66,7583.59,648,8865,37
2025-01-12,Facebook Ads,Retargeting,1040.65,9598.34,569,10351,40
2025-01-12,Google Ads,Brand Search,1399.71,5291.75,461,4924,37
2025-01-12,Snapchat Ads,Prospecting,7339.4,16841.83,425,13217,36
2025-01-12,Pinterest Ads,Awareness,946.55,4591.17,422,8160,10
2025-01-12,Tiktok Ads,Video,4183.27,16457.32,605,10268,7
2025-01-12,Affiliate,Affiliation,1540.37,3833.07,264,5186,20
2025-01-12,Liveintent,Email,2915.18,19363.14,392,6609,23
2025-01-12,Criteo,Display Retargeting,5313.04,22229.98,461,7137,35
2025-01-12,Microsoft Ads,Search,918.41,3548.57,421,5095,21
2025-01-13,Facebook Ads,Retargeting,166.7,908.92,308,7585,30
2025-01-13,Google Ads,Brand Search,495.57,2620.35,334,6394,15
2025-01-13,Snapchat Ads,Prospecting,3251.41,14559.41,429,6756,13
2025-01-13,Pinterest Ads,Awareness,6415.62,26816.01,561,4330,42
2025-01-13,Tiktok Ads,Video,127.71,711.28,289,8620,10
2025-01-13,Affiliate,Affiliation,3337.2,19163.07,229,8706,25
2025-01-13,Liveintent,Email,1052.1,5217.94,414,4329,16
2025-01-13,Criteo,Display Retargeting,1961.1,9018.52,393,12415,28
2025-01-13,Microsoft Ads,Search,10003.55,35153.74,548,10036,21
2025-01-14,Facebook Ads,Retargeting,4452.73,14718.96,228,6809,20
2025-01-14,Google Ads,Brand Search,5320.23,15702.45,409,7476,17
2025-01-14,Snapchat Ads,Prospecting,95.76,507.18,245,3164,9
2025-01-14,Pinterest Ads,Awareness,521.35,4178.94,448,6060,54
2025-01-14,Tiktok Ads,Video,2468.46,10221.19,358,5237,41
2025-01-14,Affiliate,Affiliation,228.15,768.88,540,10865,22
2025-01-14,Liveintent,Email,6319.95,17720.28,274,2707,25
2025-01-14,Criteo,Display Retargeting,5012.29,18435.96,485,11769,50
2025-01-14,Microsoft Ads,Search,7340.75,21340.85,675,16955,25
2025-01-15,Facebook Ads,Retargeting,519.08,2677.54,520,4716,28
2025-01-15,Google Ads,Brand Search,849.62,3027.76,328,7785,11
2025-01-15,Snapchat Ads,Prospecting,4573.9,11249.08,528,15772,34
2025-01-15,Pinterest Ads,Awareness,7302.56,57125.39,687,9020,19
2025-01-15,Tiktok Ads,Video,143.79,785.37,735,8154,24
2025-01-15,Affiliate,Affiliation,6218.68,28696.38,277,8447,21
2025-01-15,Liveintent,Email,2429.13,12944.8,467,4609,9
2025-01-15,Criteo,Display Retargeting,2389.83,12053.53,540,4596,18
2025-01-15,Microsoft Ads,Search,2215.23,5410.53,404,6556,41
2025-01-16,Facebook Ads,Retargeting,416.13,1589.43,333,6488,10
2025-01-16,Google Ads,Brand Search,385.02,2308.04,486,9794,13
2025-01-16,Snapchat Ads,Prospecting,4606.66,25691.87,195,4388,17
2025-01-16,Pinterest Ads,Awareness,1691.35,7051.9,418,5586,30
2025-01-16,Tiktok Ads,Video,8284.61,36299.15,471,8962,23
2025-01-16,Affiliate,Affiliation,1605.58,14372.8,498,11980,34
2025-01-16,Liveintent,Email,516.57,3679.17,290,8754,21
2025-01-16,Criteo,Display Retargeting,4866.36,9544.8,289,5642,13
2025-01-16,Microsoft Ads,Search,852.89,8522.86,268,3228,9
2025-01-17,Facebook Ads,Retargeting,1469.6,6870.74,269,8029,18
2025-01-17,Google Ads,Brand Search,2473.53,12421.23,307,6627,10
2025-01-17,Snapchat Ads,Prospecting,3208.26,16551.69,380,6985,25
2025-01-17,Pinterest Ads,Awareness,3275.96,11906.96,363,10967,15
2025-01-17,Tiktok Ads,Video,3137.49,7232.43,595,7194,41
2025-01-17,Affiliate,Affiliation,2524.31,6451.86,413,9128,35
2025-01-17,Liveintent,Email,8166.01,27512.06,495,7823,22
2025-01-17,Criteo,Display Retargeting,1032.98,1267.0,611,5500,23
2025-01-17,Microsoft Ads,Search,1.9,9.99,372,6344,29
2025-01-18,Facebook Ads,Retargeting,1842.64,8214.77,548,13427,36
2025-01-18,Google Ads,Brand Search,1370.13,3389.89,314,5279,17
2025-01-18,Snapchat Ads,Prospecting,7169.32,23348.27,348,9402,24
2025-01-18,Pinterest Ads,Awareness,6466.23,11945.97,235,7894,26
2025-01-18,Tiktok Ads,Video,5274.92,18637.39,552,4064,28
2025-01-18,Affiliate,Affiliation,94.49,390.46,554,5358,26
2025-01-18,Liveintent,Email,5206.11,31846.16,483,14169,36
2025-01-18,Criteo,Display Retargeting,1907.78,9153.1,246,7883,18
2025-01-18,Microsoft Ads,Search,5842.88,28774.45,530,13494,40
2025-01-19,Facebook Ads,Retargeting,2451.83,15111.83,778,9347,33
2025-01-19,Google Ads,Brand Search,831.5,6369.81,557,12236,61
2025-01-19,Snapchat Ads,Prospecting,416.34,1728.02,215,6487,16
2025-01-19,Pinterest Ads,Awareness,324.47,1672.44,197,7196,27
2025-01-19,Tiktok Ads,Video,4338.05,18724.38,163,9371,20
2025-01-19,Affiliate,Affiliation,6660.66,31991.67,393,6130,27
2025-01-19,Liveintent,Email,3106.77,13545.18,314,6573,22
2025-01-19,Criteo,Display Retargeting,390.6,1420.34,401,7327,34
2025-01-19,Microsoft Ads,Search,1137.66,7457.36,434,5980,11
2025-01-20,Facebook Ads,Retargeting,5987.71,17229.35,421,5547,18
2025-01-20,Google Ads,Brand Search,5927.98,20259.52,289,5273,18
2025-01-20,Snapchat Ads,Prospecting,429.83,2782.92,840,12295,42
2025-01-20,Pinterest Ads,Awareness,0.15,0.71,395,5905,17
2025-01-20,Tiktok Ads,Video,5132.03,20856.67,383,8836,33
2025-01-20,Affiliate,Affiliation,1677.81,13522.53,380,6118,15
2025-01-20,Liveintent,Email,1331.89,6012.63,446,8845,37
2025-01-20,Criteo,Display Retargeting,62.08,193.93,492,3919,30
2025-01-20,Microsoft Ads,Search,1684.69,8732.4,386,6428,23
2025-01-21,Facebook Ads,Retargeting,4861.57,26557.44,318,14163,41
2025-01-21,Google Ads,Brand Search,11057.68,37678.48,407,5382,27
2025-01-21,Snapchat Ads,Prospecting,2352.79,14673.76,753,6496,27
2025-01-21,Pinterest Ads,Awareness,2494.73,12899.16,659,11693,30
2025-01-21,Tiktok Ads,Video,314.68,950.51,706,12109,9
2025-01-21,Affiliate,Affiliation,2442.02,8434.35,371,5318,34
2025-01-21,Liveintent,Email,1705.72,7766.62,422,7951,13
2025-01-21,Criteo,Display Retargeting,3476.09,14764.7,304,4957,22
2025-01-21,Microsoft Ads,Search,1103.57,6440.52,469,6003,26
2025-01-22,Facebook Ads,Retargeting,682.17,2238.51,340,4971,17
2025-01-22,Google Ads,Brand Search,296.23,1051.9,411,6713,37
2025-01-22,Snapchat Ads,Prospecting,865.9,4681.26,332,3747,20
2025-01-22,Pinterest Ads,Awareness,167.68,971.87,434,12504,33
2025-01-22,Tiktok Ads,Video,569.66,2790.15,525,9129,45
2025-01-22,Affiliate,Affiliation,10421.46,74082.67,541,5349,31
2025-01-22,Liveintent,Email,1055.87,6413.26,543,8268,31
2025-01-22,Criteo,Display Retargeting,1395.91,8530.92,252,4720,19
2025-01-22,Microsoft Ads,Search,3507.26,29095.55,615,10665,43
2025-01-23,Facebook Ads,Retargeting,9187.36,38705.53,376,6166,8
2025-01-23,Google Ads,Brand Search,1684.34,6804.75,565,4344,23
2025-01-23,Snapchat Ads,Prospecting,4013.55,13787.21,412,16790,16
2025-01-23,Pinterest Ads,Awareness,356.05,3976.99,411,5197,26
2025-01-23,Tiktok Ads,Video,656.52,2716.6,259,2131,23
2025-01-23,Affiliate,Affiliation,1264.16,3708.56,328,3504,10
2025-01-23,Liveintent,Email,1499.01,8960.89,332,8529,38
2025-01-23,Criteo,Display Retargeting,2039.14,6394.92,388,4959,45
2025-01-23,Microsoft Ads,Search,542.3,2879.67,586,9606,10
2025-01-24,Facebook Ads,Retargeting,348.45,2198.07,392,5058,24
2025-01-24,Google Ads,Brand Search,2579.33,10153.84,281,5223,19
2025-01-24,Snapchat Ads,Prospecting,356.96,1599.97,372,4434,26
2025-01-24,Pinterest Ads,Awareness,2782.42,13601.52,550,12396,29
2025-01-24,Tiktok Ads,Video,3103.85,17233.86,617,4738,22
2025-01-24,Affiliate,Affiliation,4399.78,14548.83,386,5237,17
2025-01-24,Liveintent,Email,4214.66,18410.35,514,11843,30
2025-01-24,Criteo,Display Retargeting,7168.98,19945.45,247,6472,24
2025-01-24,Microsoft Ads,Search,1386.81,7985.9,586,14456,24
2025-01-25,Facebook Ads,Retargeting,7341.61,32407.65,417,7612,12
2025-01-25,Google Ads,Brand Search,4845.3,12217.94,481,8513,33
2025-01-25,Snapchat Ads,Prospecting,1143.6,3378.7,387,9820,15
2025-01-25,Pinterest Ads,Awareness,87.81,508.79,242,4398,15
2025-01-25,Tiktok Ads,Video,1545.93,8126.14,276,7673,10
2025-01-25,Affiliate,Affiliation,3680.6,6267.57,515,9141,28
2025-01-25,Liveintent,Email,5040.85,17552.15,277,8043,24
2025-01-25,Criteo,Display Retargeting,8947.98,40743.21,382,12058,26
2025-01-25,Microsoft Ads,Search,1217.64,3045.86,460,9609,43
2025-01-26,Facebook Ads,Retargeting,540.06,3128.91,545,12670,44
2025-01-26,Google Ads,Brand Search,13228.35,112467.87,368,5885,10
2025-01-26,Snapchat Ads,Prospecting,581.14,2123.51,488,9921,25
2025-01-26,Pinterest Ads,Awareness,2255.54,15274.03,247,5227,27
2025-01-26,Tiktok Ads,Video,4113.49,17000.72,463,8097,20
2025-01-26,Affiliate,Affiliation,3580.75,18742.63,517,7549,12
2025-01-26,Liveintent,Email,414.29,1933.64,449,7125,20
2025-01-26,Criteo,Display Retargeting,270.55,1505.89,290,5210,25
2025-01-26,Microsoft Ads,Search,469.8,2813.9,515,5257,32
2025-01-27,Facebook Ads,Retargeting,3933.55,9475.29,351,3168,26
2025-01-27,Google Ads,Brand Search,2571.23,12555.08,299,10591,21
2025-01-27,Snapchat Ads,Prospecting,889.52,5338.18,319,6760,8
2025-01-27,Pinterest Ads,Awareness,3046.71,12413.5,575,11410,32
2025-01-27,Tiktok Ads,Video,4277.55,23921.35,267,5755,8
2025-01-27,Affiliate,Affiliation,208.85,885.55,424,8211,58
2025-01-27,Liveintent,Email,2212.83,10498.35,268,3703,13
2025-01-27,Criteo,Display Retargeting,6104.35,15596.84,375,4558,23
2025-01-27,Microsoft Ads,Search,571.67,3626.34,236,4911,23
2025-01-28,Facebook Ads,Retargeting,963.16,4533.6,213,3022,15
2025-01-28,Google Ads,Brand Search,3487.08,12966.16,563,11032,38
2025-01-28,Snapchat Ads,Prospecting,5512.53,29549.49,525,14490,51
2025-01-28,Pinterest Ads,Awareness,4320.31,29332.55,441,10305,13
2025-01-28,Tiktok Ads,Video,2698.12,16521.8,713,12200,36
2025-01-28,Affiliate,Affiliation,4250.86,9707.82,313,6784,30
2025-01-28,Liveintent,Email,1901.34,7568.98,429,6311,32
2025-01-28,Criteo,Display Retargeting,2866.86,7790.88,554,7534,34
2025-01-28,Microsoft Ads,Search,1948.81,5927.93,429,8889,24
2025-01-29,Facebook Ads,Retargeting,335.96,3991.98,286,7259,32
2025-01-29,Google Ads,Brand Search,5372.9,14251.22,323,10300,25
2025-01-29,Snapchat Ads,Prospecting,3001.3,15348.06,409,6842,21
2025-01-29,Pinterest Ads,Awareness,2327.81,3946.5,452,7610,13
2025-01-29,Tiktok Ads,Video,12373.3,53873.1,213,6910,16
2025-01-29,Affiliate,Affiliation,67.28,333.21,332,3933,11
2025-01-29,Liveintent,Email,1989.1,6868.46,311,4319,16
2025-01-29,Criteo,Display Retargeting,260.72,1391.77,361,6060,19
2025-01-29,Microsoft Ads,Search,5804.27,23222.9,182,6088,19
2025-01-30,Facebook Ads,Retargeting,4212.6,18262.45,347,10523,17
2025-01-30,Google Ads,Brand Search,1518.46,6891.45,352,6191,35
2025-01-30,Snapchat Ads,Prospecting,3126.03,20275.09,467,9261,41
2025-01-30,Pinterest Ads,Awareness,1503.34,2868.92,380,3066,23
2025-01-30,Tiktok Ads,Video,6747.56,20256.7,481,8277,46
2025-01-30,Affiliate,Affiliation,1984.36,7763.07,445,9905,19
2025-01-30,Liveintent,Email,1539.31,6565.84,386,6443,20
2025-01-30,Criteo,Display Retargeting,6425.27,33281.93,378,10396,34
2025-01-30,Microsoft Ads,Search,975.44,4051.55,477,7070,22
2025-01-31,Facebook Ads,Retargeting,391.35,2289.07,389,4420,9
2025-01-31,Google Ads,Brand Search,3747.45,22333.79,402,9381,26
2025-01-31,Snapchat Ads,Prospecting,15992.48,84819.0,352,4945,10
2025-01-31,Pinterest Ads,Awareness,2427.15,5718.13,476,10695,36
2025-01-31,Tiktok Ads,Video,257.03,1264.2,292,8336,25
2025-01-31,Affiliate,Affiliation,1462.25,12681.6,235,4430,15
2025-01-31,Liveintent,Email,3871.28,15542.63,336,6054,10
2025-01-31,Criteo,Display Retargeting,718.77,3096.81,607,13421,33
2025-01-31,Microsoft Ads,Search,4553.34,19803.51,508,9674,29
2025-02-01,Facebook Ads,Retargeting,13927.66,51181.96,590,12363,32
2025-02-01,Google Ads,Brand Search,1375.18,5240.89,335,4395,19
2025-02-01,Snapchat Ads,Prospecting,1240.8,4630.82,546,8251,17
2025-02-01,Pinterest Ads,Awareness,1278.07,4756.64,336,7177,11
2025-02-01,Tiktok Ads,Video,311.69,1116.9,378,5145,28
2025-02-01,Affiliate,Affiliation,4949.26,16697.79,430,10411,20
2025-02-01,Liveintent,Email,844.4,4142.28,302,8901,8
2025-02-01,Criteo,Display Retargeting,1558.2,4539.67,476,9873,29
2025-02-01,Microsoft Ads,Search,3068.74,6205.78,421,7373,41
2025-02-02,Facebook Ads,Retargeting,1112.23,3707.1,435,5743,17
2025-02-02,Google Ads,Brand Search,2471.8,8448.79,369,11471,28
2025-02-02,Snapchat Ads,Prospecting,144.99,681.18,486,5777,18
2025-02-02,Pinterest Ads,Awareness,3549.02,18547.08,455,4456,16
2025-02-02,Tiktok Ads,Video,6107.26,26809.06,495,6183,17
2025-02-02,Affiliate,Affiliation,2587.57,13670.22,356,7385,41
2025-02-02,Liveintent,Email,8176.84,18129.95,370,7388,41
2025-02-02,Criteo,Display Retargeting,300.35,1292.55,471,8560,25
2025-02-02,Microsoft Ads,Search,1260.14,3285.04,561,4441,36
2025-02-03,Facebook Ads,Retargeting,4190.49,23147.7,196,5269,13
2025-02-03,Google Ads,Brand Search,4968.18,22930.08,621,5190,39
2025-02-03,Snapchat Ads,Prospecting,3648.73,11410.32,263,2582,15
2025-02-03,Pinterest Ads,Awareness,2257.14,9957.0,232,4629,17
2025-02-03,Tiktok Ads,Video,815.22,2890.39,446,6273,19
2025-02-03,Affiliate,Affiliation,2511.72,16975.75,616,6630,34
2025-02-03,Liveintent,Email,891.49,2920.58,583,12987,30
2025-02-03,Criteo,Display Retargeting,6950.74,35650.15,549,11691,27
2025-02-03,Microsoft Ads,Search,905.15,8419.67,567,12975,38
2025-02-04,Facebook Ads,Retargeting,215.32,1091.1,259,4952,18
2025-02-04,Google Ads,Brand Search,1874.71,10984.85,603,12950,40
2025-02-04,Snapchat Ads,Prospecting,2526.01,11575.64,357,3097,21
2025-02-04,Pinterest Ads,Awareness,4684.98,35952.84,494,9212,48
2025-02-04,Tiktok Ads,Video,2507.86,13317.82,418,9713,27
2025-02-04,Affiliate,Affiliation,1420.46,5458.21,231,4927,21
2025-02-04,Liveintent,Email,4692.67,32590.84,408,7371,32
2025-02-04,Criteo,Display Retargeting,2027.29,11957.6,685,10469,16
2025-02-04,Microsoft Ads,Search,205.52,792.13,609,10179,19
2025-02-05,Facebook Ads,Retargeting,4207.46,17952.43,372,3724,22
2025-02-05,Google Ads,Brand Search,13535.98,48436.57,242,6175,16
2025-02-05,Snapchat Ads,Prospecting,1923.97,7293.23,589,7978,25
2025-02-05,Pinterest Ads,Awareness,1701.49,4821.7,445,8649,21
2025-02-05,Tiktok Ads,Video,701.43,2596.41,556,10586,43
2025-02-05,Affiliate,Affiliation,1065.87,3072.14,299,6182,29
2025-02-05,Liveintent,Email,1639.7,6942.7,422,6667,38
2025-02-05,Criteo,Display Retargeting,4056.88,23217.26,893,14377,28
2025-02-05,Microsoft Ads,Search,417.15,1529.13,528,8201,23
2025-02-06,Facebook Ads,Retargeting,7329.43,35323.56,286,5974,27
2025-02-06,Google Ads,Brand Search,3764.57,12889.11,371,11421,16
2025-02-06,Snapchat Ads,Prospecting,1396.32,14080.33,348,6723,12
2025-02-06,Pinterest Ads,Awareness,3005.46,16946.91,307,7131,15
2025-02-06,Tiktok Ads,Video,277.79,662.18,351,11476,27
2025-02-06,Affiliate,Affiliation,1612.85,5803.49,314,5028,13
2025-02-06,Liveintent,Email,2003.85,9565.27,589,7415,23
2025-02-06,Criteo,Display Retargeting,4821.87,17018.44,311,2742,13
2025-02-06,Microsoft Ads,Search,2673.03,11714.68,395,8259,34
2025-02-07,Facebook Ads,Retargeting,630.99,3536.31,522,5971,26
2025-02-07,Google Ads,Brand Search,7037.97,35565.03,456,4612,48
2025-02-07,Snapchat Ads,Prospecting,402.01,781.95,262,4092,7
2025-02-07,Pinterest Ads,Awareness,4508.2,18304.3,431,22092,26
2025-02-07,Tiktok Ads,Video,7747.31,37634.31,479,10631,39
2025-02-07,Affiliate,Affiliation,501.94,2540.08,344,4548,16
2025-02-07,Liveintent,Email,3048.54,9548.27,414,11375,34
2025-02-07,Criteo,Display Retargeting,98.31,337.04,507,8987,24
2025-02-07,Microsoft Ads,Search,1486.72,6225.92,349,4331,19
2025-02-08,Facebook Ads,Retargeting,1473.62,8333.28,372,7967,29
2025-02-08,Google Ads,Brand Search,2664.98,6951.65,379,4997,28
2025-02-08,Snapchat Ads,Prospecting,5429.9,29571.84,360,5033,21
2025-02-08,Pinterest Ads,Awareness,2392.33,14570.83,457,9307,23
2025-02-08,Tiktok Ads,Video,1489.7,6165.97,285,6374,19
2025-02-08,Affiliate,Affiliation,4275.78,20499.74,372,9015,20
2025-02-08,Liveintent,Email,8632.79,22080.87,722,10919,55
2025-02-08,Criteo,Display Retargeting,34.81,237.96,470,8742,45
2025-02-08,Microsoft Ads,Search,7298.74,25007.11,384,10006,21
2025-02-09,Facebook Ads,Retargeting,407.83,2207.93,380,7278,11
2025-02-09,Google Ads,Brand Search,10184.83,38151.4,274,6105,21
2025-02-09,Snapchat Ads,Prospecting,1480.4,6374.49,371,10959,22
2025-02-09,Pinterest Ads,Awareness,705.24,2521.93,455,4117,26
2025-02-09,Tiktok Ads,Video,3847.24,10511.69,763,13118,59
2025-02-09,Affiliate,Affiliation,6600.24,15160.56,679,14840,24
2025-02-09,Liveintent,Email,3002.7,8040.68,446,4047,17
2025-02-09,Criteo,Display Retargeting,304.7,1737.6,645,6960,31
2025-02-09,Microsoft Ads,Search,5735.85,36065.24,452,10768,32
2025-02-10,Facebook Ads,Retargeting,6801.26,33069.97,396,4917,26
2025-02-10,Google Ads,Brand Search,1412.44,5794.75,471,16182,39
2025-02-10,Snapchat Ads,Prospecting,730.67,4802.64,262,3516,29
2025-02-10,Pinterest Ads,Awareness,1407.19,6555.23,427,5793,35
2025-02-10,Tiktok Ads,Video,94.99,427.37,584,8354,35
2025-02-10,Affiliate,Affiliation,5534.47,18045.62,624,10673,27
2025-02-10,Liveintent,Email,4236.24,18932.31,289,10534,67
2025-02-10,Criteo,Display Retargeting,3072.32,12812.48,368,6074,25
2025-02-10,Microsoft Ads,Search,1484.81,5006.6,483,11038,19
2025-02-11,Facebook Ads,Retargeting,3072.16,11259.83,553,4796,20
2025-02-11,Google Ads,Brand Search,1549.13,9265.71,489,6834,24
2025-02-11,Snapchat Ads,Prospecting,3655.74,21944.68,370,7702,22
2025-02-11,Pinterest Ads,Awareness,2079.71,12429.66,285,7852,17
2025-02-11,Tiktok Ads,Video,4284.08,17900.92,532,10010,20
2025-02-11,Affiliate,Affiliation,2141.25,8423.65,820,10128,38
2025-02-11,Liveintent,Email,1479.7,5424.77,391,4406,18
2025-02-11,Criteo,Display Retargeting,8245.34,29979.75,468,12992,31
2025-02-11,Microsoft Ads,Search,1422.93,9656.51,475,4404,17
2025-02-12,Facebook Ads,Retargeting,2712.83,11447.46,252,3369,9
2025-02-12,Google Ads,Brand Search,1057.19,4005.69,427,8046,16
2025-02-12,Snapchat Ads,Prospecting,4435.46,20912.72,230,5163,12
2025-02-12,Pinterest Ads,Awareness,3542.25,16082.53,636,5131,42
2025-02-12,Tiktok Ads,Video,1042.43,3200.16,284,4921,28
2025-02-12,Affiliate,Affiliation,306.65,1116.24,492,5910,30
2025-02-12,Liveintent,Email,3829.85,25695.11,528,8309,13
2025-02-12,Criteo,Display Retargeting,4452.87,21145.48,375,8700,42
2025-02-12,Microsoft Ads,Search,2775.68,20443.43,408,6953,41
2025-02-13,Facebook Ads,Retargeting,1878.13,8513.82,254,5912,13
2025-02-13,Google Ads,Brand Search,13228.11,40247.08,289,4800,16
2025-02-13,Snapchat Ads,Prospecting,737.08,4028.87,536,9305,33
2025-02-13,Pinterest Ads,Awareness,6152.69,27936.58,344,7836,23
2025-02-13,Tiktok Ads,Video,1079.84,5206.53,590,9324,35
2025-02-13,Affiliate,Affiliation,1202.88,3989.3,322,9700,14
2025-02-13,Liveintent,Email,2020.1,6912.32,407,7098,49
2025-02-13,Criteo,Display Retargeting,3823.04,33711.98,356,6031,40
2025-02-13,Microsoft Ads,Search,308.23,1983.36,317,11079,42
2025-02-14,Facebook Ads,Retargeting,2942.57,11867.5,528,4702,29
2025-02-14,Google Ads,Brand Search,2587.2,24484.01,341,6701,29
2025-02-14,Snapchat Ads,Prospecting,4299.62,9175.11,498,2747,23
2025-02-14,Pinterest Ads,Awareness,3278.12,18188.06,429,13100,26
2025-02-14,Tiktok Ads,Video,6163.04,52362.59,452,9690,30
2025-02-14,Affiliate,Affiliation,1090.66,3356.29,450,8378,50
2025-02-14,Liveintent,Email,3154.02,26735.15,481,11808,23
2025-02-14,Criteo,Display Retargeting,408.62,1651.56,573,9347,33
2025-02-14,Microsoft Ads,Search,390.73,2825.01,366,5945,15
2025-02-15,Facebook Ads,Retargeting,2213.97,12956.5,481,8549,37
2025-02-15,Google Ads,Brand Search,2681.26,11044.22,455,6774,36
2025-02-15,Snapchat Ads,Prospecting,5447.07,23568.53,588,9543,18
2025-02-15,Pinterest Ads,Awareness,3228.93,14009.63,371,3453,10
2025-02-15,Tiktok Ads,Video,11932.9,54133.54,277,7759,32
2025-02-15,Affiliate,Affiliation,153.37,845.04,497,16085,40
2025-02-15,Liveintent,Email,376.97,967.32,501,6609,22
2025-02-15,Criteo,Display Retargeting,134.16,509.29,430,7182,22
2025-02-15,Microsoft Ads,Search,682.85,3418.53,312,3584,20
2025-02-16,Facebook Ads,Retargeting,2336.18,16014.68,468,7148,37
2025-02-16,Google Ads,Brand Search,4371.41,15816.22,394,6725,20
2025-02-16,Snapchat Ads,Prospecting,262.98,1160.46,500,5793,34
2025-02-16,Pinterest Ads,Awareness,11490.3,31452.36,375,5217,30
2025-02-16,Tiktok Ads,Video,7885.03,44751.87,390,10554,31
2025-02-16,Affiliate,Affiliation,710.96,4771.98,240,5433,24
2025-02-16,Liveintent,Email,376.87,2026.7,366,6957,26
2025-02-16,Criteo,Display Retargeting,716.58,3993.45,600,8300,23
2025-02-16,Microsoft Ads,Search,652.89,1018.42,632,4265,18
2025-02-17,Facebook Ads,Retargeting,403.95,773.58,383,6199,12
2025-02-17,Google Ads,Brand Search,1374.13,4611.15,417,4526,13
2025-02-17,Snapchat Ads,Prospecting,673.1,3242.16,394,5603,22
2025-02-17,Pinterest Ads,Awareness,1138.66,2710.47,450,6904,20
2025-02-17,Tiktok Ads,Video,8635.31,59825.22,445,12534,18
2025-02-17,Affiliate,Affiliation,2582.31,9701.05,513,13671,26
2025-02-17,Liveintent,Email,7509.87,20487.88,725,6355,30
2025-02-17,Criteo,Display Retargeting,374.45,1630.23,360,7517,50
2025-02-17,Microsoft Ads,Search,1020.93,4382.89,333,4676,25
2025-02-18,Facebook Ads,Retargeting,5272.32,13683.55,482,6534,14
2025-02-18,Google Ads,Brand Search,345.22,988.58,396,7382,15
2025-02-18,Snapchat Ads,Prospecting,14.83,85.42,535,4092,12
2025-02-18,Pinterest Ads,Awareness,6370.98,21146.7,385,9350,27
2025-02-18,Tiktok Ads,Video,6523.16,35089.56,517,4650,19
2025-02-18,Affiliate,Affiliation,2719.91,11204.83,517,11448,20
2025-02-18,Liveintent,Email,4334.27,16987.05,439,12905,32
2025-02-18,Criteo,Display Retargeting,1881.08,8342.69,533,10089,25
2025-02-18,Microsoft Ads,Search,168.83,560.33,300,7128,19
2025-02-19,Facebook Ads,Retargeting,1458.58,7830.31,297,3988,25
2025-02-19,Google Ads,Brand Search,1155.79,5452.11,281,4497,13
2025-02-19,Snapchat Ads,Prospecting,483.2,2700.28,266,5759,14
2025-02-19,Pinterest Ads,Awareness,10553.18,34899.31,430,4338,41
2025-02-19,Tiktok Ads,Video,3792.58,25876.57,231,6810,36
2025-02-19,Affiliate,Affiliation,5999.5,23396.13,587,9425,33
2025-02-19,Liveintent,Email,1637.14,5590.0,602,11215,25
2025-02-19,Criteo,Display Retargeting,2450.51,5187.02,292,12310,13
2025-02-19,Microsoft Ads,Search,1396.94,5970.71,280,5647,21
2025-02-20,Facebook Ads,Retargeting,439.45,1552.03,420,10631,15
2025-02-20,Google Ads,Brand Search,865.62,3370.08,339,7314,19
2025-02-20,Snapchat Ads,Prospecting,4692.79,32754.94,440,4891,41
2025-02-20,Pinterest Ads,Awareness,3262.77,12033.33,437,12327,46
2025-02-20,Tiktok Ads,Video,2323.74,12805.82,353,9785,24
2025-02-20,Affiliate,Affiliation,2100.99,14474.1,413,7463,37
2025-02-20,Liveintent,Email,7642.38,47454.5,438,6147,33
2025-02-20,Criteo,Display Retargeting,226.55,765.26,226,2679,17
2025-02-20,Microsoft Ads,Search,1050.15,6879.43,502,7880,18
2025-02-21,Facebook Ads,Retargeting,970.51,2491.64,413,12114,55
2025-02-21,Google Ads,Brand Search,3214.67,15436.71,363,6885,30
2025-02-21,Snapchat Ads,Prospecting,12936.93,55048.48,349,6318,18
2025-02-21,Pinterest Ads,Awareness,554.37,2630.1,435,6288,15
2025-02-21,Tiktok Ads,Video,3355.54,32912.7,442,5684,39
2025-02-21,Affiliate,Affiliation,3463.13,20508.49,222,5198,25
2025-02-21,Liveintent,Email,581.22,3142.3,431,8603,24
2025-02-21,Criteo,Display Retargeting,1100.05,4647.96,316,2468,14
2025-02-21,Microsoft Ads,Search,1383.18,5096.4,442,7831,30
2025-02-22,Facebook Ads,Retargeting,5574.32,28210.52,288,3666,11
2025-02-22,Google Ads,Brand Search,419.8,1501.6,533,7757,43
2025-02-22,Snapchat Ads,Prospecting,2513.17,6860.06,314,6213,10
2025-02-22,Pinterest Ads,Awareness,799.67,3605.05,524,4606,35
2025-02-22,Tiktok Ads,Video,2660.78,16252.77,447,11067,36
2025-02-22,Affiliate,Affiliation,803.24,3087.21,318,11960,10
2025-02-22,Liveintent,Email,1895.73,8623.18,421,6870,24
2025-02-22,Criteo,Display Retargeting,3126.72,16887.68,325,7605,37
2025-02-22,Microsoft Ads,Search,3131.32,18630.66,668,18408,33
2025-02-23,Facebook Ads,Retargeting,3958.82,12102.2,424,10782,26
2025-02-23,Google Ads,Brand Search,146.87,512.73,151,7384,15
2025-02-23,Snapchat Ads,Prospecting,2427.35,10781.17,390,8823,29
2025-02-23,Pinterest Ads,Awareness,308.1,1361.82,455,8717,22
2025-02-23,Tiktok Ads,Video,1105.3,4156.07,273,3265,23
2025-02-23,Affiliate,Affiliation,1957.41,9206.57,505,7813,29
2025-02-23,Liveintent,Email,837.64,3788.77,433,6492,13
2025-02-23,Criteo,Display Retargeting,1110.54,8647.22,411,8381,19
2025-02-23,Microsoft Ads,Search,9834.4,44456.61,360,8810,26
2025-02-24,Facebook Ads,Retargeting,284.36,1363.19,459,5617,26
2025-02-24,Google Ads,Brand Search,2156.58,10161.15,545,8170,40
2025-02-24,Snapchat Ads,Prospecting,1125.48,3993.08,659,11634,32
2025-02-24,Pinterest Ads,Awareness,315.74,1366.91,318,2071,24
2025-02-24,Tiktok Ads,Video,415.65,1311.56,364,6065,28
2025-02-24,Affiliate,Affiliation,5831.72,30106.81,252,6134,8
2025-02-24,Liveintent,Email,4165.96,21915.68,475,9609,43
2025-02-24,Criteo,Display Retargeting,4649.1,20694.42,416,5648,37
2025-02-24,Microsoft Ads,Search,9138.31,43343.51,543,11556,39
2025-02-25,Facebook Ads,Retargeting,1183.36,7600.28,380,5122,18
2025-02-25,Google Ads,Brand Search,2271.48,9395.57,417,8666,17
2025-02-25,Snapchat Ads,Prospecting,4263.81,33330.11,458,4693,15
2025-02-25,Pinterest Ads,Awareness,3090.16,16409.02,441,9698,34
2025-02-25,Tiktok Ads,Video,2708.82,12702.55,496,9327,20
2025-02-25,Affiliate,Affiliation,2447.9,8564.25,232,5754,7
2025-02-25,Liveintent,Email,6815.88,17529.47,530,6392,33
2025-02-25,Criteo,Display Retargeting,3889.25,14262.02,446,9599,49
2025-02-25,Microsoft Ads,Search,899.86,4650.08,851,7063,35
2025-02-26,Facebook Ads,Retargeting,2891.49,6615.83,525,7901,28
2025-02-26,Google Ads,Brand Search,4025.86,10600.07,364,2678,38
2025-02-26,Snapchat Ads,Prospecting,3865.85,13397.5,442,7551,31
2025-02-26,Pinterest Ads,Awareness,1018.92,6012.63,574,9478,27
2025-02-26,Tiktok Ads,Video,4975.87,22404.69,490,9091,27
2025-02-26,Affiliate,Affiliation,119.12,416.54,556,11195,30
2025-02-26,Liveintent,Email,2926.39,11235.83,310,3573,12
2025-02-26,Criteo,Display Retargeting,2278.69,24044.84,321,10011,23
2025-02-26,Microsoft Ads,Search,3568.3,15225.62,720,9008,47
2025-02-27,Facebook Ads,Retargeting,1325.57,7683.01,174,5900,8
2025-02-27,Google Ads,Brand Search,4819.15,19474.41,540,12374,36
2025-02-27,Snapchat Ads,Prospecting,2494.42,15777.74,336,8649,13
2025-02-27,Pinterest Ads,Awareness,4892.39,19252.19,199,2962,4
2025-02-27,Tiktok Ads,Video,4291.87,17311.22,702,5586,29
2025-02-27,Affiliate,Affiliation,3570.94,18567.72,479,6527,19
2025-02-27,Liveintent,Email,2688.92,10407.22,460,10630,13
2025-02-27,Criteo,Display Retargeting,727.89,1633.6,618,8936,36
2025-02-27,Microsoft Ads,Search,1376.73,4190.4,422,8583,34
2025-02-28,Facebook Ads,Retargeting,2658.84,12198.46,535,9207,42
2025-02-28,Google Ads,Brand Search,7070.78,20116.39,415,6921,15
2025-02-28,Snapchat Ads,Prospecting,4192.0,25504.47,553,8443,40
2025-02-28,Pinterest Ads,Awareness,2372.64,6721.0,625,11121,27
2025-02-28,Tiktok Ads,Video,44.22,109.4,379,7184,17
2025-02-28,Affiliate,Affiliation,4096.72,18412.16,481,5948,33
2025-02-28,Liveintent,Email,2365.28,13379.57,343,6394,29
2025-02-28,Criteo,Display Retargeting,7341.1,26048.65,393,4540,13
2025-02-28,Microsoft Ads,Search,138.12,819.85,393,4956,22
2025-03-01,Facebook Ads,Retargeting,2173.42,12561.32,671,5287,24
2025-03-01,Google Ads,Brand Search,6294.81,27774.87,276,10270,22
2025-03-01,Snapchat Ads,Prospecting,554.73,2212.94,398,13146,17
2025-03-01,Pinterest Ads,Awareness,1610.26,7758.05,587,7318,20
2025-03-01,Tiktok Ads,Video,421.48,1154.55,337,5013,19
2025-03-01,Affiliate,Affiliation,2124.86,16598.43,624,8586,26
2025-03-01,Liveintent,Email,2641.28,14502.38,398,4205,20
2025-03-01,Criteo,Display Retargeting,2427.74,5582.44,343,10579,37
2025-03-01,Microsoft Ads,Search,2133.51,9231.72,368,6741,21
2025-03-02,Facebook Ads,Retargeting,5460.19,30802.59,261,7510,8
2025-03-02,Google Ads,Brand Search,684.5,1944.29,403,8218,31
2025-03-02,Snapchat Ads,Prospecting,57.97,277.52,555,9258,18
2025-03-02,Pinterest Ads,Awareness,4436.47,24485.92,226,9091,21
2025-03-02,Tiktok Ads,Video,2482.81,13438.95,693,9164,40
2025-03-02,Affiliate,Affiliation,4456.51,21154.68,380,11663,12
2025-03-02,Liveintent,Email,1562.5,12420.19,294,5775,30
2025-03-02,Criteo,Display Retargeting,3862.97,12754.76,482,8796,23
2025-03-02,Microsoft Ads,Search,1584.37,8190.07,616,6354,24
2025-03-03,Facebook Ads,Retargeting,5601.0,27552.29,403,10144,24
2025-03-03,Google Ads,Brand Search,9578.37,36007.79,210,4828,13
2025-03-03,Snapchat Ads,Prospecting,3343.2,19817.92,338,6504,28
2025-03-03,Pinterest Ads,Awareness,641.39,3760.33,491,7732,32
2025-03-03,Tiktok Ads,Video,1372.89,3715.4,353,5207,26
2025-03-03,Affiliate,Affiliation,1129.76,3906.38,322,6802,13
2025-03-03,Liveintent,Email,1039.34,4144.19,390,8060,12
2025-03-03,Criteo,Display Retargeting,1792.7,5711.51,491,4185,20
2025-03-03,Microsoft Ads,Search,3182.69,20582.98,187,2564,11
2025-03-04,Facebook Ads,Retargeting,5960.34,36504.71,580,4142,22
2025-03-04,Google Ads,Brand Search,4082.09,16260.29,574,6179,19
2025-03-04,Snapchat Ads,Prospecting,6762.39,20298.34,628,8032,38
2025-03-04,Pinterest Ads,Awareness,476.52,2986.5,422,4095,36
2025-03-04,Tiktok Ads,Video,740.23,2844.62,265,3738,7
2025-03-04,Affiliate,Affiliation,1274.16,4713.7,475,12437,34
2025-03-04,Liveintent,Email,5452.59,22701.03,321,5757,22
2025-03-04,Criteo,Display Retargeting,1859.39,7056.59,363,6577,11
2025-03-04,Microsoft Ads,Search,2037.35,9055.5,647,13792,43
2025-03-05,Facebook Ads,Retargeting,1786.85,5055.69,338,8016,23
2025-03-05,Google Ads,Brand Search,6564.16,18426.31,351,7149,17
2025-03-05,Snapchat Ads,Prospecting,53.04,225.52,346,7354,38
2025-03-05,Pinterest Ads,Awareness,4109.03,22964.27,304,7313,16
2025-03-05,Tiktok Ads,Video,3395.7,19618.52,556,5562,33
2025-03-05,Affiliate,Affiliation,5878.69,10721.7,266,5373,30
2025-03-05,Liveintent,Email,12328.31,29169.05,376,4113,12
2025-03-05,Criteo,Display Retargeting,55.14,410.09,302,6552,13
2025-03-05,Microsoft Ads,Search,503.19,2623.91,753,12581,27
2025-03-06,Facebook Ads,Retargeting,3417.73,11593.97,547,8051,30
2025-03-06,Google Ads,Brand Search,1248.22,3731.52,514,6825,35
2025-03-06,Snapchat Ads,Prospecting,957.26,6286.72,356,6265,11
2025-03-06,Pinterest Ads,Awareness,1691.76,10009.17,730,7323,28
2025-03-06,Tiktok Ads,Video,1699.28,9257.58,458,7648,14
2025-03-06,Affiliate,Affiliation,3956.75,21006.4,590,6055,35
2025-03-06,Liveintent,Email,9860.69,26985.53,423,7745,22
2025-03-06,Criteo,Display Retargeting,2486.36,8611.89,423,9044,26
2025-03-06,Microsoft Ads,Search,548.83,3068.58,268,4441,30
2025-03-07,Facebook Ads,Retargeting,4893.04,44860.81,464,7163,10
2025-03-07,Google Ads,Brand Search,183.05,530.7,297,1913,17
2025-03-07,Snapchat Ads,Prospecting,874.6,3951.07,328,8300,10
2025-03-07,Pinterest Ads,Awareness,5673.0,36735.32,535,9662,29
2025-03-07,Tiktok Ads,Video,803.31,4162.17,647,17321,20
2025-03-07,Affiliate,Affiliation,629.85,3329.81,582,9974,20
2025-03-07,Liveintent,Email,266.34,2488.1,267,4310,23
2025-03-07,Criteo,Display Retargeting,7234.74,25968.75,582,6659,42
2025-03-07,Microsoft Ads,Search,1871.88,7623.87,314,11262,17
2025-03-08,Facebook Ads,Retargeting,2652.24,10829.32,576,6678,31
2025-03-08,Google Ads,Brand Search,839.61,3373.71,350,4583,20
2025-03-08,Snapchat Ads,Prospecting,3583.45,13836.63,610,8216,15
2025-03-08,Pinterest Ads,Awareness,3851.72,11954.08,403,4070,16
2025-03-08,Tiktok Ads,Video,866.98,5525.52,620,7853,24
2025-03-08,Affiliate,Affiliation,1699.57,7177.83,532,6398,10
2025-03-08,Liveintent,Email,570.46,3275.65,432,4960,16
2025-03-08,Criteo,Display Retargeting,13266.69,53291.49,353,6497,45
2025-03-08,Microsoft Ads,Search,3376.44,14193.67,494,8834,39
2025-03-09,Facebook Ads,Retargeting,4617.09,19471.09,386,5884,33
2025-03-09,Google Ads,Brand Search,794.04,1977.15,841,13829,49
2025-03-09,Snapchat Ads,Prospecting,2666.3,13114.97,396,8174,17
2025-03-09,Pinterest Ads,Awareness,3570.93,19342.51,387,12335,39
2025-03-09,Tiktok Ads,Video,2855.91,7936.11,400,5405,14
2025-03-09,Affiliate,Affiliation,3986.2,35668.78,311,4128,9
2025-03-09,Liveintent,Email,973.36,5534.88,494,10337,26
2025-03-09,Criteo,Display Retargeting,258.34,1304.84,417,10572,21
2025-03-09,Microsoft Ads,Search,2354.22,14977.58,202,4382,30
2025-03-10,Facebook Ads,Retargeting,4095.22,21146.8,432,6299,22
2025-03-10,Google Ads,Brand Search,3681.54,9758.43,332,5606,27
2025-03-10,Snapchat Ads,Prospecting,565.16,4556.16,363,5458,26
2025-03-10,Pinterest Ads,Awareness,1893.93,12646.03,461,4247,17
2025-03-10,Tiktok Ads,Video,1661.3,5544.29,272,3679,7
2025-03-10,Affiliate,Affiliation,2518.99,7948.81,515,9154,53
2025-03-10,Liveintent,Email,3592.82,27132.16,464,8293,26
2025-03-10,Criteo,Display Retargeting,6110.6,29079.86,455,5681,32
2025-03-10,Microsoft Ads,Search,1001.23,4902.66,248,8868,13
2025-03-11,Facebook Ads,Retargeting,1198.33,4845.72,304,5311,21
2025-03-11,Google Ads,Brand Search,511.64,2157.6,430,8690,24
2025-03-11,Snapchat Ads,Prospecting,389.06,1494.6,436,11328,15
2025-03-11,Pinterest Ads,Awareness,3224.07,12559.88,241,3246,16
2025-03-11,Tiktok Ads,Video,5045.31,22042.3,464,14450,36
2025-03-11,Affiliate,Affiliation,1018.55,5055.0,342,8835,39
2025-03-11,Liveintent,Email,2254.03,9350.42,556,4507,42
2025-03-11,Criteo,Display Retargeting,4432.95,17558.73,534,5597,21
2025-03-11,Microsoft Ads,Search,2210.7,23273.33,377,5563,18
2025-03-12,Facebook Ads,Retargeting,1194.82,5021.4,271,5885,20
2025-03-12,Google Ads,Brand Search,6407.99,58074.39,515,6688,36
2025-03-12,Snapchat Ads,Prospecting,2499.94,6869.57,389,5956,14
2025-03-12,Pinterest Ads,Awareness,1903.46,9448.03,298,2473,15
2025-03-12,Tiktok Ads,Video,286.57,1469.73,342,9738,21
2025-03-12,Affiliate,Affiliation,3331.31,12676.7,226,5851,8
2025-03-12,Liveintent,Email,684.48,1480.37,648,6932,17
2025-03-12,Criteo,Display Retargeting,1384.03,5837.34,348,5772,14
2025-03-12,Microsoft Ads,Search,2172.96,13596.37,504,7348,24
2025-03-13,Facebook Ads,Retargeting,2881.45,7979.44,336,4849,16
2025-03-13,Google Ads,Brand Search,4194.58,18395.5,358,4910,18
2025-03-13,Snapchat Ads,Prospecting,622.14,3334.65,508,7346,13
2025-03-13,Pinterest Ads,Awareness,4112.83,22753.13,321,3386,18
2025-03-13,Tiktok Ads,Video,3427.68,25924.6,275,3537,17
2025-03-13,Affiliate,Affiliation,2296.63,19310.47,389,10607,19
2025-03-13,Liveintent,Email,306.4,1342.92,314,11658,29
2025-03-13,Criteo,Display Retargeting,2133.06,10134.64,427,18286,24
2025-03-13,Microsoft Ads,Search,6523.38,34929.24,268,5545,22
2025-03-14,Facebook Ads,Retargeting,2904.97,17839.16,228,6169,8
2025-03-14,Google Ads,Brand Search,862.87,6560.0,303,4863,19
2025-03-14,Snapchat Ads,Prospecting,2439.11,14479.38,366,6384,19
2025-03-14,Pinterest Ads,Awareness,3801.83,16817.24,192,5166,31
2025-03-14,Tiktok Ads,Video,2460.31,11906.88,413,9362,20
2025-03-14,Affiliate,Affiliation,439.74,1608.88,304,6962,22
2025-03-14,Liveintent,Email,887.59,5677.72,269,3254,7
2025-03-14,Criteo,Display Retargeting,6172.02,28382.09,440,4764,18
2025-03-14,Microsoft Ads,Search,7841.16,33150.1,343,4322,11
2025-03-15,Facebook Ads,Retargeting,309.11,1179.64,264,5191,11
2025-03-15,Google Ads,Brand Search,5700.63,29206.4,490,8640,24
2025-03-15,Snapchat Ads,Prospecting,865.12,3733.01,494,15799,19
2025-03-15,Pinterest Ads,Awareness,1805.77,8371.9,448,4315,28
2025-03-15,Tiktok Ads,Video,2323.84,5510.36,305,3228,8
2025-03-15,Affiliate,Affiliation,3130.59,17101.03,484,6168,22
2025-03-15,Liveintent,Email,6824.13,12198.17,381,9088,18
2025-03-15,Criteo,Display Retargeting,458.05,2859.38,490,4851,15
2025-03-15,Microsoft Ads,Search,3292.66,13992.72,301,3356,20
2025-03-16,Facebook Ads,Retargeting,652.55,2004.47,628,4206,17
2025-03-16,Google Ads,Brand Search,6798.95,25279.24,291,4245,16
2025-03-16,Snapchat Ads,Prospecting,6302.13,18829.05,238,4398,22
2025-03-16,Pinterest Ads,Awareness,6238.29,28974.15,539,11245,43
2025-03-16,Tiktok Ads,Video,1282.66,4946.44,513,11021,25
2025-03-16,Affiliate,Affiliation,6818.3,31841.71,287,6293,15
2025-03-16,Liveintent,Email,705.67,2840.08,457,8159,31
2025-03-16,Criteo,Display Retargeting,329.94,1304.17,362,4926,22
2025-03-16,Microsoft Ads,Search,6264.35,22892.47,309,8452,18
2025-03-17,Facebook Ads,Retargeting,2628.86,9910.4,259,6196,11
2025-03-17,Google Ads,Brand Search,9176.92,32813.51,522,6388,33
2025-03-17,Snapchat Ads,Prospecting,2115.63,6098.55,455,7875,32
2025-03-17,Pinterest Ads,Awareness,976.12,4330.69,386,4334,11
2025-03-17,Tiktok Ads,Video,7235.7,22137.11,419,5638,16
2025-03-17,Affiliate,Affiliation,3218.45,8917.4,281,3973,17
2025-03-17,Liveintent,Email,971.06,4185.48,699,6737,39
2025-03-17,Criteo,Display Retargeting,3907.82,32552.0,223,5945,13
2025-03-17,Microsoft Ads,Search,2519.85,18150.23,452,10203,22
2025-03-18,Facebook Ads,Retargeting,2370.4,14585.09,253,6162,27
2025-03-18,Google Ads,Brand Search,1496.35,9081.9,334,7236,17
2025-03-18,Snapchat Ads,Prospecting,2967.89,19588.09,566,10685,27
2025-03-18,Pinterest Ads,Awareness,3613.21,15366.48,475,4741,30
2025-03-18,Tiktok Ads,Video,1987.5,11803.88,433,8106,38
2025-03-18,Affiliate,Affiliation,172.12,1354.87,269,5359,16
2025-03-18,Liveintent,Email,4163.41,24362.8,641,11650,17
2025-03-18,Criteo,Display Retargeting,3269.45,13394.68,831,8570,46
2025-03-18,Microsoft Ads,Search,3151.04,16689.49,372,5511,18
2025-03-19,Facebook Ads,Retargeting,1410.38,3262.58,305,2553,21
2025-03-19,Google Ads,Brand Search,5321.92,25893.56,643,11746,40
2025-03-19,Snapchat Ads,Prospecting,3030.38,12208.06,430,9384,33
2025-03-19,Pinterest Ads,Awareness,289.52,1385.67,849,9412,16
2025-03-19,Tiktok Ads,Video,1067.7,4647.53,454,9600,40
2025-03-19,Affiliate,Affiliation,4923.82,26421.73,528,5559,21
2025-03-19,Liveintent,Email,142.38,449.96,248,5310,12
2025-03-19,Criteo,Display Retargeting,8829.27,37922.57,333,3845,19
2025-03-19,Microsoft Ads,Search,2645.74,11732.45,584,13473,43
2025-03-20,Facebook Ads,Retargeting,4533.53,25517.49,319,6063,13
2025-03-20,Google Ads,Brand Search,1412.72,3670.46,402,8087,47
2025-03-20,Snapchat Ads,Prospecting,1060.42,3700.64,253,4109,21
2025-03-20,Pinterest Ads,Awareness,14949.2,51569.96,292,9939,22
2025-03-20,Tiktok Ads,Video,1709.16,9120.98,334,5943,9
2025-03-20,Affiliate,Affiliation,5595.1,24584.93,327,4990,19
2025-03-20,Liveintent,Email,2210.61,9495.6,365,7885,26
2025-03-20,Criteo,Display Retargeting,633.68,2806.12,396,4755,20
2025-03-20,Microsoft Ads,Search,54.95,280.53,538,13676,43
2025-03-21,Facebook Ads,Retargeting,2223.91,9938.08,393,9633,27
2025-03-21,Google Ads,Brand Search,11230.73,63824.98,424,10228,28
2025-03-21,Snapchat Ads,Prospecting,903.89,8277.08,336,10489,16
2025-03-21,Pinterest Ads,Awareness,1385.44,5392.39,363,11787,44
2025-03-21,Tiktok Ads,Video,1408.77,7435.78,380,10609,25
2025-03-21,Affiliate,Affiliation,2050.1,11568.47,316,8924,29
2025-03-21,Liveintent,Email,1707.08,6525.49,421,5625,32
2025-03-21,Criteo,Display Retargeting,7044.67,23208.81,327,9118,27
2025-03-21,Microsoft Ads,Search,2170.1,7844.38,337,6287,30
2025-03-22,Facebook Ads,Retargeting,2018.98,10348.34,357,7068,20
2025-03-22,Google Ads,Brand Search,398.49,1727.36,608,10026,15
2025-03-22,Snapchat Ads,Prospecting,11729.34,41956.72,686,4066,39
2025-03-22,Pinterest Ads,Awareness,747.65,3558.35,630,14491,47
2025-03-22,Tiktok Ads,Video,218.36,858.06,317,4985,10
2025-03-22,Affiliate,Affiliation,2932.13,19612.13,394,12949,30
2025-03-22,Liveintent,Email,3006.05,10068.12,344,5776,24
2025-03-22,Criteo,Display Retargeting,1291.04,5727.82,644,6511,28
2025-03-22,Microsoft Ads,Search,1084.53,6381.15,576,9863,45
2025-03-23,Facebook Ads,Retargeting,4637.26,14866.91,342,8451,33
2025-03-23,Google Ads,Brand Search,411.16,3135.24,582,7947,50
2025-03-23,Snapchat Ads,Prospecting,3990.6,28774.77,240,5330,23
2025-03-23,Pinterest Ads,Awareness,3626.19,11717.27,676,11423,55
2025-03-23,Tiktok Ads,Video,1722.29,8281.53,439,13659,53
2025-03-23,Affiliate,Affiliation,1279.95,10580.02,324,6347,20
2025-03-23,Liveintent,Email,803.52,4477.21,322,6988,36
2025-03-23,Criteo,Display Retargeting,4376.86,24072.38,333,6437,28
2025-03-23,Microsoft Ads,Search,1840.03,8251.66,262,3874,12
2025-03-24,Facebook Ads,Retargeting,1148.05,4565.82,289,4659,30
2025-03-24,Google Ads,Brand Search,3256.0,11275.87,269,9752,27
2025-03-24,Snapchat Ads,Prospecting,14927.0,80565.14,430,13210,34
2025-03-24,Pinterest Ads,Awareness,1722.29,5002.43,351,13049,33
2025-03-24,Tiktok Ads,Video,7791.73,32778.65,334,4090,10
2025-03-24,Affiliate,Affiliation,1232.27,5805.23,603,5993,25
2025-03-24,Liveintent,Email,181.78,504.57,305,7769,17
2025-03-24,Criteo,Display Retargeting,492.75,2046.64,425,5863,17
2025-03-24,Microsoft Ads,Search,1306.09,8289.34,518,3679,34
2025-03-25,Facebook Ads,Retargeting,703.12,3836.4,492,12524,25
2025-03-25,Google Ads,Brand Search,0.8,2.75,432,7456,26
2025-03-25,Snapchat Ads,Prospecting,4023.43,30024.68,250,4148,21
2025-03-25,Pinterest Ads,Awareness,3425.19,27207.17,239,6100,27
2025-03-25,Tiktok Ads,Video,3852.25,11717.16,246,3126,19
2025-03-25,Affiliate,Affiliation,713.44,2878.65,264,2612,10
2025-03-25,Liveintent,Email,321.3,1002.16,201,4411,8
2025-03-25,Criteo,Display Retargeting,202.9,1166.31,720,9218,28
2025-03-25,Microsoft Ads,Search,5099.04,21192.39,572,9839,13
2025-03-26,Facebook Ads,Retargeting,7138.61,38010.16,353,9138,14
2025-03-26,Google Ads,Brand Search,2344.03,10615.79,442,7390,28
2025-03-26,Snapchat Ads,Prospecting,449.88,1771.11,329,7151,11
2025-03-26,Pinterest Ads,Awareness,2371.53,14400.28,366,9213,25
2025-03-26,Tiktok Ads,Video,1798.66,7087.22,621,6762,15
2025-03-26,Affiliate,Affiliation,1660.5,5242.76,354,4824,12
2025-03-26,Liveintent,Email,3954.93,10671.91,244,5372,21
2025-03-26,Criteo,Display Retargeting,5393.42,19301.55,378,10268,26
2025-03-26,Microsoft Ads,Search,621.02,1887.44,333,5739,21
2025-03-27,Facebook Ads,Retargeting,112.42,614.11,336,11241,22
2025-03-27,Google Ads,Brand Search,13936.68,48394.28,371,5663,19
2025-03-27,Snapchat Ads,Prospecting,628.66,3405.93,484,6499,26
2025-03-27,Pinterest Ads,Awareness,151.74,725.88,277,3199,10
2025-03-27,Tiktok Ads,Video,600.66,2944.6,304,5595,22
2025-03-27,Affiliate,Affiliation,131.54,521.02,666,4975,19
2025-03-27,Liveintent,Email,1476.21,5779.81,401,6625,37
2025-03-27,Criteo,Display Retargeting,3561.7,19310.2,338,4461,23
2025-03-27,Microsoft Ads,Search,1524.43,5674.8,419,4786,29
2025-03-28,Facebook Ads,Retargeting,1074.68,5333.48,701,7541,15
2025-03-28,Google Ads,Brand Search,1200.57,10510.87,472,16643,17
2025-03-28,Snapchat Ads,Prospecting,1026.12,5407.24,257,2354,20
2025-03-28,Pinterest Ads,Awareness,4545.8,18660.29,296,3039,13
2025-03-28,Tiktok Ads,Video,2390.15,12902.75,407,4805,29
2025-03-28,Affiliate,Affiliation,19.92,89.0,386,8226,32
2025-03-28,Liveintent,Email,2184.13,7161.27,457,7961,30
2025-03-28,Criteo,Display Retargeting,1590.67,4344.55,508,5513,42
2025-03-28,Microsoft Ads,Search,10870.97,38474.25,708,5967,24
2025-03-29,Facebook Ads,Retargeting,1293.23,7656.85,518,15891,13
2025-03-29,Google Ads,Brand Search,10650.64,34955.24,423,4739,20
2025-03-29,Snapchat Ads,Prospecting,2167.58,8065.69,454,8796,24
2025-03-29,Pinterest Ads,Awareness,516.92,2722.18,367,2234,20
2025-03-29,Tiktok Ads,Video,1656.13,9410.31,409,6594,31
2025-03-29,Affiliate,Affiliation,8219.36,47358.42,525,7726,35
2025-03-29,Liveintent,Email,2769.78,15112.69,498,11345,36
2025-03-29,Criteo,Display Retargeting,254.82,1274.31,279,7968,16
2025-03-29,Microsoft Ads,Search,3534.57,13457.91,499,10936,37
2025-03-30,Facebook Ads,Retargeting,2322.0,7911.85,233,7884,26
2025-03-30,Google Ads,Brand Search,35.17,123.64,291,3470,24
2025-03-30,Snapchat Ads,Prospecting,2754.11,12617.96,332,7401,23
2025-03-30,Pinterest Ads,Awareness,1614.3,5485.46,538,11106,21
2025-03-30,Tiktok Ads,Video,9672.69,21902.26,463,7056,8
2025-03-30,Affiliate,Affiliation,2058.49,8871.79,531,7477,21
2025-03-30,Liveintent,Email,7061.29,45510.63,578,7603,29
2025-03-30,Criteo,Display Retargeting,2.12,12.51,219,8805,27
2025-03-30,Microsoft Ads,Search,2266.99,8521.2,475,9462,29
2025-03-31,Facebook Ads,Retargeting,1752.81,4639.36,252,7967,26
2025-03-31,Google Ads,Brand Search,1531.87,7989.89,541,12807,33
2025-03-31,Snapchat Ads,Prospecting,333.26,1860.62,310,5930,21
2025-03-31,Pinterest Ads,Awareness,1110.69,5938.96,555,7316,31
2025-03-31,Tiktok Ads,Video,3823.22,17067.26,381,1947,27
2025-03-31,Affiliate,Affiliation,1114.18,4412.18,269,11444,21
2025-03-31,Liveintent,Email,2801.4,8178.66,252,2723,21
2025-03-31,Criteo,Display Retargeting,2426.98,12694.24,561,16554,38
2025-03-31,Microsoft Ads,Search,9073.04,54526.12,390,5403,13
2025-04-01,Facebook Ads,Retargeting,11294.59,29744.93,676,11589,14
2025-04-01,Google Ads,Brand Search,2238.02,15409.92,298,4918,22
2025-04-01,Snapchat Ads,Prospecting,1803.86,5382.99,243,6030,15
2025-04-01,Pinterest Ads,Awareness,462.32,2743.64,416,6380,34
2025-04-01,Tiktok Ads,Video,13829.5,54119.16,518,11771,66
2025-04-01,Affiliate,Affiliation,250.64,794.35,527,7664,26
2025-04-01,Liveintent,Email,1574.04,6519.62,472,5963,55
2025-04-01,Criteo,Display Retargeting,1527.29,7857.47,750,8448,28
2025-04-01,Microsoft Ads,Search,1468.68,6973.49,392,9924,32
2025-04-02,Facebook Ads,Retargeting,759.85,2437.96,299,3026,12
2025-04-02,Google Ads,Brand Search,8642.4,25491.54,267,7412,20
2025-04-02,Snapchat Ads,Prospecting,512.37,3370.88,493,11117,33
2025-04-02,Pinterest Ads,Awareness,3154.29,9013.9,252,7491,19
2025-04-02,Tiktok Ads,Video,675.97,2872.0,361,7267,15
2025-04-02,Affiliate,Affiliation,378.34,1637.09,513,7526,12
2025-04-02,Liveintent,Email,12477.08,37745.14,492,7831,45
2025-04-02,Criteo,Display Retargeting,1103.3,3635.01,438,4163,16
2025-04-02,Microsoft Ads,Search,6794.91,36396.01,588,13058,45
2025-04-03,Facebook Ads,Retargeting,2419.57,8989.82,415,7929,35
2025-04-03,Google Ads,Brand Search,351.93,1040.75,548,8318,38
2025-04-03,Snapchat Ads,Prospecting,10431.14,73581.38,294,5340,23
2025-04-03,Pinterest Ads,Awareness,1023.51,3186.4,431,7380,32
2025-04-03,Tiktok Ads,Video,8118.1,35226.98,409,8215,20
2025-04-03,Affiliate,Affiliation,764.22,2639.21,260,3053,16
2025-04-03,Liveintent,Email,8335.32,30405.47,467,7742,32
2025-04-03,Criteo,Display Retargeting,40.09,167.0,525,4802,19
2025-04-03,Microsoft Ads,Search,2316.35,12439.71,400,6877,36
2025-04-04,Facebook Ads,Retargeting,3780.3,15728.83,359,5367,28
2025-04-04,Google Ads,Brand Search,4219.46,31105.4,340,5659,12
2025-04-04,Snapchat Ads,Prospecting,4784.75,19468.36,327,8057,28
2025-04-04,Pinterest Ads,Awareness,4473.9,12501.06,294,3967,13
2025-04-04,Tiktok Ads,Video,5069.63,19611.93,577,8935,25
2025-04-04,Affiliate,Affiliation,482.6,1511.08,218,2004,21
2025-04-04,Liveintent,Email,597.51,4284.65,490,9675,25
2025-04-04,Criteo,Display Retargeting,853.91,4305.7,313,7360,14
2025-04-04,Microsoft Ads,Search,1111.57,4465.39,403,5485,12
2025-04-05,Facebook Ads,Retargeting,1306.15,6597.98,648,11188,45
2025-04-05,Google Ads,Brand Search,3013.77,16663.39,560,4450,49
2025-04-05,Snapchat Ads,Prospecting,736.91,3921.42,444,4312,19
2025-04-05,Pinterest Ads,Awareness,4863.15,17999.49,460,4094,16
2025-04-05,Tiktok Ads,Video,589.95,2457.96,483,6618,25
2025-04-05,Affiliate,Affiliation,1316.84,3997.21,247,5612,41
2025-04-05,Liveintent,Email,2833.26,12295.45,222,5347,17
2025-04-05,Criteo,Display Retargeting,6820.0,44232.93,651,7897,24
2025-04-05,Microsoft Ads,Search,5524.74,23836.64,291,4203,11
2025-04-06,Facebook Ads,Retargeting,3347.04,13707.88,231,4259,18
2025-04-06,Google Ads,Brand Search,453.03,2670.7,447,10919,25
2025-04-06,Snapchat Ads,Prospecting,2750.07,8934.21,445,6933,22
2025-04-06,Pinterest Ads,Awareness,302.46,1435.04,379,6092,31
2025-04-06,Tiktok Ads,Video,1551.87,10337.05,259,4541,18
2025-04-06,Affiliate,Affiliation,1561.92,7830.72,281,8263,18
2025-04-06,Liveintent,Email,137.31,720.32,562,11626,14
2025-04-06,Criteo,Display Retargeting,1270.17,6549.21,311,7600,14
2025-04-06,Microsoft Ads,Search,16336.96,58328.16,440,6772,22
2025-04-07,Facebook Ads,Retargeting,10586.65,49617.39,265,6669,33
2025-04-07,Google Ads,Brand Search,1685.84,8110.67,571,4032,36
2025-04-07,Snapchat Ads,Prospecting,124.75,424.64,288,4205,29
2025-04-07,Pinterest Ads,Awareness,582.24,1528.46,471,6909,29
2025-04-07,Tiktok Ads,Video,1655.78,5391.4,733,6107,54
2025-04-07,Affiliate,Affiliation,7542.71,42996.62,379,4631,17
2025-04-07,Liveintent,Email,523.9,3111.05,672,16725,18
2025-04-07,Criteo,Display Retargeting,4338.61,18716.71,364,6471,40
2025-04-07,Microsoft Ads,Search,494.7,979.06,582,10011,30
2025-04-08,Facebook Ads,Retargeting,8840.77,39845.95,574,10619,41
2025-04-08,Google Ads,Brand Search,863.44,4274.31,462,9646,14
2025-04-08,Snapchat Ads,Prospecting,2715.67,13406.03,224,7278,13
2025-04-08,Pinterest Ads,Awareness,574.5,3312.16,578,13266,63
2025-04-08,Tiktok Ads,Video,1910.9,4097.48,192,8910,26
2025-04-08,Affiliate,Affiliation,358.19,1684.22,442,8263,22
2025-04-08,Liveintent,Email,315.78,1567.54,233,6045,21
2025-04-08,Criteo,Display Retargeting,5075.82,28755.36,506,12614,41
2025-04-08,Microsoft Ads,Search,3805.91,16702.95,340,5446,27
2025-04-09,Facebook Ads,Retargeting,11093.75,19538.39,552,4548,33
2025-04-09,Google Ads,Brand Search,2978.61,23653.15,320,3306,22
2025-04-09,Snapchat Ads,Prospecting,6558.98,24466.44,479,7338,46
2025-04-09,Pinterest Ads,Awareness,253.93,1499.16,428,8408,18
2025-04-09,Tiktok Ads,Video,1358.73,8073.26,329,4893,25
2025-04-09,Affiliate,Affiliation,1078.13,7409.08,274,8199,29
2025-04-09,Liveintent,Email,5302.84,20373.81,637,13869,38
2025-04-09,Criteo,Display Retargeting,1980.65,7137.9,262,5325,17
2025-04-09,Microsoft Ads,Search,647.86,2542.38,311,4126,32
2025-04-10,Facebook Ads,Retargeting,3764.72,15041.29,373,8539,21
2025-04-10,Google Ads,Brand Search,4656.75,30845.76,483,6822,35
2025-04-10,Snapchat Ads,Prospecting,1842.27,8515.8,475,3892,20
2025-04-10,Pinterest Ads,Awareness,679.72,2854.9,384,6516,11
2025-04-10,Tiktok Ads,Video,810.98,5127.26,319,7231,21
2025-04-10,Affiliate,Affiliation,1271.76,6371.32,294,5027,18
2025-04-10,Liveintent,Email,2172.79,6411.44,394,11543,26
2025-04-10,Criteo,Display Retargeting,4013.96,19092.67,369,6873,9
2025-04-10,Microsoft Ads,Search,3682.98,14138.14,586,9756,28
2025-04-11,Facebook Ads,Retargeting,4028.05,18341.89,372,9437,11
2025-04-11,Google Ads,Brand Search,732.65,9069.11,327,8877,20
2025-04-11,Snapchat Ads,Prospecting,6779.61,28481.05,365,6579,19
2025-04-11,Pinterest Ads,Awareness,1011.34,3616.47,360,3414,15
2025-04-11,Tiktok Ads,Video,2220.57,13241.88,368,12619,14
2025-04-11,Affiliate,Affiliation,4557.77,23293.95,311,3747,8
2025-04-11,Liveintent,Email,920.5,2305.82,608,11026,43
2025-04-11,Criteo,Display Retargeting,410.18,2483.05,681,10653,14
2025-04-11,Microsoft Ads,Search,10550.12,55811.18,482,6095,25
2025-04-12,Facebook Ads,Retargeting,2509.64,11094.58,697,8902,28
2025-04-12,Google Ads,Brand Search,4937.97,34070.56,677,17917,65
2025-04-12,Snapchat Ads,Prospecting,121.81,343.8,468,5373,20
2025-04-12,Pinterest Ads,Awareness,5904.98,38525.18,536,4920,20
2025-04-12,Tiktok Ads,Video,2656.1,7748.22,471,4949,26
2025-04-12,Affiliate,Affiliation,229.0,995.31,265,7162,12
2025-04-12,Liveintent,Email,3828.49,16238.01,274,3437,14
2025-04-12,Criteo,Display Retargeting,1511.4,6849.01,349,9386,10
2025-04-12,Microsoft Ads,Search,3097.46,9435.76,325,5969,14
2025-04-13,Facebook Ads,Retargeting,706.19,1702.66,447,9032,22
2025-04-13,Google Ads,Brand Search,1445.13,6412.44,373,4248,22
2025-04-13,Snapchat Ads,Prospecting,2564.35,15768.42,609,7732,36
2025-04-13,Pinterest Ads,Awareness,776.77,3486.97,315,3967,32
2025-04-13,Tiktok Ads,Video,11540.03,74138.34,370,8204,15
2025-04-13,Affiliate,Affiliation,44.91,254.7,153,7068,25
2025-04-13,Liveintent,Email,4884.83,24535.75,328,3883,13
2025-04-13,Criteo,Display Retargeting,1031.52,3818.64,434,2841,15
2025-04-13,Microsoft Ads,Search,2955.75,8945.82,525,9871,44
2025-04-14,Facebook Ads,Retargeting,6268.09,25128.75,680,5462,45
2025-04-14,Google Ads,Brand Search,390.57,1889.85,424,3531,9
2025-04-14,Snapchat Ads,Prospecting,6872.48,35526.68,512,9837,45
2025-04-14,Pinterest Ads,Awareness,487.56,2694.64,424,8272,36
2025-04-14,Tiktok Ads,Video,1776.53,15573.6,731,7005,25
2025-04-14,Affiliate,Affiliation,1283.2,10592.86,285,5671,23
2025-04-14,Liveintent,Email,6047.59,18739.82,423,7401,32
2025-04-14,Criteo,Display Retargeting,1483.37,5851.56,405,4141,25
2025-04-14,Microsoft Ads,Search,1469.25,5412.27,345,9207,28
2025-04-15,Facebook Ads,Retargeting,481.06,3689.67,534,13224,29
2025-04-15,Google Ads,Brand Search,534.24,2402.03,313,7286,17
2025-04-15,Snapchat Ads,Prospecting,3799.96,24528.4,553,5785,16
2025-04-15,Pinterest Ads,Awareness,1376.97,7323.08,460,3493,32
2025-04-15,Tiktok Ads,Video,1417.05,5713.65,492,8619,49
2025-04-15,Affiliate,Affiliation,3787.55,16079.4,574,10511,46
2025-04-15,Liveintent,Email,891.12,6553.58,448,12527,16
2025-04-15,Criteo,Display Retargeting,6209.02,45013.39,538,8157,19
2025-04-15,Microsoft Ads,Search,4262.23,19414.05,376,4749,36
2025-04-16,Facebook Ads,Retargeting,3377.72,9429.01,488,12667,48
2025-04-16,Google Ads,Brand Search,4310.7,22760.13,536,6163,22
2025-04-16,Snapchat Ads,Prospecting,141.53,462.65,564,11546,31
2025-04-16,Pinterest Ads,Awareness,782.75,5181.26,278,3713,19
2025-04-16,Tiktok Ads,Video,1897.03,11896.32,435,14393,33
2025-04-16,Affiliate,Affiliation,738.13,4115.22,387,7890,17
2025-04-16,Liveintent,Email,4769.43,23569.61,487,14800,28
2025-04-16,Criteo,Display Retargeting,7216.62,32059.0,442,7178,21
2025-04-16,Microsoft Ads,Search,1452.43,8157.7,417,9807,42
2025-04-17,Facebook Ads,Retargeting,640.46,4645.38,365,5583,13
2025-04-17,Google Ads,Brand Search,6284.0,43158.41,338,3149,17
2025-04-17,Snapchat Ads,Prospecting,1605.85,8271.33,638,10772,21
2025-04-17,Pinterest Ads,Awareness,1588.97,6804.11,375,5726,24
2025-04-17,Tiktok Ads,Video,1146.85,3362.78,321,4450,26
2025-04-17,Affiliate,Affiliation,5929.87,25834.11,345,9795,27
2025-04-17,Liveintent,Email,1447.0,7701.18,393,7036,19
2025-04-17,Criteo,Display Retargeting,3075.58,15233.22,618,14384,22
2025-04-17,Microsoft Ads,Search,4109.27,15331.71,248,7409,18
2025-04-18,Facebook Ads,Retargeting,961.69,4256.58,512,6101,37
2025-04-18,Google Ads,Brand Search,991.3,5773.58,398,8226,10
2025-04-18,Snapchat Ads,Prospecting,3860.5,17805.8,459,5557,13
2025-04-18,Pinterest Ads,Awareness,1036.41,3694.04,327,4455,26
2025-04-18,Tiktok Ads,Video,3233.98,23895.58,372,5769,13
2025-04-18,Affiliate,Affiliation,5059.14,16541.73,502,3450,33
2025-04-18,Liveintent,Email,2157.12,11402.64,302,3153,22
2025-04-18,Criteo,Display Retargeting,2240.36,7962.19,352,7030,17
2025-04-18,Microsoft Ads,Search,1691.77,10639.79,264,3105,23
2025-04-19,Facebook Ads,Retargeting,7310.35,36658.54,605,6744,42
2025-04-19,Google Ads,Brand Search,2909.37,7498.2,449,12716,25
2025-04-19,Snapchat Ads,Prospecting,217.86,1430.48,479,10271,31
2025-04-19,Pinterest Ads,Awareness,1898.8,7987.68,550,7923,34
2025-04-19,Tiktok Ads,Video,4602.27,13608.65,277,4723,19
2025-04-19,Affiliate,Affiliation,2091.99,7755.28,347,4108,21
2025-04-19,Liveintent,Email,6780.05,21124.62,303,6435,19
2025-04-19,Criteo,Display Retargeting,1853.5,10912.43,411,7453,18
2025-04-19,Microsoft Ads,Search,4923.85,16758.89,586,10467,38
2025-04-20,Facebook Ads,Retargeting,707.03,2611.23,253,7303,19
2025-04-20,Google Ads,Brand Search,2875.31,25160.94,388,6114,19
2025-04-20,Snapchat Ads,Prospecting,2001.37,12919.0,508,7968,25
2025-04-20,Pinterest Ads,Awareness,722.75,3237.32,615,9304,24
2025-04-20,Tiktok Ads,Video,1139.83,4561.29,662,9101,29
2025-04-20,Affiliate,Affiliation,5143.39,26886.11,244,7051,22
2025-04-20,Liveintent,Email,2459.29,8246.31,372,8743,28
2025-04-20,Criteo,Display Retargeting,516.0,2945.86,234,5425,24
2025-04-20,Microsoft Ads,Search,9317.41,53081.04,240,7100,13
2025-04-21,Facebook Ads,Retargeting,2464.58,10521.76,493,9798,27
2025-04-21,Google Ads,Brand Search,8175.38,27555.07,318,6006,34
2025-04-21,Snapchat Ads,Prospecting,1119.89,5756.34,447,12526,18
2025-04-21,Pinterest Ads,Awareness,1559.34,8006.27,550,10371,47
2025-04-21,Tiktok Ads,Video,4128.81,15727.07,309,4228,15
2025-04-21,Affiliate,Affiliation,2179.4,7750.96,556,10508,30
2025-04-21,Liveintent,Email,2716.43,10713.05,498,12425,30
2025-04-21,Criteo,Display Retargeting,444.38,2195.44,324,7246,19
2025-04-21,Microsoft Ads,Search,1540.57,7472.79,570,14058,43
2025-04-22,Facebook Ads,Retargeting,410.42,1241.88,478,14411,39
2025-04-22,Google Ads,Brand Search,643.16,4096.6,263,4302,18
2025-04-22,Snapchat Ads,Prospecting,3.28,16.91,543,12155,21
2025-04-22,Pinterest Ads,Awareness,121.78,481.82,256,907,11
2025-04-22,Tiktok Ads,Video,10524.88,47976.11,431,6901,40
2025-04-22,Affiliate,Affiliation,868.51,4484.43,554,6775,18
2025-04-22,Liveintent,Email,3384.15,15691.99,385,5678,20
2025-04-22,Criteo,Display Retargeting,6013.78,26641.73,341,10069,34
2025-04-22,Microsoft Ads,Search,2234.81,11743.54,358,4055,13
2025-04-23,Facebook Ads,Retargeting,509.53,2157.55,371,8680,25
2025-04-23,Google Ads,Brand Search,3380.16,19560.65,422,4900,14
2025-04-23,Snapchat Ads,Prospecting,2818.41,10629.83,652,9732,21
2025-04-23,Pinterest Ads,Awareness,3053.74,10489.88,550,5385,20
2025-04-23,Tiktok Ads,Video,3346.62,13644.63,500,8893,22
2025-04-23,Affiliate,Affiliation,11027.92,57069.74,463,7750,20
2025-04-23,Liveintent,Email,2408.58,9359.71,560,9500,22
2025-04-23,Criteo,Display Retargeting,1062.81,5025.06,312,5312,17
2025-04-23,Microsoft Ads,Search,3237.09,13450.65,514,15944,46
2025-04-24,Facebook Ads,Retargeting,257.25,1370.85,280,7523,24
2025-04-24,Google Ads,Brand Search,12472.86,50160.44,659,8147,53
2025-04-24,Snapchat Ads,Prospecting,371.65,1597.37,440,10178,33
2025-04-24,Pinterest Ads,Awareness,1074.19,6780.4,625,7037,34
2025-04-24,Tiktok Ads,Video,7672.67,26572.34,597,7591,37
2025-04-24,Affiliate,Affiliation,3306.46,18035.0,313,6037,15
2025-04-24,Liveintent,Email,2639.01,7403.77,376,7136,25
2025-04-24,Criteo,Display Retargeting,2169.47,12310.95,401,6115,15
2025-04-24,Microsoft Ads,Search,6478.39,50059.35,471,7738,51
2025-04-25,Facebook Ads,Retargeting,596.79,8573.38,376,5993,25
2025-04-25,Google Ads,Brand Search,9853.18,21082.14,395,5227,33
2025-04-25,Snapchat Ads,Prospecting,351.1,1168.07,310,2454,27
2025-04-25,Pinterest Ads,Awareness,6032.3,26569.37,199,3341,14
2025-04-25,Tiktok Ads,Video,4893.8,31277.21,367,8319,24
2025-04-25,Affiliate,Affiliation,592.92,4682.07,321,5511,15
2025-04-25,Liveintent,Email,2308.87,11567.88,404,3446,29
2025-04-25,Criteo,Display Retargeting,783.98,2120.71,606,18178,17
2025-04-25,Microsoft Ads,Search,3588.5,16159.3,294,8620,28
2025-04-26,Facebook Ads,Retargeting,2968.82,12029.19,546,5013,18
2025-04-26,Google Ads,Brand Search,4875.0,14035.7,322,4408,20
2025-04-26,Snapchat Ads,Prospecting,815.42,2887.14,595,3986,43
2025-04-26,Pinterest Ads,Awareness,936.78,3129.66,198,3554,10
2025-04-26,Tiktok Ads,Video,199.45,1043.7,307,8811,14
2025-04-26,Affiliate,Affiliation,1340.25,11024.75,327,11488,36
2025-04-26,Liveintent,Email,3137.45,9840.09,487,7431,45
2025-04-26,Criteo,Display Retargeting,5458.24,44374.03,320,5501,18
2025-04-26,Microsoft Ads,Search,4042.63,21569.99,418,7753,17
2025-04-27,Facebook Ads,Retargeting,1499.91,7226.17,527,11662,41
2025-04-27,Google Ads,Brand Search,6769.45,42387.18,632,6784,17
2025-04-27,Snapchat Ads,Prospecting,3901.51,19465.24,407,4891,32
2025-04-27,Pinterest Ads,Awareness,5467.85,32570.93,276,3956,10
2025-04-27,Tiktok Ads,Video,1193.89,8978.87,450,14989,47
2025-04-27,Affiliate,Affiliation,802.57,2996.59,792,3500,11
2025-04-27,Liveintent,Email,113.98,536.15,622,13337,32
2025-04-27,Criteo,Display Retargeting,3189.4,10666.11,367,6333,25
2025-04-27,Microsoft Ads,Search,324.31,1780.99,605,10329,16
2025-04-28,Facebook Ads,Retargeting,1245.64,5070.16,432,11405,26
2025-04-28,Google Ads,Brand Search,2324.95,12033.19,459,6991,34
2025-04-28,Snapchat Ads,Prospecting,2939.9,15663.11,256,6105,14
2025-04-28,Pinterest Ads,Awareness,3900.31,8070.88,583,10440,24
2025-04-28,Tiktok Ads,Video,309.73,3426.91,489,4420,26
2025-04-28,Affiliate,Affiliation,1071.42,5034.76,288,7065,8
2025-04-28,Liveintent,Email,3428.45,9039.96,338,10972,26
2025-04-28,Criteo,Display Retargeting,8901.6,40252.89,450,13951,18
2025-04-28,Microsoft Ads,Search,3785.73,22010.44,584,12168,26
2025-04-29,Facebook Ads,Retargeting,8354.36,23363.3,352,9039,29
2025-04-29,Google Ads,Brand Search,3866.88,22084.25,314,3414,19
2025-04-29,Snapchat Ads,Prospecting,2577.2,5158.99,480,10258,37
2025-04-29,Pinterest Ads,Awareness,519.13,2776.79,408,9240,49
2025-04-29,Tiktok Ads,Video,2885.1,13894.34,336,9671,32
2025-04-29,Affiliate,Affiliation,2992.47,10416.89,557,8229,17
2025-04-29,Liveintent,Email,2244.77,12105.92,236,8418,22
2025-04-29,Criteo,Display Retargeting,1586.46,5835.41,347,4142,26
2025-04-29,Microsoft Ads,Search,1173.43,4129.12,255,2322,9
2025-04-30,Facebook Ads,Retargeting,1497.76,5526.23,301,5514,14
2025-04-30,Google Ads,Brand Search,3129.72,14168.78,323,3494,11
2025-04-30,Snapchat Ads,Prospecting,907.42,3537.33,498,7440,36
2025-04-30,Pinterest Ads,Awareness,6949.05,29061.6,294,2524,18
2025-04-30,Tiktok Ads,Video,747.71,4554.54,439,8998,38
2025-04-30,Affiliate,Affiliation,501.62,1821.51,541,6787,19
2025-04-30,Liveintent,Email,3635.63,7936.45,388,7320,14
2025-04-30,Criteo,Display Retargeting,3722.44,20239.94,551,9714,36
2025-04-30,Microsoft Ads,Search,2452.77,8397.44,305,3624,22
2025-05-01,Facebook Ads,Retargeting,940.96,6021.11,499,6449,6
2025-05-01,Google Ads,Brand Search,2421.2,13493.7,453,5221,24
2025-05-01,Snapchat Ads,Prospecting,1601.35,7367.33,479,11264,42
2025-05-01,Pinterest Ads,Awareness,9628.62,53507.93,467,8627,15
2025-05-01,Tiktok Ads,Video,10576.55,28924.9,605,12311,16
2025-05-01,Affiliate,Affiliation,2373.35,14936.24,496,8949,11
2025-05-01,Liveintent,Email,1251.56,9447.07,385,9249,33
2025-05-01,Criteo,Display Retargeting,5679.01,17090.17,305,3005,28
2025-05-01,Microsoft Ads,Search,126.47,618.89,519,9617,14
2025-05-02,Facebook Ads,Retargeting,1676.3,7776.06,399,6448,27
2025-05-02,Google Ads,Brand Search,1308.64,3882.57,319,7671,23
2025-05-02,Snapchat Ads,Prospecting,7510.54,47094.64,321,6774,14
2025-05-02,Pinterest Ads,Awareness,28.04,181.84,339,6461,16
2025-05-02,Tiktok Ads,Video,1660.24,8936.64,408,7708,26
2025-05-02,Affiliate,Affiliation,3186.1,17347.11,430,9400,26
2025-05-02,Liveintent,Email,2032.83,10857.61,408,8032,24
2025-05-02,Criteo,Display Retargeting,176.2,980.05,291,8754,14
2025-05-02,Microsoft Ads,Search,7001.77,47340.36,396,6344,14
2025-05-03,Facebook Ads,Retargeting,4119.36,9748.53,294,4796,14
2025-05-03,Google Ads,Brand Search,6108.95,22731.99,278,6133,18
2025-05-03,Snapchat Ads,Prospecting,1037.41,4416.97,523,9627,31
2025-05-03,Pinterest Ads,Awareness,3200.68,14753.23,283,3167,18
2025-05-03,Tiktok Ads,Video,2540.36,12903.17,420,5833,14
2025-05-03,Affiliate,Affiliation,422.44,1130.8,325,7850,18
2025-05-03,Liveintent,Email,688.72,2787.77,326,8036,20
2025-05-03,Criteo,Display Retargeting,8773.83,42392.58,386,7440,48
2025-05-03,Microsoft Ads,Search,1479.6,8151.36,313,8401,17
2025-05-04,Facebook Ads,Retargeting,745.13,2466.57,382,7647,16
2025-05-04,Google Ads,Brand Search,3062.71,16392.5,295,8456,17
2025-05-04,Snapchat Ads,Prospecting,7413.9,27417.05,463,8435,39
2025-05-04,Pinterest Ads,Awareness,203.77,1331.18,512,8910,47
2025-05-04,Tiktok Ads,Video,3550.99,15001.43,547,12230,42
2025-05-04,Affiliate,Affiliation,662.07,1919.6,390,8159,16
2025-05-04,Liveintent,Email,174.51,692.24,510,7348,20
2025-05-04,Criteo,Display Retargeting,334.38,962.44,732,16747,52
2025-05-04,Microsoft Ads,Search,8410.81,39056.92,484,10370,27
2025-05-05,Facebook Ads,Retargeting,825.49,3007.32,507,10360,27
2025-05-05,Google Ads,Brand Search,280.37,988.83,319,6603,24
2025-05-05,Snapchat Ads,Prospecting,3569.43,23626.95,568,10675,10
2025-05-05,Pinterest Ads,Awareness,11023.03,58678.87,447,11024,39
2025-05-05,Tiktok Ads,Video,1744.56,11216.2,416,7383,23
2025-05-05,Affiliate,Affiliation,3338.08,14238.18,597,7718,34
2025-05-05,Liveintent,Email,160.84,1251.47,580,16381,26
2025-05-05,Criteo,Display Retargeting,4305.15,16494.17,341,5287,19
2025-05-05,Microsoft Ads,Search,5596.38,21536.29,429,10493,35
2025-05-06,Facebook Ads,Retargeting,1921.91,12065.64,522,9548,35
2025-05-06,Google Ads,Brand Search,1468.61,5336.41,335,4541,28
2025-05-06,Snapchat Ads,Prospecting,1146.78,6666.78,304,11106,24
2025-05-06,Pinterest Ads,Awareness,320.1,2294.89,143,3343,8
2025-05-06,Tiktok Ads,Video,1839.08,6218.52,278,4232,23
2025-05-06,Affiliate,Affiliation,320.03,1188.62,668,6878,26
2025-05-06,Liveintent,Email,4907.76,18010.43,335,4116,29
2025-05-06,Criteo,Display Retargeting,9634.64,38811.87,313,4814,17
2025-05-06,Microsoft Ads,Search,10157.22,54145.26,601,11940,21
2025-05-07,Facebook Ads,Retargeting,8228.46,28419.1,356,4415,19
2025-05-07,Google Ads,Brand Search,2869.35,13470.72,526,10890,48
2025-05-07,Snapchat Ads,Prospecting,5109.64,15484.46,320,8114,31
2025-05-07,Pinterest Ads,Awareness,1105.2,4843.19,407,3698,14
2025-05-07,Tiktok Ads,Video,3126.74,10909.67,579,7457,28
2025-05-07,Affiliate,Affiliation,2498.25,10020.27,491,6136,37
2025-05-07,Liveintent,Email,2430.33,5471.94,539,9352,15
2025-05-07,Criteo,Display Retargeting,3519.87,23988.83,455,8876,14
2025-05-07,Microsoft Ads,Search,1036.13,6169.44,432,13755,21
2025-05-08,Facebook Ads,Retargeting,1034.74,6890.38,471,6353,31
2025-05-08,Google Ads,Brand Search,6482.77,26659.31,571,6776,31
2025-05-08,Snapchat Ads,Prospecting,217.96,648.24,431,4844,19
2025-05-08,Pinterest Ads,Awareness,2547.53,8879.39,417,9421,14
2025-05-08,Tiktok Ads,Video,8777.47,40683.52,253,4533,27
2025-05-08,Affiliate,Affiliation,2601.25,10457.97,655,13867,37
2025-05-08,Liveintent,Email,3037.82,10150.86,698,5805,53
2025-05-08,Criteo,Display Retargeting,800.23,4373.06,179,7743,9
2025-05-08,Microsoft Ads,Search,1380.14,6024.07,497,8397,30
2025-05-09,Facebook Ads,Retargeting,5588.02,18918.69,485,13526,20
2025-05-09,Google Ads,Brand Search,3195.88,8428.16,705,8267,44
2025-05-09,Snapchat Ads,Prospecting,2181.16,6139.96,351,8533,43
2025-05-09,Pinterest Ads,Awareness,293.02,1348.93,376,8056,13
2025-05-09,Tiktok Ads,Video,41.61,208.19,508,3565,17
2025-05-09,Affiliate,Affiliation,10781.04,30012.77,522,4124,23
2025-05-09,Liveintent,Email,1515.08,5248.37,677,8184,22
2025-05-09,Criteo,Display Retargeting,3567.1,16331.55,333,6392,15
2025-05-09,Microsoft Ads,Search,292.37,1148.33,230,8157,32
2025-05-10,Facebook Ads,Retargeting,2363.29,12403.24,425,8310,29
2025-05-10,Google Ads,Brand Search,6317.64,14077.72,660,4414,36
2025-05-10,Snapchat Ads,Prospecting,1023.01,7167.5,534,11331,30
2025-05-10,Pinterest Ads,Awareness,296.19,1360.1,772,9700,23
2025-05-10,Tiktok Ads,Video,1762.65,6869.59,290,7833,18
2025-05-10,Affiliate,Affiliation,2028.58,11315.33,505,5094,12
2025-05-10,Liveintent,Email,1037.94,4370.79,540,4726,27
2025-05-10,Criteo,Display Retargeting,4908.06,14989.26,578,5713,32
2025-05-10,Microsoft Ads,Search,2380.43,12118.69,465,13423,25
2025-05-11,Facebook Ads,Retargeting,6924.27,28374.71,617,6214,32
2025-05-11,Google Ads,Brand Search,2840.76,14255.95,428,3851,18
2025-05-11,Snapchat Ads,Prospecting,560.65,1435.54,256,6007,17
2025-05-11,Pinterest Ads,Awareness,1251.45,6553.69,416,4862,16
2025-05-11,Tiktok Ads,Video,691.49,1768.3,291,4853,28
2025-05-11,Affiliate,Affiliation,5581.15,18133.08,379,4980,26
2025-05-11,Liveintent,Email,4532.22,19549.13,260,4528,21
2025-05-11,Criteo,Display Retargeting,3337.67,12504.57,525,11403,21
2025-05-11,Microsoft Ads,Search,1536.6,3047.02,415,8773,26
2025-05-12,Facebook Ads,Retargeting,1399.09,3823.56,342,6773,12
2025-05-12,Google Ads,Brand Search,8407.89,33500.86,339,3787,19
2025-05-12,Snapchat Ads,Prospecting,3080.7,8034.23,433,5074,21
2025-05-12,Pinterest Ads,Awareness,1006.25,6076.71,280,4260,19
2025-05-12,Tiktok Ads,Video,5492.55,8739.74,390,8556,25
2025-05-12,Affiliate,Affiliation,164.64,821.73,354,2709,19
2025-05-12,Liveintent,Email,1964.53,11326.02,618,7658,56
2025-05-12,Criteo,Display Retargeting,4089.37,13807.46,552,15904,44
2025-05-12,Microsoft Ads,Search,786.33,2927.79,407,8301,12
2025-05-13,Facebook Ads,Retargeting,15300.94,73731.1,350,7989,11
2025-05-13,Google Ads,Brand Search,825.42,5288.01,285,7670,41
2025-05-13,Snapchat Ads,Prospecting,622.63,2718.48,538,7664,32
2025-05-13,Pinterest Ads,Awareness,1276.9,2481.97,499,9950,12
2025-05-13,Tiktok Ads,Video,7574.69,23430.37,388,8805,41
2025-05-13,Affiliate,Affiliation,2876.37,4800.08,408,8616,24
2025-05-13,Liveintent,Email,3211.98,17896.37,384,10708,26
2025-05-13,Criteo,Display Retargeting,64.98,552.64,567,13112,55
2025-05-13,Microsoft Ads,Search,138.14,336.69,694,5126,46
2025-05-14,Facebook Ads,Retargeting,1222.75,6101.17,387,6438,22
2025-05-14,Google Ads,Brand Search,4119.92,20137.44,306,10038,26
2025-05-14,Snapchat Ads,Prospecting,5605.21,14856.71,460,5775,21
2025-05-14,Pinterest Ads,Awareness,232.96,986.2,219,5271,19
2025-05-14,Tiktok Ads,Video,1909.51,6395.66,411,8149,24
2025-05-14,Affiliate,Affiliation,4763.56,26682.99,179,5908,10
2025-05-14,Liveintent,Email,725.26,5557.15,374,9077,27
2025-05-14,Criteo,Display Retargeting,3676.27,15026.25,676,14718,44
2025-05-14,Microsoft Ads,Search,477.12,1311.98,388,7444,13
2025-05-15,Facebook Ads,Retargeting,4928.76,25035.53,375,4344,15
2025-05-15,Google Ads,Brand Search,2509.81,10098.27,311,3194,11
2025-05-15,Snapchat Ads,Prospecting,6267.57,36154.96,532,8539,25
2025-05-15,Pinterest Ads,Awareness,2953.11,15621.54,386,8332,26
2025-05-15,Tiktok Ads,Video,775.72,4358.19,229,4328,15
2025-05-15,Affiliate,Affiliation,6544.48,20809.74,293,4014,26
2025-05-15,Liveintent,Email,775.66,2369.01,576,12848,51
2025-05-15,Criteo,Display Retargeting,959.56,5032.09,351,5487,12
2025-05-15,Microsoft Ads,Search,2843.52,11237.88,377,6441,28
2025-05-16,Facebook Ads,Retargeting,3709.01,25310.23,513,3377,15
2025-05-16,Google Ads,Brand Search,11150.69,42698.89,491,14206,37
2025-05-16,Snapchat Ads,Prospecting,930.67,4538.97,370,12784,26
2025-05-16,Pinterest Ads,Awareness,7099.22,24471.36,256,5584,22
2025-05-16,Tiktok Ads,Video,6004.91,24045.03,609,9203,39
2025-05-16,Affiliate,Affiliation,253.64,1074.29,467,7465,19
2025-05-16,Liveintent,Email,1708.96,8225.49,363,7770,18
2025-05-16,Criteo,Display Retargeting,1247.79,6602.29,842,9919,17
2025-05-16,Microsoft Ads,Search,1621.84,8370.32,719,10981,27
2025-05-17,Facebook Ads,Retargeting,8433.81,43496.9,208,4496,28
2025-05-17,Google Ads,Brand Search,1896.18,8266.18,442,3991,19
2025-05-17,Snapchat Ads,Prospecting,1732.56,15943.45,492,11285,26
2025-05-17,Pinterest Ads,Awareness,9921.06,26415.86,326,16430,21
2025-05-17,Tiktok Ads,Video,716.97,4455.38,409,10484,19
2025-05-17,Affiliate,Affiliation,3342.19,17485.17,464,8139,15
2025-05-17,Liveintent,Email,1282.3,5010.6,454,8823,21
2025-05-17,Criteo,Display Retargeting,5405.18,20065.9,240,5703,16
2025-05-17,Microsoft Ads,Search,274.02,1133.66,464,5642,54
2025-05-18,Facebook Ads,Retargeting,4179.82,30588.24,445,5478,25
2025-05-18,Google Ads,Brand Search,658.75,3098.79,481,6604,40
2025-05-18,Snapchat Ads,Prospecting,987.37,3242.72,429,3413,17
2025-05-18,Pinterest Ads,Awareness,5016.09,9872.65,574,6308,42
2025-05-18,Tiktok Ads,Video,1438.75,6347.69,365,8736,17
2025-05-18,Affiliate,Affiliation,2514.87,17685.62,324,2606,7
2025-05-18,Liveintent,Email,1680.46,4996.55,281,2511,17
2025-05-18,Criteo,Display Retargeting,1512.71,14061.18,323,7937,27
2025-05-18,Microsoft Ads,Search,547.66,2999.55,283,6341,28
2025-05-19,Facebook Ads,Retargeting,299.81,2398.72,295,2869,10
2025-05-19,Google Ads,Brand Search,1413.55,7090.91,564,10931,43
2025-05-19,Snapchat Ads,Prospecting,4433.71,11775.0,625,8239,44
2025-05-19,Pinterest Ads,Awareness,863.36,4102.8,579,10628,13
2025-05-19,Tiktok Ads,Video,2435.44,15470.68,627,4244,15
2025-05-19,Affiliate,Affiliation,3679.6,11825.54,313,7914,23
2025-05-19,Liveintent,Email,484.15,1141.86,612,12407,25
2025-05-19,Criteo,Display Retargeting,4350.08,22400.39,557,9914,20
2025-05-19,Microsoft Ads,Search,13123.57,67584.63,458,8841,26
2025-05-20,Facebook Ads,Retargeting,820.62,3185.73,263,2203,15
2025-05-20,Google Ads,Brand Search,3386.49,13621.2,630,10184,28
2025-05-20,Snapchat Ads,Prospecting,3677.59,13102.56,297,5194,22
2025-05-20,Pinterest Ads,Awareness,1977.26,9268.49,370,4217,11
2025-05-20,Tiktok Ads,Video,3927.82,16237.46,237,3996,18
2025-05-20,Affiliate,Affiliation,1871.33,9234.45,371,4028,32
2025-05-20,Liveintent,Email,2584.93,8816.71,553,9757,30
2025-05-20,Criteo,Display Retargeting,29.48,112.49,431,8924,23
2025-05-20,Microsoft Ads,Search,2655.66,29759.78,509,3708,15
2025-05-21,Facebook Ads,Retargeting,2727.35,15110.98,421,7051,12
2025-05-21,Google Ads,Brand Search,122.89,363.88,219,4472,13
2025-05-21,Snapchat Ads,Prospecting,1241.44,6204.54,464,8179,15
2025-05-21,Pinterest Ads,Awareness,9598.98,49469.32,682,10888,31
2025-05-21,Tiktok Ads,Video,1427.26,5492.44,246,2496,9
2025-05-21,Affiliate,Affiliation,1802.7,4730.48,421,4239,15
2025-05-21,Liveintent,Email,6388.93,29226.87,506,12387,14
2025-05-21,Criteo,Display Retargeting,3366.3,16272.75,328,3822,24
2025-05-21,Microsoft Ads,Search,2297.67,8774.05,322,5205,18
2025-05-22,Facebook Ads,Retargeting,2873.71,15570.4,633,17634,44
2025-05-22,Google Ads,Brand Search,4225.62,19636.1,548,8701,40
2025-05-22,Snapchat Ads,Prospecting,1184.47,3254.26,386,9269,22
2025-05-22,Pinterest Ads,Awareness,1231.96,6074.08,453,6513,28
2025-05-22,Tiktok Ads,Video,1145.8,4061.49,510,6753,29
2025-05-22,Affiliate,Affiliation,7018.94,38986.28,389,7360,10
2025-05-22,Liveintent,Email,3166.05,7037.4,303,4611,25
2025-05-22,Criteo,Display Retargeting,177.57,488.55,288,3027,11
2025-05-22,Microsoft Ads,Search,3869.32,12834.56,520,11864,46
2025-05-23,Facebook Ads,Retargeting,3385.75,14413.13,266,7532,13
2025-05-23,Google Ads,Brand Search,217.98,1128.63,232,7198,22
2025-05-23,Snapchat Ads,Prospecting,3237.53,18843.04,433,7724,20
2025-05-23,Pinterest Ads,Awareness,2741.07,7452.23,608,5326,23
2025-05-23,Tiktok Ads,Video,6719.92,31225.08,348,4831,16
2025-05-23,Affiliate,Affiliation,915.21,5154.61,596,10669,32
2025-05-23,Liveintent,Email,8779.39,22716.45,299,6052,34
2025-05-23,Criteo,Display Retargeting,3595.11,11967.28,235,6428,25
2025-05-23,Microsoft Ads,Search,215.3,949.62,533,3719,28
2025-05-24,Facebook Ads,Retargeting,14232.05,44636.78,283,7572,23
2025-05-24,Google Ads,Brand Search,2415.56,6940.52,461,5877,16
2025-05-24,Snapchat Ads,Prospecting,772.27,3223.38,367,10219,38
2025-05-24,Pinterest Ads,Awareness,2085.33,7525.25,262,4265,25
2025-05-24,Tiktok Ads,Video,6052.2,30038.25,395,7095,29
2025-05-24,Affiliate,Affiliation,807.85,5571.84,301,1801,14
2025-05-24,Liveintent,Email,542.18,1695.9,348,11568,29
2025-05-24,Criteo,Display Retargeting,394.24,814.55,371,3791,10
2025-05-24,Microsoft Ads,Search,1044.92,6607.59,389,8467,22
